filename,split,label,sentence_row_idx,position,word_idx,n_syll_in_sentence
train/39537_00.png,train,ᮃ,,,,
train/39537_01.png,train,ᮃ,,,,
train/39537_02.png,train,ᮃ,,,,
train/39537_03.png,train,ᮃ,,,,
train/39537_04.png,train,ᮃ,,,,
train/39537_05.png,train,ᮃ,,,,
train/39537_06.png,train,ᮃ,,,,
train/39537_07.png,train,ᮃ,,,,
train/39537_08.png,train,ᮃ,,,,
train/39537_09.png,train,ᮃ,,,,
train/39537_10.png,train,ᮃ,,,,
train/39537_11.png,train,ᮃ,,,,
train/39537_12.png,train,ᮃ,,,,
train/39537_13.png,train,ᮃ,,,,
train/39537_14.png,train,ᮃ,,,,
train/12957_00.png,train,ᮃᮀ,,,,
train/12957_01.png,train,ᮃᮀ,,,,
train/12957_02.png,train,ᮃᮀ,,,,
train/12957_03.png,train,ᮃᮀ,,,,
train/12957_04.png,train,ᮃᮀ,,,,
train/12957_05.png,train,ᮃᮀ,,,,
train/12957_06.png,train,ᮃᮀ,,,,
train/12957_07.png,train,ᮃᮀ,,,,
train/12957_08.png,train,ᮃᮀ,,,,
train/12957_09.png,train,ᮃᮀ,,,,
train/12957_10.png,train,ᮃᮀ,,,,
train/12957_11.png,train,ᮃᮀ,,,,
train/12957_12.png,train,ᮃᮀ,,,,
train/12957_13.png,train,ᮃᮀ,,,,
train/12957_14.png,train,ᮃᮀ,,,,
train/17824_00.png,train,ᮃᮁ,,,,
train/17824_01.png,train,ᮃᮁ,,,,
train/17824_02.png,train,ᮃᮁ,,,,
train/17824_03.png,train,ᮃᮁ,,,,
train/17824_04.png,train,ᮃᮁ,,,,
train/17824_05.png,train,ᮃᮁ,,,,
train/17824_06.png,train,ᮃᮁ,,,,
train/17824_07.png,train,ᮃᮁ,,,,
train/17824_08.png,train,ᮃᮁ,,,,
train/17824_09.png,train,ᮃᮁ,,,,
train/17824_10.png,train,ᮃᮁ,,,,
train/17824_11.png,train,ᮃᮁ,,,,
train/17824_12.png,train,ᮃᮁ,,,,
train/17824_13.png,train,ᮃᮁ,,,,
train/17824_14.png,train,ᮃᮁ,,,,
train/6912_00.png,train,ᮃᮂ,,,,
train/6912_01.png,train,ᮃᮂ,,,,
train/6912_02.png,train,ᮃᮂ,,,,
train/6912_03.png,train,ᮃᮂ,,,,
train/6912_04.png,train,ᮃᮂ,,,,
train/6912_05.png,train,ᮃᮂ,,,,
train/6912_06.png,train,ᮃᮂ,,,,
train/6912_07.png,train,ᮃᮂ,,,,
train/6912_08.png,train,ᮃᮂ,,,,
train/6912_09.png,train,ᮃᮂ,,,,
train/6912_10.png,train,ᮃᮂ,,,,
train/6912_11.png,train,ᮃᮂ,,,,
train/6912_12.png,train,ᮃᮂ,,,,
train/6912_13.png,train,ᮃᮂ,,,,
train/6912_14.png,train,ᮃᮂ,,,,
train/51467_00.png,train,ᮄ,,,,
train/51467_01.png,train,ᮄ,,,,
train/51467_02.png,train,ᮄ,,,,
train/51467_03.png,train,ᮄ,,,,
train/51467_04.png,train,ᮄ,,,,
train/51467_05.png,train,ᮄ,,,,
train/51467_06.png,train,ᮄ,,,,
train/51467_07.png,train,ᮄ,,,,
train/51467_08.png,train,ᮄ,,,,
train/51467_09.png,train,ᮄ,,,,
train/51467_10.png,train,ᮄ,,,,
train/51467_11.png,train,ᮄ,,,,
train/51467_12.png,train,ᮄ,,,,
train/51467_13.png,train,ᮄ,,,,
train/51467_14.png,train,ᮄ,,,,
train/5989_00.png,train,ᮄᮀ,,,,
train/5989_01.png,train,ᮄᮀ,,,,
train/5989_02.png,train,ᮄᮀ,,,,
train/5989_03.png,train,ᮄᮀ,,,,
train/5989_04.png,train,ᮄᮀ,,,,
train/5989_05.png,train,ᮄᮀ,,,,
train/5989_06.png,train,ᮄᮀ,,,,
train/5989_07.png,train,ᮄᮀ,,,,
train/5989_08.png,train,ᮄᮀ,,,,
train/5989_09.png,train,ᮄᮀ,,,,
train/5989_10.png,train,ᮄᮀ,,,,
train/5989_11.png,train,ᮄᮀ,,,,
train/5989_12.png,train,ᮄᮀ,,,,
train/5989_13.png,train,ᮄᮀ,,,,
train/5989_14.png,train,ᮄᮀ,,,,
train/10736_00.png,train,ᮄᮂ,,,,
train/10736_01.png,train,ᮄᮂ,,,,
train/10736_02.png,train,ᮄᮂ,,,,
train/10736_03.png,train,ᮄᮂ,,,,
train/10736_04.png,train,ᮄᮂ,,,,
train/10736_05.png,train,ᮄᮂ,,,,
train/10736_06.png,train,ᮄᮂ,,,,
train/10736_07.png,train,ᮄᮂ,,,,
train/10736_08.png,train,ᮄᮂ,,,,
train/10736_09.png,train,ᮄᮂ,,,,
train/10736_10.png,train,ᮄᮂ,,,,
train/10736_11.png,train,ᮄᮂ,,,,
train/10736_12.png,train,ᮄᮂ,,,,
train/10736_13.png,train,ᮄᮂ,,,,
train/10736_14.png,train,ᮄᮂ,,,,
train/47031_00.png,train,ᮅ,,,,
train/47031_01.png,train,ᮅ,,,,
train/47031_02.png,train,ᮅ,,,,
train/47031_03.png,train,ᮅ,,,,
train/47031_04.png,train,ᮅ,,,,
train/47031_05.png,train,ᮅ,,,,
train/47031_06.png,train,ᮅ,,,,
train/47031_07.png,train,ᮅ,,,,
train/47031_08.png,train,ᮅ,,,,
train/47031_09.png,train,ᮅ,,,,
train/47031_10.png,train,ᮅ,,,,
train/47031_11.png,train,ᮅ,,,,
train/47031_12.png,train,ᮅ,,,,
train/47031_13.png,train,ᮅ,,,,
train/47031_14.png,train,ᮅ,,,,
train/99991_00.png,train,ᮅᮀ,,,,
train/99991_01.png,train,ᮅᮀ,,,,
train/99991_02.png,train,ᮅᮀ,,,,
train/99991_03.png,train,ᮅᮀ,,,,
train/99991_04.png,train,ᮅᮀ,,,,
train/99991_05.png,train,ᮅᮀ,,,,
train/99991_06.png,train,ᮅᮀ,,,,
train/99991_07.png,train,ᮅᮀ,,,,
train/99991_08.png,train,ᮅᮀ,,,,
train/99991_09.png,train,ᮅᮀ,,,,
train/99991_10.png,train,ᮅᮀ,,,,
train/99991_11.png,train,ᮅᮀ,,,,
train/99991_12.png,train,ᮅᮀ,,,,
train/99991_13.png,train,ᮅᮀ,,,,
train/99991_14.png,train,ᮅᮀ,,,,
train/34639_00.png,train,ᮅᮁ,,,,
train/34639_01.png,train,ᮅᮁ,,,,
train/34639_02.png,train,ᮅᮁ,,,,
train/34639_03.png,train,ᮅᮁ,,,,
train/34639_04.png,train,ᮅᮁ,,,,
train/34639_05.png,train,ᮅᮁ,,,,
train/34639_06.png,train,ᮅᮁ,,,,
train/34639_07.png,train,ᮅᮁ,,,,
train/34639_08.png,train,ᮅᮁ,,,,
train/34639_09.png,train,ᮅᮁ,,,,
train/34639_10.png,train,ᮅᮁ,,,,
train/34639_11.png,train,ᮅᮁ,,,,
train/34639_12.png,train,ᮅᮁ,,,,
train/34639_13.png,train,ᮅᮁ,,,,
train/34639_14.png,train,ᮅᮁ,,,,
train/18302_00.png,train,ᮆ,,,,
train/18302_01.png,train,ᮆ,,,,
train/18302_02.png,train,ᮆ,,,,
train/18302_03.png,train,ᮆ,,,,
train/18302_04.png,train,ᮆ,,,,
train/18302_05.png,train,ᮆ,,,,
train/18302_06.png,train,ᮆ,,,,
train/18302_07.png,train,ᮆ,,,,
train/18302_08.png,train,ᮆ,,,,
train/18302_09.png,train,ᮆ,,,,
train/18302_10.png,train,ᮆ,,,,
train/18302_11.png,train,ᮆ,,,,
train/18302_12.png,train,ᮆ,,,,
train/18302_13.png,train,ᮆ,,,,
train/18302_14.png,train,ᮆ,,,,
train/44770_00.png,train,ᮆᮀ,,,,
train/44770_01.png,train,ᮆᮀ,,,,
train/44770_02.png,train,ᮆᮀ,,,,
train/44770_03.png,train,ᮆᮀ,,,,
train/44770_04.png,train,ᮆᮀ,,,,
train/44770_05.png,train,ᮆᮀ,,,,
train/44770_06.png,train,ᮆᮀ,,,,
train/44770_07.png,train,ᮆᮀ,,,,
train/44770_08.png,train,ᮆᮀ,,,,
train/44770_09.png,train,ᮆᮀ,,,,
train/44770_10.png,train,ᮆᮀ,,,,
train/44770_11.png,train,ᮆᮀ,,,,
train/44770_12.png,train,ᮆᮀ,,,,
train/44770_13.png,train,ᮆᮀ,,,,
train/44770_14.png,train,ᮆᮀ,,,,
train/51360_00.png,train,ᮆᮁ,,,,
train/51360_01.png,train,ᮆᮁ,,,,
train/51360_02.png,train,ᮆᮁ,,,,
train/51360_03.png,train,ᮆᮁ,,,,
train/51360_04.png,train,ᮆᮁ,,,,
train/51360_05.png,train,ᮆᮁ,,,,
train/51360_06.png,train,ᮆᮁ,,,,
train/51360_07.png,train,ᮆᮁ,,,,
train/51360_08.png,train,ᮆᮁ,,,,
train/51360_09.png,train,ᮆᮁ,,,,
train/51360_10.png,train,ᮆᮁ,,,,
train/51360_11.png,train,ᮆᮁ,,,,
train/51360_12.png,train,ᮆᮁ,,,,
train/51360_13.png,train,ᮆᮁ,,,,
train/51360_14.png,train,ᮆᮁ,,,,
train/98259_00.png,train,ᮆᮂ,,,,
train/98259_01.png,train,ᮆᮂ,,,,
train/98259_02.png,train,ᮆᮂ,,,,
train/98259_03.png,train,ᮆᮂ,,,,
train/98259_04.png,train,ᮆᮂ,,,,
train/98259_05.png,train,ᮆᮂ,,,,
train/98259_06.png,train,ᮆᮂ,,,,
train/98259_07.png,train,ᮆᮂ,,,,
train/98259_08.png,train,ᮆᮂ,,,,
train/98259_09.png,train,ᮆᮂ,,,,
train/98259_10.png,train,ᮆᮂ,,,,
train/98259_11.png,train,ᮆᮂ,,,,
train/98259_12.png,train,ᮆᮂ,,,,
train/98259_13.png,train,ᮆᮂ,,,,
train/98259_14.png,train,ᮆᮂ,,,,
train/95463_00.png,train,ᮇ,,,,
train/95463_01.png,train,ᮇ,,,,
train/95463_02.png,train,ᮇ,,,,
train/95463_03.png,train,ᮇ,,,,
train/95463_04.png,train,ᮇ,,,,
train/95463_05.png,train,ᮇ,,,,
train/95463_06.png,train,ᮇ,,,,
train/95463_07.png,train,ᮇ,,,,
train/95463_08.png,train,ᮇ,,,,
train/95463_09.png,train,ᮇ,,,,
train/95463_10.png,train,ᮇ,,,,
train/95463_11.png,train,ᮇ,,,,
train/95463_12.png,train,ᮇ,,,,
train/95463_13.png,train,ᮇ,,,,
train/95463_14.png,train,ᮇ,,,,
train/71037_00.png,train,ᮇᮂ,,,,
train/71037_01.png,train,ᮇᮂ,,,,
train/71037_02.png,train,ᮇᮂ,,,,
train/71037_03.png,train,ᮇᮂ,,,,
train/71037_04.png,train,ᮇᮂ,,,,
train/71037_05.png,train,ᮇᮂ,,,,
train/71037_06.png,train,ᮇᮂ,,,,
train/71037_07.png,train,ᮇᮂ,,,,
train/71037_08.png,train,ᮇᮂ,,,,
train/71037_09.png,train,ᮇᮂ,,,,
train/71037_10.png,train,ᮇᮂ,,,,
train/71037_11.png,train,ᮇᮂ,,,,
train/71037_12.png,train,ᮇᮂ,,,,
train/71037_13.png,train,ᮇᮂ,,,,
train/71037_14.png,train,ᮇᮂ,,,,
train/5481_00.png,train,ᮈ,,,,
train/5481_01.png,train,ᮈ,,,,
train/5481_02.png,train,ᮈ,,,,
train/5481_03.png,train,ᮈ,,,,
train/5481_04.png,train,ᮈ,,,,
train/5481_05.png,train,ᮈ,,,,
train/5481_06.png,train,ᮈ,,,,
train/5481_07.png,train,ᮈ,,,,
train/5481_08.png,train,ᮈ,,,,
train/5481_09.png,train,ᮈ,,,,
train/5481_10.png,train,ᮈ,,,,
train/5481_11.png,train,ᮈ,,,,
train/5481_12.png,train,ᮈ,,,,
train/5481_13.png,train,ᮈ,,,,
train/5481_14.png,train,ᮈ,,,,
train/47600_00.png,train,ᮈᮀ,,,,
train/47600_01.png,train,ᮈᮀ,,,,
train/47600_02.png,train,ᮈᮀ,,,,
train/47600_03.png,train,ᮈᮀ,,,,
train/47600_04.png,train,ᮈᮀ,,,,
train/47600_05.png,train,ᮈᮀ,,,,
train/47600_06.png,train,ᮈᮀ,,,,
train/47600_07.png,train,ᮈᮀ,,,,
train/47600_08.png,train,ᮈᮀ,,,,
train/47600_09.png,train,ᮈᮀ,,,,
train/47600_10.png,train,ᮈᮀ,,,,
train/47600_11.png,train,ᮈᮀ,,,,
train/47600_12.png,train,ᮈᮀ,,,,
train/47600_13.png,train,ᮈᮀ,,,,
train/47600_14.png,train,ᮈᮀ,,,,
train/99832_00.png,train,ᮉ,,,,
train/99832_01.png,train,ᮉ,,,,
train/99832_02.png,train,ᮉ,,,,
train/99832_03.png,train,ᮉ,,,,
train/99832_04.png,train,ᮉ,,,,
train/99832_05.png,train,ᮉ,,,,
train/99832_06.png,train,ᮉ,,,,
train/99832_07.png,train,ᮉ,,,,
train/99832_08.png,train,ᮉ,,,,
train/99832_09.png,train,ᮉ,,,,
train/99832_10.png,train,ᮉ,,,,
train/99832_11.png,train,ᮉ,,,,
train/99832_12.png,train,ᮉ,,,,
train/99832_13.png,train,ᮉ,,,,
train/99832_14.png,train,ᮉ,,,,
train/36534_00.png,train,ᮉᮀ,,,,
train/36534_01.png,train,ᮉᮀ,,,,
train/36534_02.png,train,ᮉᮀ,,,,
train/36534_03.png,train,ᮉᮀ,,,,
train/36534_04.png,train,ᮉᮀ,,,,
train/36534_05.png,train,ᮉᮀ,,,,
train/36534_06.png,train,ᮉᮀ,,,,
train/36534_07.png,train,ᮉᮀ,,,,
train/36534_08.png,train,ᮉᮀ,,,,
train/36534_09.png,train,ᮉᮀ,,,,
train/36534_10.png,train,ᮉᮀ,,,,
train/36534_11.png,train,ᮉᮀ,,,,
train/36534_12.png,train,ᮉᮀ,,,,
train/36534_13.png,train,ᮉᮀ,,,,
train/36534_14.png,train,ᮉᮀ,,,,
train/81618_00.png,train,ᮉᮂ,,,,
train/81618_01.png,train,ᮉᮂ,,,,
train/81618_02.png,train,ᮉᮂ,,,,
train/81618_03.png,train,ᮉᮂ,,,,
train/81618_04.png,train,ᮉᮂ,,,,
train/81618_05.png,train,ᮉᮂ,,,,
train/81618_06.png,train,ᮉᮂ,,,,
train/81618_07.png,train,ᮉᮂ,,,,
train/81618_08.png,train,ᮉᮂ,,,,
train/81618_09.png,train,ᮉᮂ,,,,
train/81618_10.png,train,ᮉᮂ,,,,
train/81618_11.png,train,ᮉᮂ,,,,
train/81618_12.png,train,ᮉᮂ,,,,
train/81618_13.png,train,ᮉᮂ,,,,
train/81618_14.png,train,ᮉᮂ,,,,
train/99571_00.png,train,ᮊ,,,,
train/99571_01.png,train,ᮊ,,,,
train/99571_02.png,train,ᮊ,,,,
train/99571_03.png,train,ᮊ,,,,
train/99571_04.png,train,ᮊ,,,,
train/99571_05.png,train,ᮊ,,,,
train/99571_06.png,train,ᮊ,,,,
train/99571_07.png,train,ᮊ,,,,
train/99571_08.png,train,ᮊ,,,,
train/99571_09.png,train,ᮊ,,,,
train/99571_10.png,train,ᮊ,,,,
train/99571_11.png,train,ᮊ,,,,
train/99571_12.png,train,ᮊ,,,,
train/99571_13.png,train,ᮊ,,,,
train/99571_14.png,train,ᮊ,,,,
train/24190_00.png,train,ᮊᮀ,,,,
train/24190_01.png,train,ᮊᮀ,,,,
train/24190_02.png,train,ᮊᮀ,,,,
train/24190_03.png,train,ᮊᮀ,,,,
train/24190_04.png,train,ᮊᮀ,,,,
train/24190_05.png,train,ᮊᮀ,,,,
train/24190_06.png,train,ᮊᮀ,,,,
train/24190_07.png,train,ᮊᮀ,,,,
train/24190_08.png,train,ᮊᮀ,,,,
train/24190_09.png,train,ᮊᮀ,,,,
train/24190_10.png,train,ᮊᮀ,,,,
train/24190_11.png,train,ᮊᮀ,,,,
train/24190_12.png,train,ᮊᮀ,,,,
train/24190_13.png,train,ᮊᮀ,,,,
train/24190_14.png,train,ᮊᮀ,,,,
train/47465_00.png,train,ᮊᮁ,,,,
train/47465_01.png,train,ᮊᮁ,,,,
train/47465_02.png,train,ᮊᮁ,,,,
train/47465_03.png,train,ᮊᮁ,,,,
train/47465_04.png,train,ᮊᮁ,,,,
train/47465_05.png,train,ᮊᮁ,,,,
train/47465_06.png,train,ᮊᮁ,,,,
train/47465_07.png,train,ᮊᮁ,,,,
train/47465_08.png,train,ᮊᮁ,,,,
train/47465_09.png,train,ᮊᮁ,,,,
train/47465_10.png,train,ᮊᮁ,,,,
train/47465_11.png,train,ᮊᮁ,,,,
train/47465_12.png,train,ᮊᮁ,,,,
train/47465_13.png,train,ᮊᮁ,,,,
train/47465_14.png,train,ᮊᮁ,,,,
train/71993_00.png,train,ᮊᮂ,,,,
train/71993_01.png,train,ᮊᮂ,,,,
train/71993_02.png,train,ᮊᮂ,,,,
train/71993_03.png,train,ᮊᮂ,,,,
train/71993_04.png,train,ᮊᮂ,,,,
train/71993_05.png,train,ᮊᮂ,,,,
train/71993_06.png,train,ᮊᮂ,,,,
train/71993_07.png,train,ᮊᮂ,,,,
train/71993_08.png,train,ᮊᮂ,,,,
train/71993_09.png,train,ᮊᮂ,,,,
train/71993_10.png,train,ᮊᮂ,,,,
train/71993_11.png,train,ᮊᮂ,,,,
train/71993_12.png,train,ᮊᮂ,,,,
train/71993_13.png,train,ᮊᮂ,,,,
train/71993_14.png,train,ᮊᮂ,,,,
train/34684_00.png,train,ᮊᮣᮥ,,,,
train/34684_01.png,train,ᮊᮣᮥ,,,,
train/34684_02.png,train,ᮊᮣᮥ,,,,
train/34684_03.png,train,ᮊᮣᮥ,,,,
train/34684_04.png,train,ᮊᮣᮥ,,,,
train/34684_05.png,train,ᮊᮣᮥ,,,,
train/34684_06.png,train,ᮊᮣᮥ,,,,
train/34684_07.png,train,ᮊᮣᮥ,,,,
train/34684_08.png,train,ᮊᮣᮥ,,,,
train/34684_09.png,train,ᮊᮣᮥ,,,,
train/34684_10.png,train,ᮊᮣᮥ,,,,
train/34684_11.png,train,ᮊᮣᮥ,,,,
train/34684_12.png,train,ᮊᮣᮥ,,,,
train/34684_13.png,train,ᮊᮣᮥ,,,,
train/34684_14.png,train,ᮊᮣᮥ,,,,
train/57014_00.png,train,ᮊᮤ,,,,
train/57014_01.png,train,ᮊᮤ,,,,
train/57014_02.png,train,ᮊᮤ,,,,
train/57014_03.png,train,ᮊᮤ,,,,
train/57014_04.png,train,ᮊᮤ,,,,
train/57014_05.png,train,ᮊᮤ,,,,
train/57014_06.png,train,ᮊᮤ,,,,
train/57014_07.png,train,ᮊᮤ,,,,
train/57014_08.png,train,ᮊᮤ,,,,
train/57014_09.png,train,ᮊᮤ,,,,
train/57014_10.png,train,ᮊᮤ,,,,
train/57014_11.png,train,ᮊᮤ,,,,
train/57014_12.png,train,ᮊᮤ,,,,
train/57014_13.png,train,ᮊᮤ,,,,
train/57014_14.png,train,ᮊᮤ,,,,
train/13379_00.png,train,ᮊᮤᮀ,,,,
train/13379_01.png,train,ᮊᮤᮀ,,,,
train/13379_02.png,train,ᮊᮤᮀ,,,,
train/13379_03.png,train,ᮊᮤᮀ,,,,
train/13379_04.png,train,ᮊᮤᮀ,,,,
train/13379_05.png,train,ᮊᮤᮀ,,,,
train/13379_06.png,train,ᮊᮤᮀ,,,,
train/13379_07.png,train,ᮊᮤᮀ,,,,
train/13379_08.png,train,ᮊᮤᮀ,,,,
train/13379_09.png,train,ᮊᮤᮀ,,,,
train/13379_10.png,train,ᮊᮤᮀ,,,,
train/13379_11.png,train,ᮊᮤᮀ,,,,
train/13379_12.png,train,ᮊᮤᮀ,,,,
train/13379_13.png,train,ᮊᮤᮀ,,,,
train/13379_14.png,train,ᮊᮤᮀ,,,,
train/44461_00.png,train,ᮊᮤᮁ,,,,
train/44461_01.png,train,ᮊᮤᮁ,,,,
train/44461_02.png,train,ᮊᮤᮁ,,,,
train/44461_03.png,train,ᮊᮤᮁ,,,,
train/44461_04.png,train,ᮊᮤᮁ,,,,
train/44461_05.png,train,ᮊᮤᮁ,,,,
train/44461_06.png,train,ᮊᮤᮁ,,,,
train/44461_07.png,train,ᮊᮤᮁ,,,,
train/44461_08.png,train,ᮊᮤᮁ,,,,
train/44461_09.png,train,ᮊᮤᮁ,,,,
train/44461_10.png,train,ᮊᮤᮁ,,,,
train/44461_11.png,train,ᮊᮤᮁ,,,,
train/44461_12.png,train,ᮊᮤᮁ,,,,
train/44461_13.png,train,ᮊᮤᮁ,,,,
train/44461_14.png,train,ᮊᮤᮁ,,,,
train/87375_00.png,train,ᮊᮥ,,,,
train/87375_01.png,train,ᮊᮥ,,,,
train/87375_02.png,train,ᮊᮥ,,,,
train/87375_03.png,train,ᮊᮥ,,,,
train/87375_04.png,train,ᮊᮥ,,,,
train/87375_05.png,train,ᮊᮥ,,,,
train/87375_06.png,train,ᮊᮥ,,,,
train/87375_07.png,train,ᮊᮥ,,,,
train/87375_08.png,train,ᮊᮥ,,,,
train/87375_09.png,train,ᮊᮥ,,,,
train/87375_10.png,train,ᮊᮥ,,,,
train/87375_11.png,train,ᮊᮥ,,,,
train/87375_12.png,train,ᮊᮥ,,,,
train/87375_13.png,train,ᮊᮥ,,,,
train/87375_14.png,train,ᮊᮥ,,,,
train/74165_00.png,train,ᮊᮥᮀ,,,,
train/74165_01.png,train,ᮊᮥᮀ,,,,
train/74165_02.png,train,ᮊᮥᮀ,,,,
train/74165_03.png,train,ᮊᮥᮀ,,,,
train/74165_04.png,train,ᮊᮥᮀ,,,,
train/74165_05.png,train,ᮊᮥᮀ,,,,
train/74165_06.png,train,ᮊᮥᮀ,,,,
train/74165_07.png,train,ᮊᮥᮀ,,,,
train/74165_08.png,train,ᮊᮥᮀ,,,,
train/74165_09.png,train,ᮊᮥᮀ,,,,
train/74165_10.png,train,ᮊᮥᮀ,,,,
train/74165_11.png,train,ᮊᮥᮀ,,,,
train/74165_12.png,train,ᮊᮥᮀ,,,,
train/74165_13.png,train,ᮊᮥᮀ,,,,
train/74165_14.png,train,ᮊᮥᮀ,,,,
train/47064_00.png,train,ᮊᮥᮁ,,,,
train/47064_01.png,train,ᮊᮥᮁ,,,,
train/47064_02.png,train,ᮊᮥᮁ,,,,
train/47064_03.png,train,ᮊᮥᮁ,,,,
train/47064_04.png,train,ᮊᮥᮁ,,,,
train/47064_05.png,train,ᮊᮥᮁ,,,,
train/47064_06.png,train,ᮊᮥᮁ,,,,
train/47064_07.png,train,ᮊᮥᮁ,,,,
train/47064_08.png,train,ᮊᮥᮁ,,,,
train/47064_09.png,train,ᮊᮥᮁ,,,,
train/47064_10.png,train,ᮊᮥᮁ,,,,
train/47064_11.png,train,ᮊᮥᮁ,,,,
train/47064_12.png,train,ᮊᮥᮁ,,,,
train/47064_13.png,train,ᮊᮥᮁ,,,,
train/47064_14.png,train,ᮊᮥᮁ,,,,
train/35521_00.png,train,ᮊᮦ,,,,
train/35521_01.png,train,ᮊᮦ,,,,
train/35521_02.png,train,ᮊᮦ,,,,
train/35521_03.png,train,ᮊᮦ,,,,
train/35521_04.png,train,ᮊᮦ,,,,
train/35521_05.png,train,ᮊᮦ,,,,
train/35521_06.png,train,ᮊᮦ,,,,
train/35521_07.png,train,ᮊᮦ,,,,
train/35521_08.png,train,ᮊᮦ,,,,
train/35521_09.png,train,ᮊᮦ,,,,
train/35521_10.png,train,ᮊᮦ,,,,
train/35521_11.png,train,ᮊᮦ,,,,
train/35521_12.png,train,ᮊᮦ,,,,
train/35521_13.png,train,ᮊᮦ,,,,
train/35521_14.png,train,ᮊᮦ,,,,
train/88926_00.png,train,ᮊᮦᮀ,,,,
train/88926_01.png,train,ᮊᮦᮀ,,,,
train/88926_02.png,train,ᮊᮦᮀ,,,,
train/88926_03.png,train,ᮊᮦᮀ,,,,
train/88926_04.png,train,ᮊᮦᮀ,,,,
train/88926_05.png,train,ᮊᮦᮀ,,,,
train/88926_06.png,train,ᮊᮦᮀ,,,,
train/88926_07.png,train,ᮊᮦᮀ,,,,
train/88926_08.png,train,ᮊᮦᮀ,,,,
train/88926_09.png,train,ᮊᮦᮀ,,,,
train/88926_10.png,train,ᮊᮦᮀ,,,,
train/88926_11.png,train,ᮊᮦᮀ,,,,
train/88926_12.png,train,ᮊᮦᮀ,,,,
train/88926_13.png,train,ᮊᮦᮀ,,,,
train/88926_14.png,train,ᮊᮦᮀ,,,,
train/76537_00.png,train,ᮊᮧ,,,,
train/76537_01.png,train,ᮊᮧ,,,,
train/76537_02.png,train,ᮊᮧ,,,,
train/76537_03.png,train,ᮊᮧ,,,,
train/76537_04.png,train,ᮊᮧ,,,,
train/76537_05.png,train,ᮊᮧ,,,,
train/76537_06.png,train,ᮊᮧ,,,,
train/76537_07.png,train,ᮊᮧ,,,,
train/76537_08.png,train,ᮊᮧ,,,,
train/76537_09.png,train,ᮊᮧ,,,,
train/76537_10.png,train,ᮊᮧ,,,,
train/76537_11.png,train,ᮊᮧ,,,,
train/76537_12.png,train,ᮊᮧ,,,,
train/76537_13.png,train,ᮊᮧ,,,,
train/76537_14.png,train,ᮊᮧ,,,,
train/74547_00.png,train,ᮊᮧᮀ,,,,
train/74547_01.png,train,ᮊᮧᮀ,,,,
train/74547_02.png,train,ᮊᮧᮀ,,,,
train/74547_03.png,train,ᮊᮧᮀ,,,,
train/74547_04.png,train,ᮊᮧᮀ,,,,
train/74547_05.png,train,ᮊᮧᮀ,,,,
train/74547_06.png,train,ᮊᮧᮀ,,,,
train/74547_07.png,train,ᮊᮧᮀ,,,,
train/74547_08.png,train,ᮊᮧᮀ,,,,
train/74547_09.png,train,ᮊᮧᮀ,,,,
train/74547_10.png,train,ᮊᮧᮀ,,,,
train/74547_11.png,train,ᮊᮧᮀ,,,,
train/74547_12.png,train,ᮊᮧᮀ,,,,
train/74547_13.png,train,ᮊᮧᮀ,,,,
train/74547_14.png,train,ᮊᮧᮀ,,,,
train/67079_00.png,train,ᮊᮨ,,,,
train/67079_01.png,train,ᮊᮨ,,,,
train/67079_02.png,train,ᮊᮨ,,,,
train/67079_03.png,train,ᮊᮨ,,,,
train/67079_04.png,train,ᮊᮨ,,,,
train/67079_05.png,train,ᮊᮨ,,,,
train/67079_06.png,train,ᮊᮨ,,,,
train/67079_07.png,train,ᮊᮨ,,,,
train/67079_08.png,train,ᮊᮨ,,,,
train/67079_09.png,train,ᮊᮨ,,,,
train/67079_10.png,train,ᮊᮨ,,,,
train/67079_11.png,train,ᮊᮨ,,,,
train/67079_12.png,train,ᮊᮨ,,,,
train/67079_13.png,train,ᮊᮨ,,,,
train/67079_14.png,train,ᮊᮨ,,,,
train/22610_00.png,train,ᮊᮨᮁ,,,,
train/22610_01.png,train,ᮊᮨᮁ,,,,
train/22610_02.png,train,ᮊᮨᮁ,,,,
train/22610_03.png,train,ᮊᮨᮁ,,,,
train/22610_04.png,train,ᮊᮨᮁ,,,,
train/22610_05.png,train,ᮊᮨᮁ,,,,
train/22610_06.png,train,ᮊᮨᮁ,,,,
train/22610_07.png,train,ᮊᮨᮁ,,,,
train/22610_08.png,train,ᮊᮨᮁ,,,,
train/22610_09.png,train,ᮊᮨᮁ,,,,
train/22610_10.png,train,ᮊᮨᮁ,,,,
train/22610_11.png,train,ᮊᮨᮁ,,,,
train/22610_12.png,train,ᮊᮨᮁ,,,,
train/22610_13.png,train,ᮊᮨᮁ,,,,
train/22610_14.png,train,ᮊᮨᮁ,,,,
train/73974_00.png,train,ᮊᮩ,,,,
train/73974_01.png,train,ᮊᮩ,,,,
train/73974_02.png,train,ᮊᮩ,,,,
train/73974_03.png,train,ᮊᮩ,,,,
train/73974_04.png,train,ᮊᮩ,,,,
train/73974_05.png,train,ᮊᮩ,,,,
train/73974_06.png,train,ᮊᮩ,,,,
train/73974_07.png,train,ᮊᮩ,,,,
train/73974_08.png,train,ᮊᮩ,,,,
train/73974_09.png,train,ᮊᮩ,,,,
train/73974_10.png,train,ᮊᮩ,,,,
train/73974_11.png,train,ᮊᮩ,,,,
train/73974_12.png,train,ᮊᮩ,,,,
train/73974_13.png,train,ᮊᮩ,,,,
train/73974_14.png,train,ᮊᮩ,,,,
train/71423_00.png,train,ᮊᮩᮁ,,,,
train/71423_01.png,train,ᮊᮩᮁ,,,,
train/71423_02.png,train,ᮊᮩᮁ,,,,
train/71423_03.png,train,ᮊᮩᮁ,,,,
train/71423_04.png,train,ᮊᮩᮁ,,,,
train/71423_05.png,train,ᮊᮩᮁ,,,,
train/71423_06.png,train,ᮊᮩᮁ,,,,
train/71423_07.png,train,ᮊᮩᮁ,,,,
train/71423_08.png,train,ᮊᮩᮁ,,,,
train/71423_09.png,train,ᮊᮩᮁ,,,,
train/71423_10.png,train,ᮊᮩᮁ,,,,
train/71423_11.png,train,ᮊᮩᮁ,,,,
train/71423_12.png,train,ᮊᮩᮁ,,,,
train/71423_13.png,train,ᮊᮩᮁ,,,,
train/71423_14.png,train,ᮊᮩᮁ,,,,
train/34349_00.png,train,ᮊᮩᮂ,,,,
train/34349_01.png,train,ᮊᮩᮂ,,,,
train/34349_02.png,train,ᮊᮩᮂ,,,,
train/34349_03.png,train,ᮊᮩᮂ,,,,
train/34349_04.png,train,ᮊᮩᮂ,,,,
train/34349_05.png,train,ᮊᮩᮂ,,,,
train/34349_06.png,train,ᮊᮩᮂ,,,,
train/34349_07.png,train,ᮊᮩᮂ,,,,
train/34349_08.png,train,ᮊᮩᮂ,,,,
train/34349_09.png,train,ᮊᮩᮂ,,,,
train/34349_10.png,train,ᮊᮩᮂ,,,,
train/34349_11.png,train,ᮊᮩᮂ,,,,
train/34349_12.png,train,ᮊᮩᮂ,,,,
train/34349_13.png,train,ᮊᮩᮂ,,,,
train/34349_14.png,train,ᮊᮩᮂ,,,,
train/86711_00.png,train,ᮊ᮪,,,,
train/86711_01.png,train,ᮊ᮪,,,,
train/86711_02.png,train,ᮊ᮪,,,,
train/86711_03.png,train,ᮊ᮪,,,,
train/86711_04.png,train,ᮊ᮪,,,,
train/86711_05.png,train,ᮊ᮪,,,,
train/86711_06.png,train,ᮊ᮪,,,,
train/86711_07.png,train,ᮊ᮪,,,,
train/86711_08.png,train,ᮊ᮪,,,,
train/86711_09.png,train,ᮊ᮪,,,,
train/86711_10.png,train,ᮊ᮪,,,,
train/86711_11.png,train,ᮊ᮪,,,,
train/86711_12.png,train,ᮊ᮪,,,,
train/86711_13.png,train,ᮊ᮪,,,,
train/86711_14.png,train,ᮊ᮪,,,,
train/43645_00.png,train,ᮋ,,,,
train/43645_01.png,train,ᮋ,,,,
train/43645_02.png,train,ᮋ,,,,
train/43645_03.png,train,ᮋ,,,,
train/43645_04.png,train,ᮋ,,,,
train/43645_05.png,train,ᮋ,,,,
train/43645_06.png,train,ᮋ,,,,
train/43645_07.png,train,ᮋ,,,,
train/43645_08.png,train,ᮋ,,,,
train/43645_09.png,train,ᮋ,,,,
train/43645_10.png,train,ᮋ,,,,
train/43645_11.png,train,ᮋ,,,,
train/43645_12.png,train,ᮋ,,,,
train/43645_13.png,train,ᮋ,,,,
train/43645_14.png,train,ᮋ,,,,
train/9063_00.png,train,ᮋᮧ,,,,
train/9063_01.png,train,ᮋᮧ,,,,
train/9063_02.png,train,ᮋᮧ,,,,
train/9063_03.png,train,ᮋᮧ,,,,
train/9063_04.png,train,ᮋᮧ,,,,
train/9063_05.png,train,ᮋᮧ,,,,
train/9063_06.png,train,ᮋᮧ,,,,
train/9063_07.png,train,ᮋᮧ,,,,
train/9063_08.png,train,ᮋᮧ,,,,
train/9063_09.png,train,ᮋᮧ,,,,
train/9063_10.png,train,ᮋᮧ,,,,
train/9063_11.png,train,ᮋᮧ,,,,
train/9063_12.png,train,ᮋᮧ,,,,
train/9063_13.png,train,ᮋᮧ,,,,
train/9063_14.png,train,ᮋᮧ,,,,
train/65566_00.png,train,ᮌ,,,,
train/65566_01.png,train,ᮌ,,,,
train/65566_02.png,train,ᮌ,,,,
train/65566_03.png,train,ᮌ,,,,
train/65566_04.png,train,ᮌ,,,,
train/65566_05.png,train,ᮌ,,,,
train/65566_06.png,train,ᮌ,,,,
train/65566_07.png,train,ᮌ,,,,
train/65566_08.png,train,ᮌ,,,,
train/65566_09.png,train,ᮌ,,,,
train/65566_10.png,train,ᮌ,,,,
train/65566_11.png,train,ᮌ,,,,
train/65566_12.png,train,ᮌ,,,,
train/65566_13.png,train,ᮌ,,,,
train/65566_14.png,train,ᮌ,,,,
train/5623_00.png,train,ᮌᮀ,,,,
train/5623_01.png,train,ᮌᮀ,,,,
train/5623_02.png,train,ᮌᮀ,,,,
train/5623_03.png,train,ᮌᮀ,,,,
train/5623_04.png,train,ᮌᮀ,,,,
train/5623_05.png,train,ᮌᮀ,,,,
train/5623_06.png,train,ᮌᮀ,,,,
train/5623_07.png,train,ᮌᮀ,,,,
train/5623_08.png,train,ᮌᮀ,,,,
train/5623_09.png,train,ᮌᮀ,,,,
train/5623_10.png,train,ᮌᮀ,,,,
train/5623_11.png,train,ᮌᮀ,,,,
train/5623_12.png,train,ᮌᮀ,,,,
train/5623_13.png,train,ᮌᮀ,,,,
train/5623_14.png,train,ᮌᮀ,,,,
train/48976_00.png,train,ᮌᮢᮦᮀ,,,,
train/48976_01.png,train,ᮌᮢᮦᮀ,,,,
train/48976_02.png,train,ᮌᮢᮦᮀ,,,,
train/48976_03.png,train,ᮌᮢᮦᮀ,,,,
train/48976_04.png,train,ᮌᮢᮦᮀ,,,,
train/48976_05.png,train,ᮌᮢᮦᮀ,,,,
train/48976_06.png,train,ᮌᮢᮦᮀ,,,,
train/48976_07.png,train,ᮌᮢᮦᮀ,,,,
train/48976_08.png,train,ᮌᮢᮦᮀ,,,,
train/48976_09.png,train,ᮌᮢᮦᮀ,,,,
train/48976_10.png,train,ᮌᮢᮦᮀ,,,,
train/48976_11.png,train,ᮌᮢᮦᮀ,,,,
train/48976_12.png,train,ᮌᮢᮦᮀ,,,,
train/48976_13.png,train,ᮌᮢᮦᮀ,,,,
train/48976_14.png,train,ᮌᮢᮦᮀ,,,,
train/39286_00.png,train,ᮌᮣ,,,,
train/39286_01.png,train,ᮌᮣ,,,,
train/39286_02.png,train,ᮌᮣ,,,,
train/39286_03.png,train,ᮌᮣ,,,,
train/39286_04.png,train,ᮌᮣ,,,,
train/39286_05.png,train,ᮌᮣ,,,,
train/39286_06.png,train,ᮌᮣ,,,,
train/39286_07.png,train,ᮌᮣ,,,,
train/39286_08.png,train,ᮌᮣ,,,,
train/39286_09.png,train,ᮌᮣ,,,,
train/39286_10.png,train,ᮌᮣ,,,,
train/39286_11.png,train,ᮌᮣ,,,,
train/39286_12.png,train,ᮌᮣ,,,,
train/39286_13.png,train,ᮌᮣ,,,,
train/39286_14.png,train,ᮌᮣ,,,,
train/20845_00.png,train,ᮌᮤ,,,,
train/20845_01.png,train,ᮌᮤ,,,,
train/20845_02.png,train,ᮌᮤ,,,,
train/20845_03.png,train,ᮌᮤ,,,,
train/20845_04.png,train,ᮌᮤ,,,,
train/20845_05.png,train,ᮌᮤ,,,,
train/20845_06.png,train,ᮌᮤ,,,,
train/20845_07.png,train,ᮌᮤ,,,,
train/20845_08.png,train,ᮌᮤ,,,,
train/20845_09.png,train,ᮌᮤ,,,,
train/20845_10.png,train,ᮌᮤ,,,,
train/20845_11.png,train,ᮌᮤ,,,,
train/20845_12.png,train,ᮌᮤ,,,,
train/20845_13.png,train,ᮌᮤ,,,,
train/20845_14.png,train,ᮌᮤ,,,,
train/127_00.png,train,ᮌᮤᮁ,,,,
train/127_01.png,train,ᮌᮤᮁ,,,,
train/127_02.png,train,ᮌᮤᮁ,,,,
train/127_03.png,train,ᮌᮤᮁ,,,,
train/127_04.png,train,ᮌᮤᮁ,,,,
train/127_05.png,train,ᮌᮤᮁ,,,,
train/127_06.png,train,ᮌᮤᮁ,,,,
train/127_07.png,train,ᮌᮤᮁ,,,,
train/127_08.png,train,ᮌᮤᮁ,,,,
train/127_09.png,train,ᮌᮤᮁ,,,,
train/127_10.png,train,ᮌᮤᮁ,,,,
train/127_11.png,train,ᮌᮤᮁ,,,,
train/127_12.png,train,ᮌᮤᮁ,,,,
train/127_13.png,train,ᮌᮤᮁ,,,,
train/127_14.png,train,ᮌᮤᮁ,,,,
train/16280_00.png,train,ᮌᮤᮂ,,,,
train/16280_01.png,train,ᮌᮤᮂ,,,,
train/16280_02.png,train,ᮌᮤᮂ,,,,
train/16280_03.png,train,ᮌᮤᮂ,,,,
train/16280_04.png,train,ᮌᮤᮂ,,,,
train/16280_05.png,train,ᮌᮤᮂ,,,,
train/16280_06.png,train,ᮌᮤᮂ,,,,
train/16280_07.png,train,ᮌᮤᮂ,,,,
train/16280_08.png,train,ᮌᮤᮂ,,,,
train/16280_09.png,train,ᮌᮤᮂ,,,,
train/16280_10.png,train,ᮌᮤᮂ,,,,
train/16280_11.png,train,ᮌᮤᮂ,,,,
train/16280_12.png,train,ᮌᮤᮂ,,,,
train/16280_13.png,train,ᮌᮤᮂ,,,,
train/16280_14.png,train,ᮌᮤᮂ,,,,
train/60079_00.png,train,ᮌᮥ,,,,
train/60079_01.png,train,ᮌᮥ,,,,
train/60079_02.png,train,ᮌᮥ,,,,
train/60079_03.png,train,ᮌᮥ,,,,
train/60079_04.png,train,ᮌᮥ,,,,
train/60079_05.png,train,ᮌᮥ,,,,
train/60079_06.png,train,ᮌᮥ,,,,
train/60079_07.png,train,ᮌᮥ,,,,
train/60079_08.png,train,ᮌᮥ,,,,
train/60079_09.png,train,ᮌᮥ,,,,
train/60079_10.png,train,ᮌᮥ,,,,
train/60079_11.png,train,ᮌᮥ,,,,
train/60079_12.png,train,ᮌᮥ,,,,
train/60079_13.png,train,ᮌᮥ,,,,
train/60079_14.png,train,ᮌᮥ,,,,
train/40184_00.png,train,ᮌᮥᮂ,,,,
train/40184_01.png,train,ᮌᮥᮂ,,,,
train/40184_02.png,train,ᮌᮥᮂ,,,,
train/40184_03.png,train,ᮌᮥᮂ,,,,
train/40184_04.png,train,ᮌᮥᮂ,,,,
train/40184_05.png,train,ᮌᮥᮂ,,,,
train/40184_06.png,train,ᮌᮥᮂ,,,,
train/40184_07.png,train,ᮌᮥᮂ,,,,
train/40184_08.png,train,ᮌᮥᮂ,,,,
train/40184_09.png,train,ᮌᮥᮂ,,,,
train/40184_10.png,train,ᮌᮥᮂ,,,,
train/40184_11.png,train,ᮌᮥᮂ,,,,
train/40184_12.png,train,ᮌᮥᮂ,,,,
train/40184_13.png,train,ᮌᮥᮂ,,,,
train/40184_14.png,train,ᮌᮥᮂ,,,,
train/66853_00.png,train,ᮌᮦ,,,,
train/66853_01.png,train,ᮌᮦ,,,,
train/66853_02.png,train,ᮌᮦ,,,,
train/66853_03.png,train,ᮌᮦ,,,,
train/66853_04.png,train,ᮌᮦ,,,,
train/66853_05.png,train,ᮌᮦ,,,,
train/66853_06.png,train,ᮌᮦ,,,,
train/66853_07.png,train,ᮌᮦ,,,,
train/66853_08.png,train,ᮌᮦ,,,,
train/66853_09.png,train,ᮌᮦ,,,,
train/66853_10.png,train,ᮌᮦ,,,,
train/66853_11.png,train,ᮌᮦ,,,,
train/66853_12.png,train,ᮌᮦ,,,,
train/66853_13.png,train,ᮌᮦ,,,,
train/66853_14.png,train,ᮌᮦ,,,,
train/11505_00.png,train,ᮌᮧ,,,,
train/11505_01.png,train,ᮌᮧ,,,,
train/11505_02.png,train,ᮌᮧ,,,,
train/11505_03.png,train,ᮌᮧ,,,,
train/11505_04.png,train,ᮌᮧ,,,,
train/11505_05.png,train,ᮌᮧ,,,,
train/11505_06.png,train,ᮌᮧ,,,,
train/11505_07.png,train,ᮌᮧ,,,,
train/11505_08.png,train,ᮌᮧ,,,,
train/11505_09.png,train,ᮌᮧ,,,,
train/11505_10.png,train,ᮌᮧ,,,,
train/11505_11.png,train,ᮌᮧ,,,,
train/11505_12.png,train,ᮌᮧ,,,,
train/11505_13.png,train,ᮌᮧ,,,,
train/11505_14.png,train,ᮌᮧ,,,,
train/20429_00.png,train,ᮌᮧᮂ,,,,
train/20429_01.png,train,ᮌᮧᮂ,,,,
train/20429_02.png,train,ᮌᮧᮂ,,,,
train/20429_03.png,train,ᮌᮧᮂ,,,,
train/20429_04.png,train,ᮌᮧᮂ,,,,
train/20429_05.png,train,ᮌᮧᮂ,,,,
train/20429_06.png,train,ᮌᮧᮂ,,,,
train/20429_07.png,train,ᮌᮧᮂ,,,,
train/20429_08.png,train,ᮌᮧᮂ,,,,
train/20429_09.png,train,ᮌᮧᮂ,,,,
train/20429_10.png,train,ᮌᮧᮂ,,,,
train/20429_11.png,train,ᮌᮧᮂ,,,,
train/20429_12.png,train,ᮌᮧᮂ,,,,
train/20429_13.png,train,ᮌᮧᮂ,,,,
train/20429_14.png,train,ᮌᮧᮂ,,,,
train/15071_00.png,train,ᮌᮨ,,,,
train/15071_01.png,train,ᮌᮨ,,,,
train/15071_02.png,train,ᮌᮨ,,,,
train/15071_03.png,train,ᮌᮨ,,,,
train/15071_04.png,train,ᮌᮨ,,,,
train/15071_05.png,train,ᮌᮨ,,,,
train/15071_06.png,train,ᮌᮨ,,,,
train/15071_07.png,train,ᮌᮨ,,,,
train/15071_08.png,train,ᮌᮨ,,,,
train/15071_09.png,train,ᮌᮨ,,,,
train/15071_10.png,train,ᮌᮨ,,,,
train/15071_11.png,train,ᮌᮨ,,,,
train/15071_12.png,train,ᮌᮨ,,,,
train/15071_13.png,train,ᮌᮨ,,,,
train/15071_14.png,train,ᮌᮨ,,,,
train/99598_00.png,train,ᮌᮨᮁ,,,,
train/99598_01.png,train,ᮌᮨᮁ,,,,
train/99598_02.png,train,ᮌᮨᮁ,,,,
train/99598_03.png,train,ᮌᮨᮁ,,,,
train/99598_04.png,train,ᮌᮨᮁ,,,,
train/99598_05.png,train,ᮌᮨᮁ,,,,
train/99598_06.png,train,ᮌᮨᮁ,,,,
train/99598_07.png,train,ᮌᮨᮁ,,,,
train/99598_08.png,train,ᮌᮨᮁ,,,,
train/99598_09.png,train,ᮌᮨᮁ,,,,
train/99598_10.png,train,ᮌᮨᮁ,,,,
train/99598_11.png,train,ᮌᮨᮁ,,,,
train/99598_12.png,train,ᮌᮨᮁ,,,,
train/99598_13.png,train,ᮌᮨᮁ,,,,
train/99598_14.png,train,ᮌᮨᮁ,,,,
train/2991_00.png,train,ᮌᮩ,,,,
train/2991_01.png,train,ᮌᮩ,,,,
train/2991_02.png,train,ᮌᮩ,,,,
train/2991_03.png,train,ᮌᮩ,,,,
train/2991_04.png,train,ᮌᮩ,,,,
train/2991_05.png,train,ᮌᮩ,,,,
train/2991_06.png,train,ᮌᮩ,,,,
train/2991_07.png,train,ᮌᮩ,,,,
train/2991_08.png,train,ᮌᮩ,,,,
train/2991_09.png,train,ᮌᮩ,,,,
train/2991_10.png,train,ᮌᮩ,,,,
train/2991_11.png,train,ᮌᮩ,,,,
train/2991_12.png,train,ᮌᮩ,,,,
train/2991_13.png,train,ᮌᮩ,,,,
train/2991_14.png,train,ᮌᮩ,,,,
train/15663_00.png,train,ᮌᮩᮁ,,,,
train/15663_01.png,train,ᮌᮩᮁ,,,,
train/15663_02.png,train,ᮌᮩᮁ,,,,
train/15663_03.png,train,ᮌᮩᮁ,,,,
train/15663_04.png,train,ᮌᮩᮁ,,,,
train/15663_05.png,train,ᮌᮩᮁ,,,,
train/15663_06.png,train,ᮌᮩᮁ,,,,
train/15663_07.png,train,ᮌᮩᮁ,,,,
train/15663_08.png,train,ᮌᮩᮁ,,,,
train/15663_09.png,train,ᮌᮩᮁ,,,,
train/15663_10.png,train,ᮌᮩᮁ,,,,
train/15663_11.png,train,ᮌᮩᮁ,,,,
train/15663_12.png,train,ᮌᮩᮁ,,,,
train/15663_13.png,train,ᮌᮩᮁ,,,,
train/15663_14.png,train,ᮌᮩᮁ,,,,
train/15772_00.png,train,ᮌ᮪,,,,
train/15772_01.png,train,ᮌ᮪,,,,
train/15772_02.png,train,ᮌ᮪,,,,
train/15772_03.png,train,ᮌ᮪,,,,
train/15772_04.png,train,ᮌ᮪,,,,
train/15772_05.png,train,ᮌ᮪,,,,
train/15772_06.png,train,ᮌ᮪,,,,
train/15772_07.png,train,ᮌ᮪,,,,
train/15772_08.png,train,ᮌ᮪,,,,
train/15772_09.png,train,ᮌ᮪,,,,
train/15772_10.png,train,ᮌ᮪,,,,
train/15772_11.png,train,ᮌ᮪,,,,
train/15772_12.png,train,ᮌ᮪,,,,
train/15772_13.png,train,ᮌ᮪,,,,
train/15772_14.png,train,ᮌ᮪,,,,
train/60127_00.png,train,ᮍ,,,,
train/60127_01.png,train,ᮍ,,,,
train/60127_02.png,train,ᮍ,,,,
train/60127_03.png,train,ᮍ,,,,
train/60127_04.png,train,ᮍ,,,,
train/60127_05.png,train,ᮍ,,,,
train/60127_06.png,train,ᮍ,,,,
train/60127_07.png,train,ᮍ,,,,
train/60127_08.png,train,ᮍ,,,,
train/60127_09.png,train,ᮍ,,,,
train/60127_10.png,train,ᮍ,,,,
train/60127_11.png,train,ᮍ,,,,
train/60127_12.png,train,ᮍ,,,,
train/60127_13.png,train,ᮍ,,,,
train/60127_14.png,train,ᮍ,,,,
train/40068_00.png,train,ᮍᮀ,,,,
train/40068_01.png,train,ᮍᮀ,,,,
train/40068_02.png,train,ᮍᮀ,,,,
train/40068_03.png,train,ᮍᮀ,,,,
train/40068_04.png,train,ᮍᮀ,,,,
train/40068_05.png,train,ᮍᮀ,,,,
train/40068_06.png,train,ᮍᮀ,,,,
train/40068_07.png,train,ᮍᮀ,,,,
train/40068_08.png,train,ᮍᮀ,,,,
train/40068_09.png,train,ᮍᮀ,,,,
train/40068_10.png,train,ᮍᮀ,,,,
train/40068_11.png,train,ᮍᮀ,,,,
train/40068_12.png,train,ᮍᮀ,,,,
train/40068_13.png,train,ᮍᮀ,,,,
train/40068_14.png,train,ᮍᮀ,,,,
train/7922_00.png,train,ᮍᮂ,,,,
train/7922_01.png,train,ᮍᮂ,,,,
train/7922_02.png,train,ᮍᮂ,,,,
train/7922_03.png,train,ᮍᮂ,,,,
train/7922_04.png,train,ᮍᮂ,,,,
train/7922_05.png,train,ᮍᮂ,,,,
train/7922_06.png,train,ᮍᮂ,,,,
train/7922_07.png,train,ᮍᮂ,,,,
train/7922_08.png,train,ᮍᮂ,,,,
train/7922_09.png,train,ᮍᮂ,,,,
train/7922_10.png,train,ᮍᮂ,,,,
train/7922_11.png,train,ᮍᮂ,,,,
train/7922_12.png,train,ᮍᮂ,,,,
train/7922_13.png,train,ᮍᮂ,,,,
train/7922_14.png,train,ᮍᮂ,,,,
train/97628_00.png,train,ᮍᮢᮥ,,,,
train/97628_01.png,train,ᮍᮢᮥ,,,,
train/97628_02.png,train,ᮍᮢᮥ,,,,
train/97628_03.png,train,ᮍᮢᮥ,,,,
train/97628_04.png,train,ᮍᮢᮥ,,,,
train/97628_05.png,train,ᮍᮢᮥ,,,,
train/97628_06.png,train,ᮍᮢᮥ,,,,
train/97628_07.png,train,ᮍᮢᮥ,,,,
train/97628_08.png,train,ᮍᮢᮥ,,,,
train/97628_09.png,train,ᮍᮢᮥ,,,,
train/97628_10.png,train,ᮍᮢᮥ,,,,
train/97628_11.png,train,ᮍᮢᮥ,,,,
train/97628_12.png,train,ᮍᮢᮥ,,,,
train/97628_13.png,train,ᮍᮢᮥ,,,,
train/97628_14.png,train,ᮍᮢᮥ,,,,
train/82864_00.png,train,ᮍᮣ,,,,
train/82864_01.png,train,ᮍᮣ,,,,
train/82864_02.png,train,ᮍᮣ,,,,
train/82864_03.png,train,ᮍᮣ,,,,
train/82864_04.png,train,ᮍᮣ,,,,
train/82864_05.png,train,ᮍᮣ,,,,
train/82864_06.png,train,ᮍᮣ,,,,
train/82864_07.png,train,ᮍᮣ,,,,
train/82864_08.png,train,ᮍᮣ,,,,
train/82864_09.png,train,ᮍᮣ,,,,
train/82864_10.png,train,ᮍᮣ,,,,
train/82864_11.png,train,ᮍᮣ,,,,
train/82864_12.png,train,ᮍᮣ,,,,
train/82864_13.png,train,ᮍᮣ,,,,
train/82864_14.png,train,ᮍᮣ,,,,
train/71817_00.png,train,ᮍᮣᮦ,,,,
train/71817_01.png,train,ᮍᮣᮦ,,,,
train/71817_02.png,train,ᮍᮣᮦ,,,,
train/71817_03.png,train,ᮍᮣᮦ,,,,
train/71817_04.png,train,ᮍᮣᮦ,,,,
train/71817_05.png,train,ᮍᮣᮦ,,,,
train/71817_06.png,train,ᮍᮣᮦ,,,,
train/71817_07.png,train,ᮍᮣᮦ,,,,
train/71817_08.png,train,ᮍᮣᮦ,,,,
train/71817_09.png,train,ᮍᮣᮦ,,,,
train/71817_10.png,train,ᮍᮣᮦ,,,,
train/71817_11.png,train,ᮍᮣᮦ,,,,
train/71817_12.png,train,ᮍᮣᮦ,,,,
train/71817_13.png,train,ᮍᮣᮦ,,,,
train/71817_14.png,train,ᮍᮣᮦ,,,,
train/73418_00.png,train,ᮍᮤ,,,,
train/73418_01.png,train,ᮍᮤ,,,,
train/73418_02.png,train,ᮍᮤ,,,,
train/73418_03.png,train,ᮍᮤ,,,,
train/73418_04.png,train,ᮍᮤ,,,,
train/73418_05.png,train,ᮍᮤ,,,,
train/73418_06.png,train,ᮍᮤ,,,,
train/73418_07.png,train,ᮍᮤ,,,,
train/73418_08.png,train,ᮍᮤ,,,,
train/73418_09.png,train,ᮍᮤ,,,,
train/73418_10.png,train,ᮍᮤ,,,,
train/73418_11.png,train,ᮍᮤ,,,,
train/73418_12.png,train,ᮍᮤ,,,,
train/73418_13.png,train,ᮍᮤ,,,,
train/73418_14.png,train,ᮍᮤ,,,,
train/37075_00.png,train,ᮍᮥ,,,,
train/37075_01.png,train,ᮍᮥ,,,,
train/37075_02.png,train,ᮍᮥ,,,,
train/37075_03.png,train,ᮍᮥ,,,,
train/37075_04.png,train,ᮍᮥ,,,,
train/37075_05.png,train,ᮍᮥ,,,,
train/37075_06.png,train,ᮍᮥ,,,,
train/37075_07.png,train,ᮍᮥ,,,,
train/37075_08.png,train,ᮍᮥ,,,,
train/37075_09.png,train,ᮍᮥ,,,,
train/37075_10.png,train,ᮍᮥ,,,,
train/37075_11.png,train,ᮍᮥ,,,,
train/37075_12.png,train,ᮍᮥ,,,,
train/37075_13.png,train,ᮍᮥ,,,,
train/37075_14.png,train,ᮍᮥ,,,,
train/10121_00.png,train,ᮍᮦ,,,,
train/10121_01.png,train,ᮍᮦ,,,,
train/10121_02.png,train,ᮍᮦ,,,,
train/10121_03.png,train,ᮍᮦ,,,,
train/10121_04.png,train,ᮍᮦ,,,,
train/10121_05.png,train,ᮍᮦ,,,,
train/10121_06.png,train,ᮍᮦ,,,,
train/10121_07.png,train,ᮍᮦ,,,,
train/10121_08.png,train,ᮍᮦ,,,,
train/10121_09.png,train,ᮍᮦ,,,,
train/10121_10.png,train,ᮍᮦ,,,,
train/10121_11.png,train,ᮍᮦ,,,,
train/10121_12.png,train,ᮍᮦ,,,,
train/10121_13.png,train,ᮍᮦ,,,,
train/10121_14.png,train,ᮍᮦ,,,,
train/42103_00.png,train,ᮍᮧ,,,,
train/42103_01.png,train,ᮍᮧ,,,,
train/42103_02.png,train,ᮍᮧ,,,,
train/42103_03.png,train,ᮍᮧ,,,,
train/42103_04.png,train,ᮍᮧ,,,,
train/42103_05.png,train,ᮍᮧ,,,,
train/42103_06.png,train,ᮍᮧ,,,,
train/42103_07.png,train,ᮍᮧ,,,,
train/42103_08.png,train,ᮍᮧ,,,,
train/42103_09.png,train,ᮍᮧ,,,,
train/42103_10.png,train,ᮍᮧ,,,,
train/42103_11.png,train,ᮍᮧ,,,,
train/42103_12.png,train,ᮍᮧ,,,,
train/42103_13.png,train,ᮍᮧ,,,,
train/42103_14.png,train,ᮍᮧ,,,,
train/41220_00.png,train,ᮍᮧᮂ,,,,
train/41220_01.png,train,ᮍᮧᮂ,,,,
train/41220_02.png,train,ᮍᮧᮂ,,,,
train/41220_03.png,train,ᮍᮧᮂ,,,,
train/41220_04.png,train,ᮍᮧᮂ,,,,
train/41220_05.png,train,ᮍᮧᮂ,,,,
train/41220_06.png,train,ᮍᮧᮂ,,,,
train/41220_07.png,train,ᮍᮧᮂ,,,,
train/41220_08.png,train,ᮍᮧᮂ,,,,
train/41220_09.png,train,ᮍᮧᮂ,,,,
train/41220_10.png,train,ᮍᮧᮂ,,,,
train/41220_11.png,train,ᮍᮧᮂ,,,,
train/41220_12.png,train,ᮍᮧᮂ,,,,
train/41220_13.png,train,ᮍᮧᮂ,,,,
train/41220_14.png,train,ᮍᮧᮂ,,,,
train/84307_00.png,train,ᮍᮨ,,,,
train/84307_01.png,train,ᮍᮨ,,,,
train/84307_02.png,train,ᮍᮨ,,,,
train/84307_03.png,train,ᮍᮨ,,,,
train/84307_04.png,train,ᮍᮨ,,,,
train/84307_05.png,train,ᮍᮨ,,,,
train/84307_06.png,train,ᮍᮨ,,,,
train/84307_07.png,train,ᮍᮨ,,,,
train/84307_08.png,train,ᮍᮨ,,,,
train/84307_09.png,train,ᮍᮨ,,,,
train/84307_10.png,train,ᮍᮨ,,,,
train/84307_11.png,train,ᮍᮨ,,,,
train/84307_12.png,train,ᮍᮨ,,,,
train/84307_13.png,train,ᮍᮨ,,,,
train/84307_14.png,train,ᮍᮨ,,,,
train/18173_00.png,train,ᮍᮩ,,,,
train/18173_01.png,train,ᮍᮩ,,,,
train/18173_02.png,train,ᮍᮩ,,,,
train/18173_03.png,train,ᮍᮩ,,,,
train/18173_04.png,train,ᮍᮩ,,,,
train/18173_05.png,train,ᮍᮩ,,,,
train/18173_06.png,train,ᮍᮩ,,,,
train/18173_07.png,train,ᮍᮩ,,,,
train/18173_08.png,train,ᮍᮩ,,,,
train/18173_09.png,train,ᮍᮩ,,,,
train/18173_10.png,train,ᮍᮩ,,,,
train/18173_11.png,train,ᮍᮩ,,,,
train/18173_12.png,train,ᮍᮩ,,,,
train/18173_13.png,train,ᮍᮩ,,,,
train/18173_14.png,train,ᮍᮩ,,,,
train/61397_00.png,train,ᮎ,,,,
train/61397_01.png,train,ᮎ,,,,
train/61397_02.png,train,ᮎ,,,,
train/61397_03.png,train,ᮎ,,,,
train/61397_04.png,train,ᮎ,,,,
train/61397_05.png,train,ᮎ,,,,
train/61397_06.png,train,ᮎ,,,,
train/61397_07.png,train,ᮎ,,,,
train/61397_08.png,train,ᮎ,,,,
train/61397_09.png,train,ᮎ,,,,
train/61397_10.png,train,ᮎ,,,,
train/61397_11.png,train,ᮎ,,,,
train/61397_12.png,train,ᮎ,,,,
train/61397_13.png,train,ᮎ,,,,
train/61397_14.png,train,ᮎ,,,,
train/15426_00.png,train,ᮎᮀ,,,,
train/15426_01.png,train,ᮎᮀ,,,,
train/15426_02.png,train,ᮎᮀ,,,,
train/15426_03.png,train,ᮎᮀ,,,,
train/15426_04.png,train,ᮎᮀ,,,,
train/15426_05.png,train,ᮎᮀ,,,,
train/15426_06.png,train,ᮎᮀ,,,,
train/15426_07.png,train,ᮎᮀ,,,,
train/15426_08.png,train,ᮎᮀ,,,,
train/15426_09.png,train,ᮎᮀ,,,,
train/15426_10.png,train,ᮎᮀ,,,,
train/15426_11.png,train,ᮎᮀ,,,,
train/15426_12.png,train,ᮎᮀ,,,,
train/15426_13.png,train,ᮎᮀ,,,,
train/15426_14.png,train,ᮎᮀ,,,,
train/86363_00.png,train,ᮎᮁ,,,,
train/86363_01.png,train,ᮎᮁ,,,,
train/86363_02.png,train,ᮎᮁ,,,,
train/86363_03.png,train,ᮎᮁ,,,,
train/86363_04.png,train,ᮎᮁ,,,,
train/86363_05.png,train,ᮎᮁ,,,,
train/86363_06.png,train,ᮎᮁ,,,,
train/86363_07.png,train,ᮎᮁ,,,,
train/86363_08.png,train,ᮎᮁ,,,,
train/86363_09.png,train,ᮎᮁ,,,,
train/86363_10.png,train,ᮎᮁ,,,,
train/86363_11.png,train,ᮎᮁ,,,,
train/86363_12.png,train,ᮎᮁ,,,,
train/86363_13.png,train,ᮎᮁ,,,,
train/86363_14.png,train,ᮎᮁ,,,,
train/57822_00.png,train,ᮎᮂ,,,,
train/57822_01.png,train,ᮎᮂ,,,,
train/57822_02.png,train,ᮎᮂ,,,,
train/57822_03.png,train,ᮎᮂ,,,,
train/57822_04.png,train,ᮎᮂ,,,,
train/57822_05.png,train,ᮎᮂ,,,,
train/57822_06.png,train,ᮎᮂ,,,,
train/57822_07.png,train,ᮎᮂ,,,,
train/57822_08.png,train,ᮎᮂ,,,,
train/57822_09.png,train,ᮎᮂ,,,,
train/57822_10.png,train,ᮎᮂ,,,,
train/57822_11.png,train,ᮎᮂ,,,,
train/57822_12.png,train,ᮎᮂ,,,,
train/57822_13.png,train,ᮎᮂ,,,,
train/57822_14.png,train,ᮎᮂ,,,,
train/81019_00.png,train,ᮎᮢᮧ,,,,
train/81019_01.png,train,ᮎᮢᮧ,,,,
train/81019_02.png,train,ᮎᮢᮧ,,,,
train/81019_03.png,train,ᮎᮢᮧ,,,,
train/81019_04.png,train,ᮎᮢᮧ,,,,
train/81019_05.png,train,ᮎᮢᮧ,,,,
train/81019_06.png,train,ᮎᮢᮧ,,,,
train/81019_07.png,train,ᮎᮢᮧ,,,,
train/81019_08.png,train,ᮎᮢᮧ,,,,
train/81019_09.png,train,ᮎᮢᮧ,,,,
train/81019_10.png,train,ᮎᮢᮧ,,,,
train/81019_11.png,train,ᮎᮢᮧ,,,,
train/81019_12.png,train,ᮎᮢᮧ,,,,
train/81019_13.png,train,ᮎᮢᮧ,,,,
train/81019_14.png,train,ᮎᮢᮧ,,,,
train/41566_00.png,train,ᮎᮢᮧᮀ,,,,
train/41566_01.png,train,ᮎᮢᮧᮀ,,,,
train/41566_02.png,train,ᮎᮢᮧᮀ,,,,
train/41566_03.png,train,ᮎᮢᮧᮀ,,,,
train/41566_04.png,train,ᮎᮢᮧᮀ,,,,
train/41566_05.png,train,ᮎᮢᮧᮀ,,,,
train/41566_06.png,train,ᮎᮢᮧᮀ,,,,
train/41566_07.png,train,ᮎᮢᮧᮀ,,,,
train/41566_08.png,train,ᮎᮢᮧᮀ,,,,
train/41566_09.png,train,ᮎᮢᮧᮀ,,,,
train/41566_10.png,train,ᮎᮢᮧᮀ,,,,
train/41566_11.png,train,ᮎᮢᮧᮀ,,,,
train/41566_12.png,train,ᮎᮢᮧᮀ,,,,
train/41566_13.png,train,ᮎᮢᮧᮀ,,,,
train/41566_14.png,train,ᮎᮢᮧᮀ,,,,
train/86777_00.png,train,ᮎᮣ,,,,
train/86777_01.png,train,ᮎᮣ,,,,
train/86777_02.png,train,ᮎᮣ,,,,
train/86777_03.png,train,ᮎᮣ,,,,
train/86777_04.png,train,ᮎᮣ,,,,
train/86777_05.png,train,ᮎᮣ,,,,
train/86777_06.png,train,ᮎᮣ,,,,
train/86777_07.png,train,ᮎᮣ,,,,
train/86777_08.png,train,ᮎᮣ,,,,
train/86777_09.png,train,ᮎᮣ,,,,
train/86777_10.png,train,ᮎᮣ,,,,
train/86777_11.png,train,ᮎᮣ,,,,
train/86777_12.png,train,ᮎᮣ,,,,
train/86777_13.png,train,ᮎᮣ,,,,
train/86777_14.png,train,ᮎᮣ,,,,
train/93596_00.png,train,ᮎᮣᮤ,,,,
train/93596_01.png,train,ᮎᮣᮤ,,,,
train/93596_02.png,train,ᮎᮣᮤ,,,,
train/93596_03.png,train,ᮎᮣᮤ,,,,
train/93596_04.png,train,ᮎᮣᮤ,,,,
train/93596_05.png,train,ᮎᮣᮤ,,,,
train/93596_06.png,train,ᮎᮣᮤ,,,,
train/93596_07.png,train,ᮎᮣᮤ,,,,
train/93596_08.png,train,ᮎᮣᮤ,,,,
train/93596_09.png,train,ᮎᮣᮤ,,,,
train/93596_10.png,train,ᮎᮣᮤ,,,,
train/93596_11.png,train,ᮎᮣᮤ,,,,
train/93596_12.png,train,ᮎᮣᮤ,,,,
train/93596_13.png,train,ᮎᮣᮤ,,,,
train/93596_14.png,train,ᮎᮣᮤ,,,,
train/6953_00.png,train,ᮎᮤ,,,,
train/6953_01.png,train,ᮎᮤ,,,,
train/6953_02.png,train,ᮎᮤ,,,,
train/6953_03.png,train,ᮎᮤ,,,,
train/6953_04.png,train,ᮎᮤ,,,,
train/6953_05.png,train,ᮎᮤ,,,,
train/6953_06.png,train,ᮎᮤ,,,,
train/6953_07.png,train,ᮎᮤ,,,,
train/6953_08.png,train,ᮎᮤ,,,,
train/6953_09.png,train,ᮎᮤ,,,,
train/6953_10.png,train,ᮎᮤ,,,,
train/6953_11.png,train,ᮎᮤ,,,,
train/6953_12.png,train,ᮎᮤ,,,,
train/6953_13.png,train,ᮎᮤ,,,,
train/6953_14.png,train,ᮎᮤ,,,,
train/22751_00.png,train,ᮎᮤᮀ,,,,
train/22751_01.png,train,ᮎᮤᮀ,,,,
train/22751_02.png,train,ᮎᮤᮀ,,,,
train/22751_03.png,train,ᮎᮤᮀ,,,,
train/22751_04.png,train,ᮎᮤᮀ,,,,
train/22751_05.png,train,ᮎᮤᮀ,,,,
train/22751_06.png,train,ᮎᮤᮀ,,,,
train/22751_07.png,train,ᮎᮤᮀ,,,,
train/22751_08.png,train,ᮎᮤᮀ,,,,
train/22751_09.png,train,ᮎᮤᮀ,,,,
train/22751_10.png,train,ᮎᮤᮀ,,,,
train/22751_11.png,train,ᮎᮤᮀ,,,,
train/22751_12.png,train,ᮎᮤᮀ,,,,
train/22751_13.png,train,ᮎᮤᮀ,,,,
train/22751_14.png,train,ᮎᮤᮀ,,,,
train/25902_00.png,train,ᮎᮥ,,,,
train/25902_01.png,train,ᮎᮥ,,,,
train/25902_02.png,train,ᮎᮥ,,,,
train/25902_03.png,train,ᮎᮥ,,,,
train/25902_04.png,train,ᮎᮥ,,,,
train/25902_05.png,train,ᮎᮥ,,,,
train/25902_06.png,train,ᮎᮥ,,,,
train/25902_07.png,train,ᮎᮥ,,,,
train/25902_08.png,train,ᮎᮥ,,,,
train/25902_09.png,train,ᮎᮥ,,,,
train/25902_10.png,train,ᮎᮥ,,,,
train/25902_11.png,train,ᮎᮥ,,,,
train/25902_12.png,train,ᮎᮥ,,,,
train/25902_13.png,train,ᮎᮥ,,,,
train/25902_14.png,train,ᮎᮥ,,,,
train/79994_00.png,train,ᮎᮦᮀ,,,,
train/79994_01.png,train,ᮎᮦᮀ,,,,
train/79994_02.png,train,ᮎᮦᮀ,,,,
train/79994_03.png,train,ᮎᮦᮀ,,,,
train/79994_04.png,train,ᮎᮦᮀ,,,,
train/79994_05.png,train,ᮎᮦᮀ,,,,
train/79994_06.png,train,ᮎᮦᮀ,,,,
train/79994_07.png,train,ᮎᮦᮀ,,,,
train/79994_08.png,train,ᮎᮦᮀ,,,,
train/79994_09.png,train,ᮎᮦᮀ,,,,
train/79994_10.png,train,ᮎᮦᮀ,,,,
train/79994_11.png,train,ᮎᮦᮀ,,,,
train/79994_12.png,train,ᮎᮦᮀ,,,,
train/79994_13.png,train,ᮎᮦᮀ,,,,
train/79994_14.png,train,ᮎᮦᮀ,,,,
train/74138_00.png,train,ᮎᮦᮁ,,,,
train/74138_01.png,train,ᮎᮦᮁ,,,,
train/74138_02.png,train,ᮎᮦᮁ,,,,
train/74138_03.png,train,ᮎᮦᮁ,,,,
train/74138_04.png,train,ᮎᮦᮁ,,,,
train/74138_05.png,train,ᮎᮦᮁ,,,,
train/74138_06.png,train,ᮎᮦᮁ,,,,
train/74138_07.png,train,ᮎᮦᮁ,,,,
train/74138_08.png,train,ᮎᮦᮁ,,,,
train/74138_09.png,train,ᮎᮦᮁ,,,,
train/74138_10.png,train,ᮎᮦᮁ,,,,
train/74138_11.png,train,ᮎᮦᮁ,,,,
train/74138_12.png,train,ᮎᮦᮁ,,,,
train/74138_13.png,train,ᮎᮦᮁ,,,,
train/74138_14.png,train,ᮎᮦᮁ,,,,
train/85927_00.png,train,ᮎᮧ,,,,
train/85927_01.png,train,ᮎᮧ,,,,
train/85927_02.png,train,ᮎᮧ,,,,
train/85927_03.png,train,ᮎᮧ,,,,
train/85927_04.png,train,ᮎᮧ,,,,
train/85927_05.png,train,ᮎᮧ,,,,
train/85927_06.png,train,ᮎᮧ,,,,
train/85927_07.png,train,ᮎᮧ,,,,
train/85927_08.png,train,ᮎᮧ,,,,
train/85927_09.png,train,ᮎᮧ,,,,
train/85927_10.png,train,ᮎᮧ,,,,
train/85927_11.png,train,ᮎᮧ,,,,
train/85927_12.png,train,ᮎᮧ,,,,
train/85927_13.png,train,ᮎᮧ,,,,
train/85927_14.png,train,ᮎᮧ,,,,
train/56677_00.png,train,ᮎᮧᮀ,,,,
train/56677_01.png,train,ᮎᮧᮀ,,,,
train/56677_02.png,train,ᮎᮧᮀ,,,,
train/56677_03.png,train,ᮎᮧᮀ,,,,
train/56677_04.png,train,ᮎᮧᮀ,,,,
train/56677_05.png,train,ᮎᮧᮀ,,,,
train/56677_06.png,train,ᮎᮧᮀ,,,,
train/56677_07.png,train,ᮎᮧᮀ,,,,
train/56677_08.png,train,ᮎᮧᮀ,,,,
train/56677_09.png,train,ᮎᮧᮀ,,,,
train/56677_10.png,train,ᮎᮧᮀ,,,,
train/56677_11.png,train,ᮎᮧᮀ,,,,
train/56677_12.png,train,ᮎᮧᮀ,,,,
train/56677_13.png,train,ᮎᮧᮀ,,,,
train/56677_14.png,train,ᮎᮧᮀ,,,,
train/67710_00.png,train,ᮎᮨ,,,,
train/67710_01.png,train,ᮎᮨ,,,,
train/67710_02.png,train,ᮎᮨ,,,,
train/67710_03.png,train,ᮎᮨ,,,,
train/67710_04.png,train,ᮎᮨ,,,,
train/67710_05.png,train,ᮎᮨ,,,,
train/67710_06.png,train,ᮎᮨ,,,,
train/67710_07.png,train,ᮎᮨ,,,,
train/67710_08.png,train,ᮎᮨ,,,,
train/67710_09.png,train,ᮎᮨ,,,,
train/67710_10.png,train,ᮎᮨ,,,,
train/67710_11.png,train,ᮎᮨ,,,,
train/67710_12.png,train,ᮎᮨ,,,,
train/67710_13.png,train,ᮎᮨ,,,,
train/67710_14.png,train,ᮎᮨ,,,,
train/91281_00.png,train,ᮎᮩ,,,,
train/91281_01.png,train,ᮎᮩ,,,,
train/91281_02.png,train,ᮎᮩ,,,,
train/91281_03.png,train,ᮎᮩ,,,,
train/91281_04.png,train,ᮎᮩ,,,,
train/91281_05.png,train,ᮎᮩ,,,,
train/91281_06.png,train,ᮎᮩ,,,,
train/91281_07.png,train,ᮎᮩ,,,,
train/91281_08.png,train,ᮎᮩ,,,,
train/91281_09.png,train,ᮎᮩ,,,,
train/91281_10.png,train,ᮎᮩ,,,,
train/91281_11.png,train,ᮎᮩ,,,,
train/91281_12.png,train,ᮎᮩ,,,,
train/91281_13.png,train,ᮎᮩ,,,,
train/91281_14.png,train,ᮎᮩ,,,,
train/51270_00.png,train,ᮏ,,,,
train/51270_01.png,train,ᮏ,,,,
train/51270_02.png,train,ᮏ,,,,
train/51270_03.png,train,ᮏ,,,,
train/51270_04.png,train,ᮏ,,,,
train/51270_05.png,train,ᮏ,,,,
train/51270_06.png,train,ᮏ,,,,
train/51270_07.png,train,ᮏ,,,,
train/51270_08.png,train,ᮏ,,,,
train/51270_09.png,train,ᮏ,,,,
train/51270_10.png,train,ᮏ,,,,
train/51270_11.png,train,ᮏ,,,,
train/51270_12.png,train,ᮏ,,,,
train/51270_13.png,train,ᮏ,,,,
train/51270_14.png,train,ᮏ,,,,
train/68988_00.png,train,ᮏᮀ,,,,
train/68988_01.png,train,ᮏᮀ,,,,
train/68988_02.png,train,ᮏᮀ,,,,
train/68988_03.png,train,ᮏᮀ,,,,
train/68988_04.png,train,ᮏᮀ,,,,
train/68988_05.png,train,ᮏᮀ,,,,
train/68988_06.png,train,ᮏᮀ,,,,
train/68988_07.png,train,ᮏᮀ,,,,
train/68988_08.png,train,ᮏᮀ,,,,
train/68988_09.png,train,ᮏᮀ,,,,
train/68988_10.png,train,ᮏᮀ,,,,
train/68988_11.png,train,ᮏᮀ,,,,
train/68988_12.png,train,ᮏᮀ,,,,
train/68988_13.png,train,ᮏᮀ,,,,
train/68988_14.png,train,ᮏᮀ,,,,
train/81126_00.png,train,ᮏᮁ,,,,
train/81126_01.png,train,ᮏᮁ,,,,
train/81126_02.png,train,ᮏᮁ,,,,
train/81126_03.png,train,ᮏᮁ,,,,
train/81126_04.png,train,ᮏᮁ,,,,
train/81126_05.png,train,ᮏᮁ,,,,
train/81126_06.png,train,ᮏᮁ,,,,
train/81126_07.png,train,ᮏᮁ,,,,
train/81126_08.png,train,ᮏᮁ,,,,
train/81126_09.png,train,ᮏᮁ,,,,
train/81126_10.png,train,ᮏᮁ,,,,
train/81126_11.png,train,ᮏᮁ,,,,
train/81126_12.png,train,ᮏᮁ,,,,
train/81126_13.png,train,ᮏᮁ,,,,
train/81126_14.png,train,ᮏᮁ,,,,
train/57113_00.png,train,ᮏᮂ,,,,
train/57113_01.png,train,ᮏᮂ,,,,
train/57113_02.png,train,ᮏᮂ,,,,
train/57113_03.png,train,ᮏᮂ,,,,
train/57113_04.png,train,ᮏᮂ,,,,
train/57113_05.png,train,ᮏᮂ,,,,
train/57113_06.png,train,ᮏᮂ,,,,
train/57113_07.png,train,ᮏᮂ,,,,
train/57113_08.png,train,ᮏᮂ,,,,
train/57113_09.png,train,ᮏᮂ,,,,
train/57113_10.png,train,ᮏᮂ,,,,
train/57113_11.png,train,ᮏᮂ,,,,
train/57113_12.png,train,ᮏᮂ,,,,
train/57113_13.png,train,ᮏᮂ,,,,
train/57113_14.png,train,ᮏᮂ,,,,
train/14798_00.png,train,ᮏᮤ,,,,
train/14798_01.png,train,ᮏᮤ,,,,
train/14798_02.png,train,ᮏᮤ,,,,
train/14798_03.png,train,ᮏᮤ,,,,
train/14798_04.png,train,ᮏᮤ,,,,
train/14798_05.png,train,ᮏᮤ,,,,
train/14798_06.png,train,ᮏᮤ,,,,
train/14798_07.png,train,ᮏᮤ,,,,
train/14798_08.png,train,ᮏᮤ,,,,
train/14798_09.png,train,ᮏᮤ,,,,
train/14798_10.png,train,ᮏᮤ,,,,
train/14798_11.png,train,ᮏᮤ,,,,
train/14798_12.png,train,ᮏᮤ,,,,
train/14798_13.png,train,ᮏᮤ,,,,
train/14798_14.png,train,ᮏᮤ,,,,
train/58686_00.png,train,ᮏᮤᮀ,,,,
train/58686_01.png,train,ᮏᮤᮀ,,,,
train/58686_02.png,train,ᮏᮤᮀ,,,,
train/58686_03.png,train,ᮏᮤᮀ,,,,
train/58686_04.png,train,ᮏᮤᮀ,,,,
train/58686_05.png,train,ᮏᮤᮀ,,,,
train/58686_06.png,train,ᮏᮤᮀ,,,,
train/58686_07.png,train,ᮏᮤᮀ,,,,
train/58686_08.png,train,ᮏᮤᮀ,,,,
train/58686_09.png,train,ᮏᮤᮀ,,,,
train/58686_10.png,train,ᮏᮤᮀ,,,,
train/58686_11.png,train,ᮏᮤᮀ,,,,
train/58686_12.png,train,ᮏᮤᮀ,,,,
train/58686_13.png,train,ᮏᮤᮀ,,,,
train/58686_14.png,train,ᮏᮤᮀ,,,,
train/44777_00.png,train,ᮏᮥ,,,,
train/44777_01.png,train,ᮏᮥ,,,,
train/44777_02.png,train,ᮏᮥ,,,,
train/44777_03.png,train,ᮏᮥ,,,,
train/44777_04.png,train,ᮏᮥ,,,,
train/44777_05.png,train,ᮏᮥ,,,,
train/44777_06.png,train,ᮏᮥ,,,,
train/44777_07.png,train,ᮏᮥ,,,,
train/44777_08.png,train,ᮏᮥ,,,,
train/44777_09.png,train,ᮏᮥ,,,,
train/44777_10.png,train,ᮏᮥ,,,,
train/44777_11.png,train,ᮏᮥ,,,,
train/44777_12.png,train,ᮏᮥ,,,,
train/44777_13.png,train,ᮏᮥ,,,,
train/44777_14.png,train,ᮏᮥ,,,,
train/70348_00.png,train,ᮏᮥᮀ,,,,
train/70348_01.png,train,ᮏᮥᮀ,,,,
train/70348_02.png,train,ᮏᮥᮀ,,,,
train/70348_03.png,train,ᮏᮥᮀ,,,,
train/70348_04.png,train,ᮏᮥᮀ,,,,
train/70348_05.png,train,ᮏᮥᮀ,,,,
train/70348_06.png,train,ᮏᮥᮀ,,,,
train/70348_07.png,train,ᮏᮥᮀ,,,,
train/70348_08.png,train,ᮏᮥᮀ,,,,
train/70348_09.png,train,ᮏᮥᮀ,,,,
train/70348_10.png,train,ᮏᮥᮀ,,,,
train/70348_11.png,train,ᮏᮥᮀ,,,,
train/70348_12.png,train,ᮏᮥᮀ,,,,
train/70348_13.png,train,ᮏᮥᮀ,,,,
train/70348_14.png,train,ᮏᮥᮀ,,,,
train/32228_00.png,train,ᮏᮥᮂ,,,,
train/32228_01.png,train,ᮏᮥᮂ,,,,
train/32228_02.png,train,ᮏᮥᮂ,,,,
train/32228_03.png,train,ᮏᮥᮂ,,,,
train/32228_04.png,train,ᮏᮥᮂ,,,,
train/32228_05.png,train,ᮏᮥᮂ,,,,
train/32228_06.png,train,ᮏᮥᮂ,,,,
train/32228_07.png,train,ᮏᮥᮂ,,,,
train/32228_08.png,train,ᮏᮥᮂ,,,,
train/32228_09.png,train,ᮏᮥᮂ,,,,
train/32228_10.png,train,ᮏᮥᮂ,,,,
train/32228_11.png,train,ᮏᮥᮂ,,,,
train/32228_12.png,train,ᮏᮥᮂ,,,,
train/32228_13.png,train,ᮏᮥᮂ,,,,
train/32228_14.png,train,ᮏᮥᮂ,,,,
train/35769_00.png,train,ᮏᮦ,,,,
train/35769_01.png,train,ᮏᮦ,,,,
train/35769_02.png,train,ᮏᮦ,,,,
train/35769_03.png,train,ᮏᮦ,,,,
train/35769_04.png,train,ᮏᮦ,,,,
train/35769_05.png,train,ᮏᮦ,,,,
train/35769_06.png,train,ᮏᮦ,,,,
train/35769_07.png,train,ᮏᮦ,,,,
train/35769_08.png,train,ᮏᮦ,,,,
train/35769_09.png,train,ᮏᮦ,,,,
train/35769_10.png,train,ᮏᮦ,,,,
train/35769_11.png,train,ᮏᮦ,,,,
train/35769_12.png,train,ᮏᮦ,,,,
train/35769_13.png,train,ᮏᮦ,,,,
train/35769_14.png,train,ᮏᮦ,,,,
train/22084_00.png,train,ᮏᮦᮀ,,,,
train/22084_01.png,train,ᮏᮦᮀ,,,,
train/22084_02.png,train,ᮏᮦᮀ,,,,
train/22084_03.png,train,ᮏᮦᮀ,,,,
train/22084_04.png,train,ᮏᮦᮀ,,,,
train/22084_05.png,train,ᮏᮦᮀ,,,,
train/22084_06.png,train,ᮏᮦᮀ,,,,
train/22084_07.png,train,ᮏᮦᮀ,,,,
train/22084_08.png,train,ᮏᮦᮀ,,,,
train/22084_09.png,train,ᮏᮦᮀ,,,,
train/22084_10.png,train,ᮏᮦᮀ,,,,
train/22084_11.png,train,ᮏᮦᮀ,,,,
train/22084_12.png,train,ᮏᮦᮀ,,,,
train/22084_13.png,train,ᮏᮦᮀ,,,,
train/22084_14.png,train,ᮏᮦᮀ,,,,
train/11995_00.png,train,ᮏᮧ,,,,
train/11995_01.png,train,ᮏᮧ,,,,
train/11995_02.png,train,ᮏᮧ,,,,
train/11995_03.png,train,ᮏᮧ,,,,
train/11995_04.png,train,ᮏᮧ,,,,
train/11995_05.png,train,ᮏᮧ,,,,
train/11995_06.png,train,ᮏᮧ,,,,
train/11995_07.png,train,ᮏᮧ,,,,
train/11995_08.png,train,ᮏᮧ,,,,
train/11995_09.png,train,ᮏᮧ,,,,
train/11995_10.png,train,ᮏᮧ,,,,
train/11995_11.png,train,ᮏᮧ,,,,
train/11995_12.png,train,ᮏᮧ,,,,
train/11995_13.png,train,ᮏᮧ,,,,
train/11995_14.png,train,ᮏᮧ,,,,
train/9538_00.png,train,ᮏᮧᮀ,,,,
train/9538_01.png,train,ᮏᮧᮀ,,,,
train/9538_02.png,train,ᮏᮧᮀ,,,,
train/9538_03.png,train,ᮏᮧᮀ,,,,
train/9538_04.png,train,ᮏᮧᮀ,,,,
train/9538_05.png,train,ᮏᮧᮀ,,,,
train/9538_06.png,train,ᮏᮧᮀ,,,,
train/9538_07.png,train,ᮏᮧᮀ,,,,
train/9538_08.png,train,ᮏᮧᮀ,,,,
train/9538_09.png,train,ᮏᮧᮀ,,,,
train/9538_10.png,train,ᮏᮧᮀ,,,,
train/9538_11.png,train,ᮏᮧᮀ,,,,
train/9538_12.png,train,ᮏᮧᮀ,,,,
train/9538_13.png,train,ᮏᮧᮀ,,,,
train/9538_14.png,train,ᮏᮧᮀ,,,,
train/23357_00.png,train,ᮏᮨ,,,,
train/23357_01.png,train,ᮏᮨ,,,,
train/23357_02.png,train,ᮏᮨ,,,,
train/23357_03.png,train,ᮏᮨ,,,,
train/23357_04.png,train,ᮏᮨ,,,,
train/23357_05.png,train,ᮏᮨ,,,,
train/23357_06.png,train,ᮏᮨ,,,,
train/23357_07.png,train,ᮏᮨ,,,,
train/23357_08.png,train,ᮏᮨ,,,,
train/23357_09.png,train,ᮏᮨ,,,,
train/23357_10.png,train,ᮏᮨ,,,,
train/23357_11.png,train,ᮏᮨ,,,,
train/23357_12.png,train,ᮏᮨ,,,,
train/23357_13.png,train,ᮏᮨ,,,,
train/23357_14.png,train,ᮏᮨ,,,,
train/29568_00.png,train,ᮏᮨᮀ,,,,
train/29568_01.png,train,ᮏᮨᮀ,,,,
train/29568_02.png,train,ᮏᮨᮀ,,,,
train/29568_03.png,train,ᮏᮨᮀ,,,,
train/29568_04.png,train,ᮏᮨᮀ,,,,
train/29568_05.png,train,ᮏᮨᮀ,,,,
train/29568_06.png,train,ᮏᮨᮀ,,,,
train/29568_07.png,train,ᮏᮨᮀ,,,,
train/29568_08.png,train,ᮏᮨᮀ,,,,
train/29568_09.png,train,ᮏᮨᮀ,,,,
train/29568_10.png,train,ᮏᮨᮀ,,,,
train/29568_11.png,train,ᮏᮨᮀ,,,,
train/29568_12.png,train,ᮏᮨᮀ,,,,
train/29568_13.png,train,ᮏᮨᮀ,,,,
train/29568_14.png,train,ᮏᮨᮀ,,,,
train/21019_00.png,train,ᮏᮩ,,,,
train/21019_01.png,train,ᮏᮩ,,,,
train/21019_02.png,train,ᮏᮩ,,,,
train/21019_03.png,train,ᮏᮩ,,,,
train/21019_04.png,train,ᮏᮩ,,,,
train/21019_05.png,train,ᮏᮩ,,,,
train/21019_06.png,train,ᮏᮩ,,,,
train/21019_07.png,train,ᮏᮩ,,,,
train/21019_08.png,train,ᮏᮩ,,,,
train/21019_09.png,train,ᮏᮩ,,,,
train/21019_10.png,train,ᮏᮩ,,,,
train/21019_11.png,train,ᮏᮩ,,,,
train/21019_12.png,train,ᮏᮩ,,,,
train/21019_13.png,train,ᮏᮩ,,,,
train/21019_14.png,train,ᮏᮩ,,,,
train/67025_00.png,train,ᮏᮩᮀ,,,,
train/67025_01.png,train,ᮏᮩᮀ,,,,
train/67025_02.png,train,ᮏᮩᮀ,,,,
train/67025_03.png,train,ᮏᮩᮀ,,,,
train/67025_04.png,train,ᮏᮩᮀ,,,,
train/67025_05.png,train,ᮏᮩᮀ,,,,
train/67025_06.png,train,ᮏᮩᮀ,,,,
train/67025_07.png,train,ᮏᮩᮀ,,,,
train/67025_08.png,train,ᮏᮩᮀ,,,,
train/67025_09.png,train,ᮏᮩᮀ,,,,
train/67025_10.png,train,ᮏᮩᮀ,,,,
train/67025_11.png,train,ᮏᮩᮀ,,,,
train/67025_12.png,train,ᮏᮩᮀ,,,,
train/67025_13.png,train,ᮏᮩᮀ,,,,
train/67025_14.png,train,ᮏᮩᮀ,,,,
train/52725_00.png,train,ᮏᮩᮂ,,,,
train/52725_01.png,train,ᮏᮩᮂ,,,,
train/52725_02.png,train,ᮏᮩᮂ,,,,
train/52725_03.png,train,ᮏᮩᮂ,,,,
train/52725_04.png,train,ᮏᮩᮂ,,,,
train/52725_05.png,train,ᮏᮩᮂ,,,,
train/52725_06.png,train,ᮏᮩᮂ,,,,
train/52725_07.png,train,ᮏᮩᮂ,,,,
train/52725_08.png,train,ᮏᮩᮂ,,,,
train/52725_09.png,train,ᮏᮩᮂ,,,,
train/52725_10.png,train,ᮏᮩᮂ,,,,
train/52725_11.png,train,ᮏᮩᮂ,,,,
train/52725_12.png,train,ᮏᮩᮂ,,,,
train/52725_13.png,train,ᮏᮩᮂ,,,,
train/52725_14.png,train,ᮏᮩᮂ,,,,
train/83544_00.png,train,ᮏ᮪,,,,
train/83544_01.png,train,ᮏ᮪,,,,
train/83544_02.png,train,ᮏ᮪,,,,
train/83544_03.png,train,ᮏ᮪,,,,
train/83544_04.png,train,ᮏ᮪,,,,
train/83544_05.png,train,ᮏ᮪,,,,
train/83544_06.png,train,ᮏ᮪,,,,
train/83544_07.png,train,ᮏ᮪,,,,
train/83544_08.png,train,ᮏ᮪,,,,
train/83544_09.png,train,ᮏ᮪,,,,
train/83544_10.png,train,ᮏ᮪,,,,
train/83544_11.png,train,ᮏ᮪,,,,
train/83544_12.png,train,ᮏ᮪,,,,
train/83544_13.png,train,ᮏ᮪,,,,
train/83544_14.png,train,ᮏ᮪,,,,
train/74473_00.png,train,ᮐ,,,,
train/74473_01.png,train,ᮐ,,,,
train/74473_02.png,train,ᮐ,,,,
train/74473_03.png,train,ᮐ,,,,
train/74473_04.png,train,ᮐ,,,,
train/74473_05.png,train,ᮐ,,,,
train/74473_06.png,train,ᮐ,,,,
train/74473_07.png,train,ᮐ,,,,
train/74473_08.png,train,ᮐ,,,,
train/74473_09.png,train,ᮐ,,,,
train/74473_10.png,train,ᮐ,,,,
train/74473_11.png,train,ᮐ,,,,
train/74473_12.png,train,ᮐ,,,,
train/74473_13.png,train,ᮐ,,,,
train/74473_14.png,train,ᮐ,,,,
train/8787_00.png,train,ᮑ,,,,
train/8787_01.png,train,ᮑ,,,,
train/8787_02.png,train,ᮑ,,,,
train/8787_03.png,train,ᮑ,,,,
train/8787_04.png,train,ᮑ,,,,
train/8787_05.png,train,ᮑ,,,,
train/8787_06.png,train,ᮑ,,,,
train/8787_07.png,train,ᮑ,,,,
train/8787_08.png,train,ᮑ,,,,
train/8787_09.png,train,ᮑ,,,,
train/8787_10.png,train,ᮑ,,,,
train/8787_11.png,train,ᮑ,,,,
train/8787_12.png,train,ᮑ,,,,
train/8787_13.png,train,ᮑ,,,,
train/8787_14.png,train,ᮑ,,,,
train/11759_00.png,train,ᮑᮤ,,,,
train/11759_01.png,train,ᮑᮤ,,,,
train/11759_02.png,train,ᮑᮤ,,,,
train/11759_03.png,train,ᮑᮤ,,,,
train/11759_04.png,train,ᮑᮤ,,,,
train/11759_05.png,train,ᮑᮤ,,,,
train/11759_06.png,train,ᮑᮤ,,,,
train/11759_07.png,train,ᮑᮤ,,,,
train/11759_08.png,train,ᮑᮤ,,,,
train/11759_09.png,train,ᮑᮤ,,,,
train/11759_10.png,train,ᮑᮤ,,,,
train/11759_11.png,train,ᮑᮤ,,,,
train/11759_12.png,train,ᮑᮤ,,,,
train/11759_13.png,train,ᮑᮤ,,,,
train/11759_14.png,train,ᮑᮤ,,,,
train/14853_00.png,train,ᮑᮥ,,,,
train/14853_01.png,train,ᮑᮥ,,,,
train/14853_02.png,train,ᮑᮥ,,,,
train/14853_03.png,train,ᮑᮥ,,,,
train/14853_04.png,train,ᮑᮥ,,,,
train/14853_05.png,train,ᮑᮥ,,,,
train/14853_06.png,train,ᮑᮥ,,,,
train/14853_07.png,train,ᮑᮥ,,,,
train/14853_08.png,train,ᮑᮥ,,,,
train/14853_09.png,train,ᮑᮥ,,,,
train/14853_10.png,train,ᮑᮥ,,,,
train/14853_11.png,train,ᮑᮥ,,,,
train/14853_12.png,train,ᮑᮥ,,,,
train/14853_13.png,train,ᮑᮥ,,,,
train/14853_14.png,train,ᮑᮥ,,,,
train/10217_00.png,train,ᮑᮥᮂ,,,,
train/10217_01.png,train,ᮑᮥᮂ,,,,
train/10217_02.png,train,ᮑᮥᮂ,,,,
train/10217_03.png,train,ᮑᮥᮂ,,,,
train/10217_04.png,train,ᮑᮥᮂ,,,,
train/10217_05.png,train,ᮑᮥᮂ,,,,
train/10217_06.png,train,ᮑᮥᮂ,,,,
train/10217_07.png,train,ᮑᮥᮂ,,,,
train/10217_08.png,train,ᮑᮥᮂ,,,,
train/10217_09.png,train,ᮑᮥᮂ,,,,
train/10217_10.png,train,ᮑᮥᮂ,,,,
train/10217_11.png,train,ᮑᮥᮂ,,,,
train/10217_12.png,train,ᮑᮥᮂ,,,,
train/10217_13.png,train,ᮑᮥᮂ,,,,
train/10217_14.png,train,ᮑᮥᮂ,,,,
train/56654_00.png,train,ᮑᮦ,,,,
train/56654_01.png,train,ᮑᮦ,,,,
train/56654_02.png,train,ᮑᮦ,,,,
train/56654_03.png,train,ᮑᮦ,,,,
train/56654_04.png,train,ᮑᮦ,,,,
train/56654_05.png,train,ᮑᮦ,,,,
train/56654_06.png,train,ᮑᮦ,,,,
train/56654_07.png,train,ᮑᮦ,,,,
train/56654_08.png,train,ᮑᮦ,,,,
train/56654_09.png,train,ᮑᮦ,,,,
train/56654_10.png,train,ᮑᮦ,,,,
train/56654_11.png,train,ᮑᮦ,,,,
train/56654_12.png,train,ᮑᮦ,,,,
train/56654_13.png,train,ᮑᮦ,,,,
train/56654_14.png,train,ᮑᮦ,,,,
train/73689_00.png,train,ᮑᮦᮂ,,,,
train/73689_01.png,train,ᮑᮦᮂ,,,,
train/73689_02.png,train,ᮑᮦᮂ,,,,
train/73689_03.png,train,ᮑᮦᮂ,,,,
train/73689_04.png,train,ᮑᮦᮂ,,,,
train/73689_05.png,train,ᮑᮦᮂ,,,,
train/73689_06.png,train,ᮑᮦᮂ,,,,
train/73689_07.png,train,ᮑᮦᮂ,,,,
train/73689_08.png,train,ᮑᮦᮂ,,,,
train/73689_09.png,train,ᮑᮦᮂ,,,,
train/73689_10.png,train,ᮑᮦᮂ,,,,
train/73689_11.png,train,ᮑᮦᮂ,,,,
train/73689_12.png,train,ᮑᮦᮂ,,,,
train/73689_13.png,train,ᮑᮦᮂ,,,,
train/73689_14.png,train,ᮑᮦᮂ,,,,
train/50497_00.png,train,ᮑᮧ,,,,
train/50497_01.png,train,ᮑᮧ,,,,
train/50497_02.png,train,ᮑᮧ,,,,
train/50497_03.png,train,ᮑᮧ,,,,
train/50497_04.png,train,ᮑᮧ,,,,
train/50497_05.png,train,ᮑᮧ,,,,
train/50497_06.png,train,ᮑᮧ,,,,
train/50497_07.png,train,ᮑᮧ,,,,
train/50497_08.png,train,ᮑᮧ,,,,
train/50497_09.png,train,ᮑᮧ,,,,
train/50497_10.png,train,ᮑᮧ,,,,
train/50497_11.png,train,ᮑᮧ,,,,
train/50497_12.png,train,ᮑᮧ,,,,
train/50497_13.png,train,ᮑᮧ,,,,
train/50497_14.png,train,ᮑᮧ,,,,
train/43720_00.png,train,ᮑᮨ,,,,
train/43720_01.png,train,ᮑᮨ,,,,
train/43720_02.png,train,ᮑᮨ,,,,
train/43720_03.png,train,ᮑᮨ,,,,
train/43720_04.png,train,ᮑᮨ,,,,
train/43720_05.png,train,ᮑᮨ,,,,
train/43720_06.png,train,ᮑᮨ,,,,
train/43720_07.png,train,ᮑᮨ,,,,
train/43720_08.png,train,ᮑᮨ,,,,
train/43720_09.png,train,ᮑᮨ,,,,
train/43720_10.png,train,ᮑᮨ,,,,
train/43720_11.png,train,ᮑᮨ,,,,
train/43720_12.png,train,ᮑᮨ,,,,
train/43720_13.png,train,ᮑᮨ,,,,
train/43720_14.png,train,ᮑᮨ,,,,
train/55499_00.png,train,ᮑᮩ,,,,
train/55499_01.png,train,ᮑᮩ,,,,
train/55499_02.png,train,ᮑᮩ,,,,
train/55499_03.png,train,ᮑᮩ,,,,
train/55499_04.png,train,ᮑᮩ,,,,
train/55499_05.png,train,ᮑᮩ,,,,
train/55499_06.png,train,ᮑᮩ,,,,
train/55499_07.png,train,ᮑᮩ,,,,
train/55499_08.png,train,ᮑᮩ,,,,
train/55499_09.png,train,ᮑᮩ,,,,
train/55499_10.png,train,ᮑᮩ,,,,
train/55499_11.png,train,ᮑᮩ,,,,
train/55499_12.png,train,ᮑᮩ,,,,
train/55499_13.png,train,ᮑᮩ,,,,
train/55499_14.png,train,ᮑᮩ,,,,
train/30746_00.png,train,ᮒ,,,,
train/30746_01.png,train,ᮒ,,,,
train/30746_02.png,train,ᮒ,,,,
train/30746_03.png,train,ᮒ,,,,
train/30746_04.png,train,ᮒ,,,,
train/30746_05.png,train,ᮒ,,,,
train/30746_06.png,train,ᮒ,,,,
train/30746_07.png,train,ᮒ,,,,
train/30746_08.png,train,ᮒ,,,,
train/30746_09.png,train,ᮒ,,,,
train/30746_10.png,train,ᮒ,,,,
train/30746_11.png,train,ᮒ,,,,
train/30746_12.png,train,ᮒ,,,,
train/30746_13.png,train,ᮒ,,,,
train/30746_14.png,train,ᮒ,,,,
train/76905_00.png,train,ᮒᮀ,,,,
train/76905_01.png,train,ᮒᮀ,,,,
train/76905_02.png,train,ᮒᮀ,,,,
train/76905_03.png,train,ᮒᮀ,,,,
train/76905_04.png,train,ᮒᮀ,,,,
train/76905_05.png,train,ᮒᮀ,,,,
train/76905_06.png,train,ᮒᮀ,,,,
train/76905_07.png,train,ᮒᮀ,,,,
train/76905_08.png,train,ᮒᮀ,,,,
train/76905_09.png,train,ᮒᮀ,,,,
train/76905_10.png,train,ᮒᮀ,,,,
train/76905_11.png,train,ᮒᮀ,,,,
train/76905_12.png,train,ᮒᮀ,,,,
train/76905_13.png,train,ᮒᮀ,,,,
train/76905_14.png,train,ᮒᮀ,,,,
train/11156_00.png,train,ᮒᮁ,,,,
train/11156_01.png,train,ᮒᮁ,,,,
train/11156_02.png,train,ᮒᮁ,,,,
train/11156_03.png,train,ᮒᮁ,,,,
train/11156_04.png,train,ᮒᮁ,,,,
train/11156_05.png,train,ᮒᮁ,,,,
train/11156_06.png,train,ᮒᮁ,,,,
train/11156_07.png,train,ᮒᮁ,,,,
train/11156_08.png,train,ᮒᮁ,,,,
train/11156_09.png,train,ᮒᮁ,,,,
train/11156_10.png,train,ᮒᮁ,,,,
train/11156_11.png,train,ᮒᮁ,,,,
train/11156_12.png,train,ᮒᮁ,,,,
train/11156_13.png,train,ᮒᮁ,,,,
train/11156_14.png,train,ᮒᮁ,,,,
train/1517_00.png,train,ᮒᮂ,,,,
train/1517_01.png,train,ᮒᮂ,,,,
train/1517_02.png,train,ᮒᮂ,,,,
train/1517_03.png,train,ᮒᮂ,,,,
train/1517_04.png,train,ᮒᮂ,,,,
train/1517_05.png,train,ᮒᮂ,,,,
train/1517_06.png,train,ᮒᮂ,,,,
train/1517_07.png,train,ᮒᮂ,,,,
train/1517_08.png,train,ᮒᮂ,,,,
train/1517_09.png,train,ᮒᮂ,,,,
train/1517_10.png,train,ᮒᮂ,,,,
train/1517_11.png,train,ᮒᮂ,,,,
train/1517_12.png,train,ᮒᮂ,,,,
train/1517_13.png,train,ᮒᮂ,,,,
train/1517_14.png,train,ᮒᮂ,,,,
train/68800_00.png,train,ᮒᮢ,,,,
train/68800_01.png,train,ᮒᮢ,,,,
train/68800_02.png,train,ᮒᮢ,,,,
train/68800_03.png,train,ᮒᮢ,,,,
train/68800_04.png,train,ᮒᮢ,,,,
train/68800_05.png,train,ᮒᮢ,,,,
train/68800_06.png,train,ᮒᮢ,,,,
train/68800_07.png,train,ᮒᮢ,,,,
train/68800_08.png,train,ᮒᮢ,,,,
train/68800_09.png,train,ᮒᮢ,,,,
train/68800_10.png,train,ᮒᮢ,,,,
train/68800_11.png,train,ᮒᮢ,,,,
train/68800_12.png,train,ᮒᮢ,,,,
train/68800_13.png,train,ᮒᮢ,,,,
train/68800_14.png,train,ᮒᮢ,,,,
train/38359_00.png,train,ᮒᮤ,,,,
train/38359_01.png,train,ᮒᮤ,,,,
train/38359_02.png,train,ᮒᮤ,,,,
train/38359_03.png,train,ᮒᮤ,,,,
train/38359_04.png,train,ᮒᮤ,,,,
train/38359_05.png,train,ᮒᮤ,,,,
train/38359_06.png,train,ᮒᮤ,,,,
train/38359_07.png,train,ᮒᮤ,,,,
train/38359_08.png,train,ᮒᮤ,,,,
train/38359_09.png,train,ᮒᮤ,,,,
train/38359_10.png,train,ᮒᮤ,,,,
train/38359_11.png,train,ᮒᮤ,,,,
train/38359_12.png,train,ᮒᮤ,,,,
train/38359_13.png,train,ᮒᮤ,,,,
train/38359_14.png,train,ᮒᮤ,,,,
train/81439_00.png,train,ᮒᮤᮀ,,,,
train/81439_01.png,train,ᮒᮤᮀ,,,,
train/81439_02.png,train,ᮒᮤᮀ,,,,
train/81439_03.png,train,ᮒᮤᮀ,,,,
train/81439_04.png,train,ᮒᮤᮀ,,,,
train/81439_05.png,train,ᮒᮤᮀ,,,,
train/81439_06.png,train,ᮒᮤᮀ,,,,
train/81439_07.png,train,ᮒᮤᮀ,,,,
train/81439_08.png,train,ᮒᮤᮀ,,,,
train/81439_09.png,train,ᮒᮤᮀ,,,,
train/81439_10.png,train,ᮒᮤᮀ,,,,
train/81439_11.png,train,ᮒᮤᮀ,,,,
train/81439_12.png,train,ᮒᮤᮀ,,,,
train/81439_13.png,train,ᮒᮤᮀ,,,,
train/81439_14.png,train,ᮒᮤᮀ,,,,
train/22043_00.png,train,ᮒᮤᮂ,,,,
train/22043_01.png,train,ᮒᮤᮂ,,,,
train/22043_02.png,train,ᮒᮤᮂ,,,,
train/22043_03.png,train,ᮒᮤᮂ,,,,
train/22043_04.png,train,ᮒᮤᮂ,,,,
train/22043_05.png,train,ᮒᮤᮂ,,,,
train/22043_06.png,train,ᮒᮤᮂ,,,,
train/22043_07.png,train,ᮒᮤᮂ,,,,
train/22043_08.png,train,ᮒᮤᮂ,,,,
train/22043_09.png,train,ᮒᮤᮂ,,,,
train/22043_10.png,train,ᮒᮤᮂ,,,,
train/22043_11.png,train,ᮒᮤᮂ,,,,
train/22043_12.png,train,ᮒᮤᮂ,,,,
train/22043_13.png,train,ᮒᮤᮂ,,,,
train/22043_14.png,train,ᮒᮤᮂ,,,,
train/64706_00.png,train,ᮒᮥ,,,,
train/64706_01.png,train,ᮒᮥ,,,,
train/64706_02.png,train,ᮒᮥ,,,,
train/64706_03.png,train,ᮒᮥ,,,,
train/64706_04.png,train,ᮒᮥ,,,,
train/64706_05.png,train,ᮒᮥ,,,,
train/64706_06.png,train,ᮒᮥ,,,,
train/64706_07.png,train,ᮒᮥ,,,,
train/64706_08.png,train,ᮒᮥ,,,,
train/64706_09.png,train,ᮒᮥ,,,,
train/64706_10.png,train,ᮒᮥ,,,,
train/64706_11.png,train,ᮒᮥ,,,,
train/64706_12.png,train,ᮒᮥ,,,,
train/64706_13.png,train,ᮒᮥ,,,,
train/64706_14.png,train,ᮒᮥ,,,,
train/83385_00.png,train,ᮒᮥᮀ,,,,
train/83385_01.png,train,ᮒᮥᮀ,,,,
train/83385_02.png,train,ᮒᮥᮀ,,,,
train/83385_03.png,train,ᮒᮥᮀ,,,,
train/83385_04.png,train,ᮒᮥᮀ,,,,
train/83385_05.png,train,ᮒᮥᮀ,,,,
train/83385_06.png,train,ᮒᮥᮀ,,,,
train/83385_07.png,train,ᮒᮥᮀ,,,,
train/83385_08.png,train,ᮒᮥᮀ,,,,
train/83385_09.png,train,ᮒᮥᮀ,,,,
train/83385_10.png,train,ᮒᮥᮀ,,,,
train/83385_11.png,train,ᮒᮥᮀ,,,,
train/83385_12.png,train,ᮒᮥᮀ,,,,
train/83385_13.png,train,ᮒᮥᮀ,,,,
train/83385_14.png,train,ᮒᮥᮀ,,,,
train/69184_00.png,train,ᮒᮥᮁ,,,,
train/69184_01.png,train,ᮒᮥᮁ,,,,
train/69184_02.png,train,ᮒᮥᮁ,,,,
train/69184_03.png,train,ᮒᮥᮁ,,,,
train/69184_04.png,train,ᮒᮥᮁ,,,,
train/69184_05.png,train,ᮒᮥᮁ,,,,
train/69184_06.png,train,ᮒᮥᮁ,,,,
train/69184_07.png,train,ᮒᮥᮁ,,,,
train/69184_08.png,train,ᮒᮥᮁ,,,,
train/69184_09.png,train,ᮒᮥᮁ,,,,
train/69184_10.png,train,ᮒᮥᮁ,,,,
train/69184_11.png,train,ᮒᮥᮁ,,,,
train/69184_12.png,train,ᮒᮥᮁ,,,,
train/69184_13.png,train,ᮒᮥᮁ,,,,
train/69184_14.png,train,ᮒᮥᮁ,,,,
train/76796_00.png,train,ᮒᮥᮂ,,,,
train/76796_01.png,train,ᮒᮥᮂ,,,,
train/76796_02.png,train,ᮒᮥᮂ,,,,
train/76796_03.png,train,ᮒᮥᮂ,,,,
train/76796_04.png,train,ᮒᮥᮂ,,,,
train/76796_05.png,train,ᮒᮥᮂ,,,,
train/76796_06.png,train,ᮒᮥᮂ,,,,
train/76796_07.png,train,ᮒᮥᮂ,,,,
train/76796_08.png,train,ᮒᮥᮂ,,,,
train/76796_09.png,train,ᮒᮥᮂ,,,,
train/76796_10.png,train,ᮒᮥᮂ,,,,
train/76796_11.png,train,ᮒᮥᮂ,,,,
train/76796_12.png,train,ᮒᮥᮂ,,,,
train/76796_13.png,train,ᮒᮥᮂ,,,,
train/76796_14.png,train,ᮒᮥᮂ,,,,
train/52610_00.png,train,ᮒᮦ,,,,
train/52610_01.png,train,ᮒᮦ,,,,
train/52610_02.png,train,ᮒᮦ,,,,
train/52610_03.png,train,ᮒᮦ,,,,
train/52610_04.png,train,ᮒᮦ,,,,
train/52610_05.png,train,ᮒᮦ,,,,
train/52610_06.png,train,ᮒᮦ,,,,
train/52610_07.png,train,ᮒᮦ,,,,
train/52610_08.png,train,ᮒᮦ,,,,
train/52610_09.png,train,ᮒᮦ,,,,
train/52610_10.png,train,ᮒᮦ,,,,
train/52610_11.png,train,ᮒᮦ,,,,
train/52610_12.png,train,ᮒᮦ,,,,
train/52610_13.png,train,ᮒᮦ,,,,
train/52610_14.png,train,ᮒᮦ,,,,
train/18575_00.png,train,ᮒᮦᮀ,,,,
train/18575_01.png,train,ᮒᮦᮀ,,,,
train/18575_02.png,train,ᮒᮦᮀ,,,,
train/18575_03.png,train,ᮒᮦᮀ,,,,
train/18575_04.png,train,ᮒᮦᮀ,,,,
train/18575_05.png,train,ᮒᮦᮀ,,,,
train/18575_06.png,train,ᮒᮦᮀ,,,,
train/18575_07.png,train,ᮒᮦᮀ,,,,
train/18575_08.png,train,ᮒᮦᮀ,,,,
train/18575_09.png,train,ᮒᮦᮀ,,,,
train/18575_10.png,train,ᮒᮦᮀ,,,,
train/18575_11.png,train,ᮒᮦᮀ,,,,
train/18575_12.png,train,ᮒᮦᮀ,,,,
train/18575_13.png,train,ᮒᮦᮀ,,,,
train/18575_14.png,train,ᮒᮦᮀ,,,,
train/15435_00.png,train,ᮒᮦᮁ,,,,
train/15435_01.png,train,ᮒᮦᮁ,,,,
train/15435_02.png,train,ᮒᮦᮁ,,,,
train/15435_03.png,train,ᮒᮦᮁ,,,,
train/15435_04.png,train,ᮒᮦᮁ,,,,
train/15435_05.png,train,ᮒᮦᮁ,,,,
train/15435_06.png,train,ᮒᮦᮁ,,,,
train/15435_07.png,train,ᮒᮦᮁ,,,,
train/15435_08.png,train,ᮒᮦᮁ,,,,
train/15435_09.png,train,ᮒᮦᮁ,,,,
train/15435_10.png,train,ᮒᮦᮁ,,,,
train/15435_11.png,train,ᮒᮦᮁ,,,,
train/15435_12.png,train,ᮒᮦᮁ,,,,
train/15435_13.png,train,ᮒᮦᮁ,,,,
train/15435_14.png,train,ᮒᮦᮁ,,,,
train/63585_00.png,train,ᮒᮦᮂ,,,,
train/63585_01.png,train,ᮒᮦᮂ,,,,
train/63585_02.png,train,ᮒᮦᮂ,,,,
train/63585_03.png,train,ᮒᮦᮂ,,,,
train/63585_04.png,train,ᮒᮦᮂ,,,,
train/63585_05.png,train,ᮒᮦᮂ,,,,
train/63585_06.png,train,ᮒᮦᮂ,,,,
train/63585_07.png,train,ᮒᮦᮂ,,,,
train/63585_08.png,train,ᮒᮦᮂ,,,,
train/63585_09.png,train,ᮒᮦᮂ,,,,
train/63585_10.png,train,ᮒᮦᮂ,,,,
train/63585_11.png,train,ᮒᮦᮂ,,,,
train/63585_12.png,train,ᮒᮦᮂ,,,,
train/63585_13.png,train,ᮒᮦᮂ,,,,
train/63585_14.png,train,ᮒᮦᮂ,,,,
train/16428_00.png,train,ᮒᮧ,,,,
train/16428_01.png,train,ᮒᮧ,,,,
train/16428_02.png,train,ᮒᮧ,,,,
train/16428_03.png,train,ᮒᮧ,,,,
train/16428_04.png,train,ᮒᮧ,,,,
train/16428_05.png,train,ᮒᮧ,,,,
train/16428_06.png,train,ᮒᮧ,,,,
train/16428_07.png,train,ᮒᮧ,,,,
train/16428_08.png,train,ᮒᮧ,,,,
train/16428_09.png,train,ᮒᮧ,,,,
train/16428_10.png,train,ᮒᮧ,,,,
train/16428_11.png,train,ᮒᮧ,,,,
train/16428_12.png,train,ᮒᮧ,,,,
train/16428_13.png,train,ᮒᮧ,,,,
train/16428_14.png,train,ᮒᮧ,,,,
train/35120_00.png,train,ᮒᮧᮀ,,,,
train/35120_01.png,train,ᮒᮧᮀ,,,,
train/35120_02.png,train,ᮒᮧᮀ,,,,
train/35120_03.png,train,ᮒᮧᮀ,,,,
train/35120_04.png,train,ᮒᮧᮀ,,,,
train/35120_05.png,train,ᮒᮧᮀ,,,,
train/35120_06.png,train,ᮒᮧᮀ,,,,
train/35120_07.png,train,ᮒᮧᮀ,,,,
train/35120_08.png,train,ᮒᮧᮀ,,,,
train/35120_09.png,train,ᮒᮧᮀ,,,,
train/35120_10.png,train,ᮒᮧᮀ,,,,
train/35120_11.png,train,ᮒᮧᮀ,,,,
train/35120_12.png,train,ᮒᮧᮀ,,,,
train/35120_13.png,train,ᮒᮧᮀ,,,,
train/35120_14.png,train,ᮒᮧᮀ,,,,
train/62690_00.png,train,ᮒᮧᮁ,,,,
train/62690_01.png,train,ᮒᮧᮁ,,,,
train/62690_02.png,train,ᮒᮧᮁ,,,,
train/62690_03.png,train,ᮒᮧᮁ,,,,
train/62690_04.png,train,ᮒᮧᮁ,,,,
train/62690_05.png,train,ᮒᮧᮁ,,,,
train/62690_06.png,train,ᮒᮧᮁ,,,,
train/62690_07.png,train,ᮒᮧᮁ,,,,
train/62690_08.png,train,ᮒᮧᮁ,,,,
train/62690_09.png,train,ᮒᮧᮁ,,,,
train/62690_10.png,train,ᮒᮧᮁ,,,,
train/62690_11.png,train,ᮒᮧᮁ,,,,
train/62690_12.png,train,ᮒᮧᮁ,,,,
train/62690_13.png,train,ᮒᮧᮁ,,,,
train/62690_14.png,train,ᮒᮧᮁ,,,,
train/59460_00.png,train,ᮒᮧᮂ,,,,
train/59460_01.png,train,ᮒᮧᮂ,,,,
train/59460_02.png,train,ᮒᮧᮂ,,,,
train/59460_03.png,train,ᮒᮧᮂ,,,,
train/59460_04.png,train,ᮒᮧᮂ,,,,
train/59460_05.png,train,ᮒᮧᮂ,,,,
train/59460_06.png,train,ᮒᮧᮂ,,,,
train/59460_07.png,train,ᮒᮧᮂ,,,,
train/59460_08.png,train,ᮒᮧᮂ,,,,
train/59460_09.png,train,ᮒᮧᮂ,,,,
train/59460_10.png,train,ᮒᮧᮂ,,,,
train/59460_11.png,train,ᮒᮧᮂ,,,,
train/59460_12.png,train,ᮒᮧᮂ,,,,
train/59460_13.png,train,ᮒᮧᮂ,,,,
train/59460_14.png,train,ᮒᮧᮂ,,,,
train/54524_00.png,train,ᮒᮨ,,,,
train/54524_01.png,train,ᮒᮨ,,,,
train/54524_02.png,train,ᮒᮨ,,,,
train/54524_03.png,train,ᮒᮨ,,,,
train/54524_04.png,train,ᮒᮨ,,,,
train/54524_05.png,train,ᮒᮨ,,,,
train/54524_06.png,train,ᮒᮨ,,,,
train/54524_07.png,train,ᮒᮨ,,,,
train/54524_08.png,train,ᮒᮨ,,,,
train/54524_09.png,train,ᮒᮨ,,,,
train/54524_10.png,train,ᮒᮨ,,,,
train/54524_11.png,train,ᮒᮨ,,,,
train/54524_12.png,train,ᮒᮨ,,,,
train/54524_13.png,train,ᮒᮨ,,,,
train/54524_14.png,train,ᮒᮨ,,,,
train/34187_00.png,train,ᮒᮨᮀ,,,,
train/34187_01.png,train,ᮒᮨᮀ,,,,
train/34187_02.png,train,ᮒᮨᮀ,,,,
train/34187_03.png,train,ᮒᮨᮀ,,,,
train/34187_04.png,train,ᮒᮨᮀ,,,,
train/34187_05.png,train,ᮒᮨᮀ,,,,
train/34187_06.png,train,ᮒᮨᮀ,,,,
train/34187_07.png,train,ᮒᮨᮀ,,,,
train/34187_08.png,train,ᮒᮨᮀ,,,,
train/34187_09.png,train,ᮒᮨᮀ,,,,
train/34187_10.png,train,ᮒᮨᮀ,,,,
train/34187_11.png,train,ᮒᮨᮀ,,,,
train/34187_12.png,train,ᮒᮨᮀ,,,,
train/34187_13.png,train,ᮒᮨᮀ,,,,
train/34187_14.png,train,ᮒᮨᮀ,,,,
train/41158_00.png,train,ᮒᮨᮁ,,,,
train/41158_01.png,train,ᮒᮨᮁ,,,,
train/41158_02.png,train,ᮒᮨᮁ,,,,
train/41158_03.png,train,ᮒᮨᮁ,,,,
train/41158_04.png,train,ᮒᮨᮁ,,,,
train/41158_05.png,train,ᮒᮨᮁ,,,,
train/41158_06.png,train,ᮒᮨᮁ,,,,
train/41158_07.png,train,ᮒᮨᮁ,,,,
train/41158_08.png,train,ᮒᮨᮁ,,,,
train/41158_09.png,train,ᮒᮨᮁ,,,,
train/41158_10.png,train,ᮒᮨᮁ,,,,
train/41158_11.png,train,ᮒᮨᮁ,,,,
train/41158_12.png,train,ᮒᮨᮁ,,,,
train/41158_13.png,train,ᮒᮨᮁ,,,,
train/41158_14.png,train,ᮒᮨᮁ,,,,
train/29454_00.png,train,ᮒᮨᮂ,,,,
train/29454_01.png,train,ᮒᮨᮂ,,,,
train/29454_02.png,train,ᮒᮨᮂ,,,,
train/29454_03.png,train,ᮒᮨᮂ,,,,
train/29454_04.png,train,ᮒᮨᮂ,,,,
train/29454_05.png,train,ᮒᮨᮂ,,,,
train/29454_06.png,train,ᮒᮨᮂ,,,,
train/29454_07.png,train,ᮒᮨᮂ,,,,
train/29454_08.png,train,ᮒᮨᮂ,,,,
train/29454_09.png,train,ᮒᮨᮂ,,,,
train/29454_10.png,train,ᮒᮨᮂ,,,,
train/29454_11.png,train,ᮒᮨᮂ,,,,
train/29454_12.png,train,ᮒᮨᮂ,,,,
train/29454_13.png,train,ᮒᮨᮂ,,,,
train/29454_14.png,train,ᮒᮨᮂ,,,,
train/56149_00.png,train,ᮒᮩ,,,,
train/56149_01.png,train,ᮒᮩ,,,,
train/56149_02.png,train,ᮒᮩ,,,,
train/56149_03.png,train,ᮒᮩ,,,,
train/56149_04.png,train,ᮒᮩ,,,,
train/56149_05.png,train,ᮒᮩ,,,,
train/56149_06.png,train,ᮒᮩ,,,,
train/56149_07.png,train,ᮒᮩ,,,,
train/56149_08.png,train,ᮒᮩ,,,,
train/56149_09.png,train,ᮒᮩ,,,,
train/56149_10.png,train,ᮒᮩ,,,,
train/56149_11.png,train,ᮒᮩ,,,,
train/56149_12.png,train,ᮒᮩ,,,,
train/56149_13.png,train,ᮒᮩ,,,,
train/56149_14.png,train,ᮒᮩ,,,,
train/84497_00.png,train,ᮒᮩᮀ,,,,
train/84497_01.png,train,ᮒᮩᮀ,,,,
train/84497_02.png,train,ᮒᮩᮀ,,,,
train/84497_03.png,train,ᮒᮩᮀ,,,,
train/84497_04.png,train,ᮒᮩᮀ,,,,
train/84497_05.png,train,ᮒᮩᮀ,,,,
train/84497_06.png,train,ᮒᮩᮀ,,,,
train/84497_07.png,train,ᮒᮩᮀ,,,,
train/84497_08.png,train,ᮒᮩᮀ,,,,
train/84497_09.png,train,ᮒᮩᮀ,,,,
train/84497_10.png,train,ᮒᮩᮀ,,,,
train/84497_11.png,train,ᮒᮩᮀ,,,,
train/84497_12.png,train,ᮒᮩᮀ,,,,
train/84497_13.png,train,ᮒᮩᮀ,,,,
train/84497_14.png,train,ᮒᮩᮀ,,,,
train/67431_00.png,train,ᮒᮩᮁ,,,,
train/67431_01.png,train,ᮒᮩᮁ,,,,
train/67431_02.png,train,ᮒᮩᮁ,,,,
train/67431_03.png,train,ᮒᮩᮁ,,,,
train/67431_04.png,train,ᮒᮩᮁ,,,,
train/67431_05.png,train,ᮒᮩᮁ,,,,
train/67431_06.png,train,ᮒᮩᮁ,,,,
train/67431_07.png,train,ᮒᮩᮁ,,,,
train/67431_08.png,train,ᮒᮩᮁ,,,,
train/67431_09.png,train,ᮒᮩᮁ,,,,
train/67431_10.png,train,ᮒᮩᮁ,,,,
train/67431_11.png,train,ᮒᮩᮁ,,,,
train/67431_12.png,train,ᮒᮩᮁ,,,,
train/67431_13.png,train,ᮒᮩᮁ,,,,
train/67431_14.png,train,ᮒᮩᮁ,,,,
train/99882_00.png,train,ᮒ᮪,,,,
train/99882_01.png,train,ᮒ᮪,,,,
train/99882_02.png,train,ᮒ᮪,,,,
train/99882_03.png,train,ᮒ᮪,,,,
train/99882_04.png,train,ᮒ᮪,,,,
train/99882_05.png,train,ᮒ᮪,,,,
train/99882_06.png,train,ᮒ᮪,,,,
train/99882_07.png,train,ᮒ᮪,,,,
train/99882_08.png,train,ᮒ᮪,,,,
train/99882_09.png,train,ᮒ᮪,,,,
train/99882_10.png,train,ᮒ᮪,,,,
train/99882_11.png,train,ᮒ᮪,,,,
train/99882_12.png,train,ᮒ᮪,,,,
train/99882_13.png,train,ᮒ᮪,,,,
train/99882_14.png,train,ᮒ᮪,,,,
train/99385_00.png,train,ᮓ,,,,
train/99385_01.png,train,ᮓ,,,,
train/99385_02.png,train,ᮓ,,,,
train/99385_03.png,train,ᮓ,,,,
train/99385_04.png,train,ᮓ,,,,
train/99385_05.png,train,ᮓ,,,,
train/99385_06.png,train,ᮓ,,,,
train/99385_07.png,train,ᮓ,,,,
train/99385_08.png,train,ᮓ,,,,
train/99385_09.png,train,ᮓ,,,,
train/99385_10.png,train,ᮓ,,,,
train/99385_11.png,train,ᮓ,,,,
train/99385_12.png,train,ᮓ,,,,
train/99385_13.png,train,ᮓ,,,,
train/99385_14.png,train,ᮓ,,,,
train/28368_00.png,train,ᮓᮀ,,,,
train/28368_01.png,train,ᮓᮀ,,,,
train/28368_02.png,train,ᮓᮀ,,,,
train/28368_03.png,train,ᮓᮀ,,,,
train/28368_04.png,train,ᮓᮀ,,,,
train/28368_05.png,train,ᮓᮀ,,,,
train/28368_06.png,train,ᮓᮀ,,,,
train/28368_07.png,train,ᮓᮀ,,,,
train/28368_08.png,train,ᮓᮀ,,,,
train/28368_09.png,train,ᮓᮀ,,,,
train/28368_10.png,train,ᮓᮀ,,,,
train/28368_11.png,train,ᮓᮀ,,,,
train/28368_12.png,train,ᮓᮀ,,,,
train/28368_13.png,train,ᮓᮀ,,,,
train/28368_14.png,train,ᮓᮀ,,,,
train/68907_00.png,train,ᮓᮁ,,,,
train/68907_01.png,train,ᮓᮁ,,,,
train/68907_02.png,train,ᮓᮁ,,,,
train/68907_03.png,train,ᮓᮁ,,,,
train/68907_04.png,train,ᮓᮁ,,,,
train/68907_05.png,train,ᮓᮁ,,,,
train/68907_06.png,train,ᮓᮁ,,,,
train/68907_07.png,train,ᮓᮁ,,,,
train/68907_08.png,train,ᮓᮁ,,,,
train/68907_09.png,train,ᮓᮁ,,,,
train/68907_10.png,train,ᮓᮁ,,,,
train/68907_11.png,train,ᮓᮁ,,,,
train/68907_12.png,train,ᮓᮁ,,,,
train/68907_13.png,train,ᮓᮁ,,,,
train/68907_14.png,train,ᮓᮁ,,,,
train/45366_00.png,train,ᮓᮂ,,,,
train/45366_01.png,train,ᮓᮂ,,,,
train/45366_02.png,train,ᮓᮂ,,,,
train/45366_03.png,train,ᮓᮂ,,,,
train/45366_04.png,train,ᮓᮂ,,,,
train/45366_05.png,train,ᮓᮂ,,,,
train/45366_06.png,train,ᮓᮂ,,,,
train/45366_07.png,train,ᮓᮂ,,,,
train/45366_08.png,train,ᮓᮂ,,,,
train/45366_09.png,train,ᮓᮂ,,,,
train/45366_10.png,train,ᮓᮂ,,,,
train/45366_11.png,train,ᮓᮂ,,,,
train/45366_12.png,train,ᮓᮂ,,,,
train/45366_13.png,train,ᮓᮂ,,,,
train/45366_14.png,train,ᮓᮂ,,,,
train/96083_00.png,train,ᮓᮢ,,,,
train/96083_01.png,train,ᮓᮢ,,,,
train/96083_02.png,train,ᮓᮢ,,,,
train/96083_03.png,train,ᮓᮢ,,,,
train/96083_04.png,train,ᮓᮢ,,,,
train/96083_05.png,train,ᮓᮢ,,,,
train/96083_06.png,train,ᮓᮢ,,,,
train/96083_07.png,train,ᮓᮢ,,,,
train/96083_08.png,train,ᮓᮢ,,,,
train/96083_09.png,train,ᮓᮢ,,,,
train/96083_10.png,train,ᮓᮢ,,,,
train/96083_11.png,train,ᮓᮢ,,,,
train/96083_12.png,train,ᮓᮢ,,,,
train/96083_13.png,train,ᮓᮢ,,,,
train/96083_14.png,train,ᮓᮢ,,,,
train/62394_00.png,train,ᮓᮢᮤ,,,,
train/62394_01.png,train,ᮓᮢᮤ,,,,
train/62394_02.png,train,ᮓᮢᮤ,,,,
train/62394_03.png,train,ᮓᮢᮤ,,,,
train/62394_04.png,train,ᮓᮢᮤ,,,,
train/62394_05.png,train,ᮓᮢᮤ,,,,
train/62394_06.png,train,ᮓᮢᮤ,,,,
train/62394_07.png,train,ᮓᮢᮤ,,,,
train/62394_08.png,train,ᮓᮢᮤ,,,,
train/62394_09.png,train,ᮓᮢᮤ,,,,
train/62394_10.png,train,ᮓᮢᮤ,,,,
train/62394_11.png,train,ᮓᮢᮤ,,,,
train/62394_12.png,train,ᮓᮢᮤ,,,,
train/62394_13.png,train,ᮓᮢᮤ,,,,
train/62394_14.png,train,ᮓᮢᮤ,,,,
train/15133_00.png,train,ᮓᮤ,,,,
train/15133_01.png,train,ᮓᮤ,,,,
train/15133_02.png,train,ᮓᮤ,,,,
train/15133_03.png,train,ᮓᮤ,,,,
train/15133_04.png,train,ᮓᮤ,,,,
train/15133_05.png,train,ᮓᮤ,,,,
train/15133_06.png,train,ᮓᮤ,,,,
train/15133_07.png,train,ᮓᮤ,,,,
train/15133_08.png,train,ᮓᮤ,,,,
train/15133_09.png,train,ᮓᮤ,,,,
train/15133_10.png,train,ᮓᮤ,,,,
train/15133_11.png,train,ᮓᮤ,,,,
train/15133_12.png,train,ᮓᮤ,,,,
train/15133_13.png,train,ᮓᮤ,,,,
train/15133_14.png,train,ᮓᮤ,,,,
train/27155_00.png,train,ᮓᮤᮀ,,,,
train/27155_01.png,train,ᮓᮤᮀ,,,,
train/27155_02.png,train,ᮓᮤᮀ,,,,
train/27155_03.png,train,ᮓᮤᮀ,,,,
train/27155_04.png,train,ᮓᮤᮀ,,,,
train/27155_05.png,train,ᮓᮤᮀ,,,,
train/27155_06.png,train,ᮓᮤᮀ,,,,
train/27155_07.png,train,ᮓᮤᮀ,,,,
train/27155_08.png,train,ᮓᮤᮀ,,,,
train/27155_09.png,train,ᮓᮤᮀ,,,,
train/27155_10.png,train,ᮓᮤᮀ,,,,
train/27155_11.png,train,ᮓᮤᮀ,,,,
train/27155_12.png,train,ᮓᮤᮀ,,,,
train/27155_13.png,train,ᮓᮤᮀ,,,,
train/27155_14.png,train,ᮓᮤᮀ,,,,
train/52403_00.png,train,ᮓᮥ,,,,
train/52403_01.png,train,ᮓᮥ,,,,
train/52403_02.png,train,ᮓᮥ,,,,
train/52403_03.png,train,ᮓᮥ,,,,
train/52403_04.png,train,ᮓᮥ,,,,
train/52403_05.png,train,ᮓᮥ,,,,
train/52403_06.png,train,ᮓᮥ,,,,
train/52403_07.png,train,ᮓᮥ,,,,
train/52403_08.png,train,ᮓᮥ,,,,
train/52403_09.png,train,ᮓᮥ,,,,
train/52403_10.png,train,ᮓᮥ,,,,
train/52403_11.png,train,ᮓᮥ,,,,
train/52403_12.png,train,ᮓᮥ,,,,
train/52403_13.png,train,ᮓᮥ,,,,
train/52403_14.png,train,ᮓᮥ,,,,
train/49494_00.png,train,ᮓᮥᮀ,,,,
train/49494_01.png,train,ᮓᮥᮀ,,,,
train/49494_02.png,train,ᮓᮥᮀ,,,,
train/49494_03.png,train,ᮓᮥᮀ,,,,
train/49494_04.png,train,ᮓᮥᮀ,,,,
train/49494_05.png,train,ᮓᮥᮀ,,,,
train/49494_06.png,train,ᮓᮥᮀ,,,,
train/49494_07.png,train,ᮓᮥᮀ,,,,
train/49494_08.png,train,ᮓᮥᮀ,,,,
train/49494_09.png,train,ᮓᮥᮀ,,,,
train/49494_10.png,train,ᮓᮥᮀ,,,,
train/49494_11.png,train,ᮓᮥᮀ,,,,
train/49494_12.png,train,ᮓᮥᮀ,,,,
train/49494_13.png,train,ᮓᮥᮀ,,,,
train/49494_14.png,train,ᮓᮥᮀ,,,,
train/9723_00.png,train,ᮓᮥᮂ,,,,
train/9723_01.png,train,ᮓᮥᮂ,,,,
train/9723_02.png,train,ᮓᮥᮂ,,,,
train/9723_03.png,train,ᮓᮥᮂ,,,,
train/9723_04.png,train,ᮓᮥᮂ,,,,
train/9723_05.png,train,ᮓᮥᮂ,,,,
train/9723_06.png,train,ᮓᮥᮂ,,,,
train/9723_07.png,train,ᮓᮥᮂ,,,,
train/9723_08.png,train,ᮓᮥᮂ,,,,
train/9723_09.png,train,ᮓᮥᮂ,,,,
train/9723_10.png,train,ᮓᮥᮂ,,,,
train/9723_11.png,train,ᮓᮥᮂ,,,,
train/9723_12.png,train,ᮓᮥᮂ,,,,
train/9723_13.png,train,ᮓᮥᮂ,,,,
train/9723_14.png,train,ᮓᮥᮂ,,,,
train/838_00.png,train,ᮓᮦ,,,,
train/838_01.png,train,ᮓᮦ,,,,
train/838_02.png,train,ᮓᮦ,,,,
train/838_03.png,train,ᮓᮦ,,,,
train/838_04.png,train,ᮓᮦ,,,,
train/838_05.png,train,ᮓᮦ,,,,
train/838_06.png,train,ᮓᮦ,,,,
train/838_07.png,train,ᮓᮦ,,,,
train/838_08.png,train,ᮓᮦ,,,,
train/838_09.png,train,ᮓᮦ,,,,
train/838_10.png,train,ᮓᮦ,,,,
train/838_11.png,train,ᮓᮦ,,,,
train/838_12.png,train,ᮓᮦ,,,,
train/838_13.png,train,ᮓᮦ,,,,
train/838_14.png,train,ᮓᮦ,,,,
train/85422_00.png,train,ᮓᮦᮀ,,,,
train/85422_01.png,train,ᮓᮦᮀ,,,,
train/85422_02.png,train,ᮓᮦᮀ,,,,
train/85422_03.png,train,ᮓᮦᮀ,,,,
train/85422_04.png,train,ᮓᮦᮀ,,,,
train/85422_05.png,train,ᮓᮦᮀ,,,,
train/85422_06.png,train,ᮓᮦᮀ,,,,
train/85422_07.png,train,ᮓᮦᮀ,,,,
train/85422_08.png,train,ᮓᮦᮀ,,,,
train/85422_09.png,train,ᮓᮦᮀ,,,,
train/85422_10.png,train,ᮓᮦᮀ,,,,
train/85422_11.png,train,ᮓᮦᮀ,,,,
train/85422_12.png,train,ᮓᮦᮀ,,,,
train/85422_13.png,train,ᮓᮦᮀ,,,,
train/85422_14.png,train,ᮓᮦᮀ,,,,
train/54663_00.png,train,ᮓᮧ,,,,
train/54663_01.png,train,ᮓᮧ,,,,
train/54663_02.png,train,ᮓᮧ,,,,
train/54663_03.png,train,ᮓᮧ,,,,
train/54663_04.png,train,ᮓᮧ,,,,
train/54663_05.png,train,ᮓᮧ,,,,
train/54663_06.png,train,ᮓᮧ,,,,
train/54663_07.png,train,ᮓᮧ,,,,
train/54663_08.png,train,ᮓᮧ,,,,
train/54663_09.png,train,ᮓᮧ,,,,
train/54663_10.png,train,ᮓᮧ,,,,
train/54663_11.png,train,ᮓᮧ,,,,
train/54663_12.png,train,ᮓᮧ,,,,
train/54663_13.png,train,ᮓᮧ,,,,
train/54663_14.png,train,ᮓᮧ,,,,
train/84285_00.png,train,ᮓᮧᮀ,,,,
train/84285_01.png,train,ᮓᮧᮀ,,,,
train/84285_02.png,train,ᮓᮧᮀ,,,,
train/84285_03.png,train,ᮓᮧᮀ,,,,
train/84285_04.png,train,ᮓᮧᮀ,,,,
train/84285_05.png,train,ᮓᮧᮀ,,,,
train/84285_06.png,train,ᮓᮧᮀ,,,,
train/84285_07.png,train,ᮓᮧᮀ,,,,
train/84285_08.png,train,ᮓᮧᮀ,,,,
train/84285_09.png,train,ᮓᮧᮀ,,,,
train/84285_10.png,train,ᮓᮧᮀ,,,,
train/84285_11.png,train,ᮓᮧᮀ,,,,
train/84285_12.png,train,ᮓᮧᮀ,,,,
train/84285_13.png,train,ᮓᮧᮀ,,,,
train/84285_14.png,train,ᮓᮧᮀ,,,,
train/19863_00.png,train,ᮓᮧᮁ,,,,
train/19863_01.png,train,ᮓᮧᮁ,,,,
train/19863_02.png,train,ᮓᮧᮁ,,,,
train/19863_03.png,train,ᮓᮧᮁ,,,,
train/19863_04.png,train,ᮓᮧᮁ,,,,
train/19863_05.png,train,ᮓᮧᮁ,,,,
train/19863_06.png,train,ᮓᮧᮁ,,,,
train/19863_07.png,train,ᮓᮧᮁ,,,,
train/19863_08.png,train,ᮓᮧᮁ,,,,
train/19863_09.png,train,ᮓᮧᮁ,,,,
train/19863_10.png,train,ᮓᮧᮁ,,,,
train/19863_11.png,train,ᮓᮧᮁ,,,,
train/19863_12.png,train,ᮓᮧᮁ,,,,
train/19863_13.png,train,ᮓᮧᮁ,,,,
train/19863_14.png,train,ᮓᮧᮁ,,,,
train/46888_00.png,train,ᮓᮨ,,,,
train/46888_01.png,train,ᮓᮨ,,,,
train/46888_02.png,train,ᮓᮨ,,,,
train/46888_03.png,train,ᮓᮨ,,,,
train/46888_04.png,train,ᮓᮨ,,,,
train/46888_05.png,train,ᮓᮨ,,,,
train/46888_06.png,train,ᮓᮨ,,,,
train/46888_07.png,train,ᮓᮨ,,,,
train/46888_08.png,train,ᮓᮨ,,,,
train/46888_09.png,train,ᮓᮨ,,,,
train/46888_10.png,train,ᮓᮨ,,,,
train/46888_11.png,train,ᮓᮨ,,,,
train/46888_12.png,train,ᮓᮨ,,,,
train/46888_13.png,train,ᮓᮨ,,,,
train/46888_14.png,train,ᮓᮨ,,,,
train/85730_00.png,train,ᮓᮨᮀ,,,,
train/85730_01.png,train,ᮓᮨᮀ,,,,
train/85730_02.png,train,ᮓᮨᮀ,,,,
train/85730_03.png,train,ᮓᮨᮀ,,,,
train/85730_04.png,train,ᮓᮨᮀ,,,,
train/85730_05.png,train,ᮓᮨᮀ,,,,
train/85730_06.png,train,ᮓᮨᮀ,,,,
train/85730_07.png,train,ᮓᮨᮀ,,,,
train/85730_08.png,train,ᮓᮨᮀ,,,,
train/85730_09.png,train,ᮓᮨᮀ,,,,
train/85730_10.png,train,ᮓᮨᮀ,,,,
train/85730_11.png,train,ᮓᮨᮀ,,,,
train/85730_12.png,train,ᮓᮨᮀ,,,,
train/85730_13.png,train,ᮓᮨᮀ,,,,
train/85730_14.png,train,ᮓᮨᮀ,,,,
train/97951_00.png,train,ᮓᮩ,,,,
train/97951_01.png,train,ᮓᮩ,,,,
train/97951_02.png,train,ᮓᮩ,,,,
train/97951_03.png,train,ᮓᮩ,,,,
train/97951_04.png,train,ᮓᮩ,,,,
train/97951_05.png,train,ᮓᮩ,,,,
train/97951_06.png,train,ᮓᮩ,,,,
train/97951_07.png,train,ᮓᮩ,,,,
train/97951_08.png,train,ᮓᮩ,,,,
train/97951_09.png,train,ᮓᮩ,,,,
train/97951_10.png,train,ᮓᮩ,,,,
train/97951_11.png,train,ᮓᮩ,,,,
train/97951_12.png,train,ᮓᮩ,,,,
train/97951_13.png,train,ᮓᮩ,,,,
train/97951_14.png,train,ᮓᮩ,,,,
train/60508_00.png,train,ᮓᮩᮀ,,,,
train/60508_01.png,train,ᮓᮩᮀ,,,,
train/60508_02.png,train,ᮓᮩᮀ,,,,
train/60508_03.png,train,ᮓᮩᮀ,,,,
train/60508_04.png,train,ᮓᮩᮀ,,,,
train/60508_05.png,train,ᮓᮩᮀ,,,,
train/60508_06.png,train,ᮓᮩᮀ,,,,
train/60508_07.png,train,ᮓᮩᮀ,,,,
train/60508_08.png,train,ᮓᮩᮀ,,,,
train/60508_09.png,train,ᮓᮩᮀ,,,,
train/60508_10.png,train,ᮓᮩᮀ,,,,
train/60508_11.png,train,ᮓᮩᮀ,,,,
train/60508_12.png,train,ᮓᮩᮀ,,,,
train/60508_13.png,train,ᮓᮩᮀ,,,,
train/60508_14.png,train,ᮓᮩᮀ,,,,
train/10588_00.png,train,ᮓᮩᮂ,,,,
train/10588_01.png,train,ᮓᮩᮂ,,,,
train/10588_02.png,train,ᮓᮩᮂ,,,,
train/10588_03.png,train,ᮓᮩᮂ,,,,
train/10588_04.png,train,ᮓᮩᮂ,,,,
train/10588_05.png,train,ᮓᮩᮂ,,,,
train/10588_06.png,train,ᮓᮩᮂ,,,,
train/10588_07.png,train,ᮓᮩᮂ,,,,
train/10588_08.png,train,ᮓᮩᮂ,,,,
train/10588_09.png,train,ᮓᮩᮂ,,,,
train/10588_10.png,train,ᮓᮩᮂ,,,,
train/10588_11.png,train,ᮓᮩᮂ,,,,
train/10588_12.png,train,ᮓᮩᮂ,,,,
train/10588_13.png,train,ᮓᮩᮂ,,,,
train/10588_14.png,train,ᮓᮩᮂ,,,,
train/19719_00.png,train,ᮓ᮪,,,,
train/19719_01.png,train,ᮓ᮪,,,,
train/19719_02.png,train,ᮓ᮪,,,,
train/19719_03.png,train,ᮓ᮪,,,,
train/19719_04.png,train,ᮓ᮪,,,,
train/19719_05.png,train,ᮓ᮪,,,,
train/19719_06.png,train,ᮓ᮪,,,,
train/19719_07.png,train,ᮓ᮪,,,,
train/19719_08.png,train,ᮓ᮪,,,,
train/19719_09.png,train,ᮓ᮪,,,,
train/19719_10.png,train,ᮓ᮪,,,,
train/19719_11.png,train,ᮓ᮪,,,,
train/19719_12.png,train,ᮓ᮪,,,,
train/19719_13.png,train,ᮓ᮪,,,,
train/19719_14.png,train,ᮓ᮪,,,,
train/53914_00.png,train,ᮔ,,,,
train/53914_01.png,train,ᮔ,,,,
train/53914_02.png,train,ᮔ,,,,
train/53914_03.png,train,ᮔ,,,,
train/53914_04.png,train,ᮔ,,,,
train/53914_05.png,train,ᮔ,,,,
train/53914_06.png,train,ᮔ,,,,
train/53914_07.png,train,ᮔ,,,,
train/53914_08.png,train,ᮔ,,,,
train/53914_09.png,train,ᮔ,,,,
train/53914_10.png,train,ᮔ,,,,
train/53914_11.png,train,ᮔ,,,,
train/53914_12.png,train,ᮔ,,,,
train/53914_13.png,train,ᮔ,,,,
train/53914_14.png,train,ᮔ,,,,
train/78473_00.png,train,ᮔᮀ,,,,
train/78473_01.png,train,ᮔᮀ,,,,
train/78473_02.png,train,ᮔᮀ,,,,
train/78473_03.png,train,ᮔᮀ,,,,
train/78473_04.png,train,ᮔᮀ,,,,
train/78473_05.png,train,ᮔᮀ,,,,
train/78473_06.png,train,ᮔᮀ,,,,
train/78473_07.png,train,ᮔᮀ,,,,
train/78473_08.png,train,ᮔᮀ,,,,
train/78473_09.png,train,ᮔᮀ,,,,
train/78473_10.png,train,ᮔᮀ,,,,
train/78473_11.png,train,ᮔᮀ,,,,
train/78473_12.png,train,ᮔᮀ,,,,
train/78473_13.png,train,ᮔᮀ,,,,
train/78473_14.png,train,ᮔᮀ,,,,
train/34569_00.png,train,ᮔᮁ,,,,
train/34569_01.png,train,ᮔᮁ,,,,
train/34569_02.png,train,ᮔᮁ,,,,
train/34569_03.png,train,ᮔᮁ,,,,
train/34569_04.png,train,ᮔᮁ,,,,
train/34569_05.png,train,ᮔᮁ,,,,
train/34569_06.png,train,ᮔᮁ,,,,
train/34569_07.png,train,ᮔᮁ,,,,
train/34569_08.png,train,ᮔᮁ,,,,
train/34569_09.png,train,ᮔᮁ,,,,
train/34569_10.png,train,ᮔᮁ,,,,
train/34569_11.png,train,ᮔᮁ,,,,
train/34569_12.png,train,ᮔᮁ,,,,
train/34569_13.png,train,ᮔᮁ,,,,
train/34569_14.png,train,ᮔᮁ,,,,
train/36058_00.png,train,ᮔᮂ,,,,
train/36058_01.png,train,ᮔᮂ,,,,
train/36058_02.png,train,ᮔᮂ,,,,
train/36058_03.png,train,ᮔᮂ,,,,
train/36058_04.png,train,ᮔᮂ,,,,
train/36058_05.png,train,ᮔᮂ,,,,
train/36058_06.png,train,ᮔᮂ,,,,
train/36058_07.png,train,ᮔᮂ,,,,
train/36058_08.png,train,ᮔᮂ,,,,
train/36058_09.png,train,ᮔᮂ,,,,
train/36058_10.png,train,ᮔᮂ,,,,
train/36058_11.png,train,ᮔᮂ,,,,
train/36058_12.png,train,ᮔᮂ,,,,
train/36058_13.png,train,ᮔᮂ,,,,
train/36058_14.png,train,ᮔᮂ,,,,
train/43913_00.png,train,ᮔᮤ,,,,
train/43913_01.png,train,ᮔᮤ,,,,
train/43913_02.png,train,ᮔᮤ,,,,
train/43913_03.png,train,ᮔᮤ,,,,
train/43913_04.png,train,ᮔᮤ,,,,
train/43913_05.png,train,ᮔᮤ,,,,
train/43913_06.png,train,ᮔᮤ,,,,
train/43913_07.png,train,ᮔᮤ,,,,
train/43913_08.png,train,ᮔᮤ,,,,
train/43913_09.png,train,ᮔᮤ,,,,
train/43913_10.png,train,ᮔᮤ,,,,
train/43913_11.png,train,ᮔᮤ,,,,
train/43913_12.png,train,ᮔᮤ,,,,
train/43913_13.png,train,ᮔᮤ,,,,
train/43913_14.png,train,ᮔᮤ,,,,
train/17818_00.png,train,ᮔᮤᮀ,,,,
train/17818_01.png,train,ᮔᮤᮀ,,,,
train/17818_02.png,train,ᮔᮤᮀ,,,,
train/17818_03.png,train,ᮔᮤᮀ,,,,
train/17818_04.png,train,ᮔᮤᮀ,,,,
train/17818_05.png,train,ᮔᮤᮀ,,,,
train/17818_06.png,train,ᮔᮤᮀ,,,,
train/17818_07.png,train,ᮔᮤᮀ,,,,
train/17818_08.png,train,ᮔᮤᮀ,,,,
train/17818_09.png,train,ᮔᮤᮀ,,,,
train/17818_10.png,train,ᮔᮤᮀ,,,,
train/17818_11.png,train,ᮔᮤᮀ,,,,
train/17818_12.png,train,ᮔᮤᮀ,,,,
train/17818_13.png,train,ᮔᮤᮀ,,,,
train/17818_14.png,train,ᮔᮤᮀ,,,,
train/99393_00.png,train,ᮔᮥ,,,,
train/99393_01.png,train,ᮔᮥ,,,,
train/99393_02.png,train,ᮔᮥ,,,,
train/99393_03.png,train,ᮔᮥ,,,,
train/99393_04.png,train,ᮔᮥ,,,,
train/99393_05.png,train,ᮔᮥ,,,,
train/99393_06.png,train,ᮔᮥ,,,,
train/99393_07.png,train,ᮔᮥ,,,,
train/99393_08.png,train,ᮔᮥ,,,,
train/99393_09.png,train,ᮔᮥ,,,,
train/99393_10.png,train,ᮔᮥ,,,,
train/99393_11.png,train,ᮔᮥ,,,,
train/99393_12.png,train,ᮔᮥ,,,,
train/99393_13.png,train,ᮔᮥ,,,,
train/99393_14.png,train,ᮔᮥ,,,,
train/21699_00.png,train,ᮔᮥᮀ,,,,
train/21699_01.png,train,ᮔᮥᮀ,,,,
train/21699_02.png,train,ᮔᮥᮀ,,,,
train/21699_03.png,train,ᮔᮥᮀ,,,,
train/21699_04.png,train,ᮔᮥᮀ,,,,
train/21699_05.png,train,ᮔᮥᮀ,,,,
train/21699_06.png,train,ᮔᮥᮀ,,,,
train/21699_07.png,train,ᮔᮥᮀ,,,,
train/21699_08.png,train,ᮔᮥᮀ,,,,
train/21699_09.png,train,ᮔᮥᮀ,,,,
train/21699_10.png,train,ᮔᮥᮀ,,,,
train/21699_11.png,train,ᮔᮥᮀ,,,,
train/21699_12.png,train,ᮔᮥᮀ,,,,
train/21699_13.png,train,ᮔᮥᮀ,,,,
train/21699_14.png,train,ᮔᮥᮀ,,,,
train/18039_00.png,train,ᮔᮦ,,,,
train/18039_01.png,train,ᮔᮦ,,,,
train/18039_02.png,train,ᮔᮦ,,,,
train/18039_03.png,train,ᮔᮦ,,,,
train/18039_04.png,train,ᮔᮦ,,,,
train/18039_05.png,train,ᮔᮦ,,,,
train/18039_06.png,train,ᮔᮦ,,,,
train/18039_07.png,train,ᮔᮦ,,,,
train/18039_08.png,train,ᮔᮦ,,,,
train/18039_09.png,train,ᮔᮦ,,,,
train/18039_10.png,train,ᮔᮦ,,,,
train/18039_11.png,train,ᮔᮦ,,,,
train/18039_12.png,train,ᮔᮦ,,,,
train/18039_13.png,train,ᮔᮦ,,,,
train/18039_14.png,train,ᮔᮦ,,,,
train/89389_00.png,train,ᮔᮦᮂ,,,,
train/89389_01.png,train,ᮔᮦᮂ,,,,
train/89389_02.png,train,ᮔᮦᮂ,,,,
train/89389_03.png,train,ᮔᮦᮂ,,,,
train/89389_04.png,train,ᮔᮦᮂ,,,,
train/89389_05.png,train,ᮔᮦᮂ,,,,
train/89389_06.png,train,ᮔᮦᮂ,,,,
train/89389_07.png,train,ᮔᮦᮂ,,,,
train/89389_08.png,train,ᮔᮦᮂ,,,,
train/89389_09.png,train,ᮔᮦᮂ,,,,
train/89389_10.png,train,ᮔᮦᮂ,,,,
train/89389_11.png,train,ᮔᮦᮂ,,,,
train/89389_12.png,train,ᮔᮦᮂ,,,,
train/89389_13.png,train,ᮔᮦᮂ,,,,
train/89389_14.png,train,ᮔᮦᮂ,,,,
train/41500_00.png,train,ᮔᮧ,,,,
train/41500_01.png,train,ᮔᮧ,,,,
train/41500_02.png,train,ᮔᮧ,,,,
train/41500_03.png,train,ᮔᮧ,,,,
train/41500_04.png,train,ᮔᮧ,,,,
train/41500_05.png,train,ᮔᮧ,,,,
train/41500_06.png,train,ᮔᮧ,,,,
train/41500_07.png,train,ᮔᮧ,,,,
train/41500_08.png,train,ᮔᮧ,,,,
train/41500_09.png,train,ᮔᮧ,,,,
train/41500_10.png,train,ᮔᮧ,,,,
train/41500_11.png,train,ᮔᮧ,,,,
train/41500_12.png,train,ᮔᮧ,,,,
train/41500_13.png,train,ᮔᮧ,,,,
train/41500_14.png,train,ᮔᮧ,,,,
train/39022_00.png,train,ᮔᮨ,,,,
train/39022_01.png,train,ᮔᮨ,,,,
train/39022_02.png,train,ᮔᮨ,,,,
train/39022_03.png,train,ᮔᮨ,,,,
train/39022_04.png,train,ᮔᮨ,,,,
train/39022_05.png,train,ᮔᮨ,,,,
train/39022_06.png,train,ᮔᮨ,,,,
train/39022_07.png,train,ᮔᮨ,,,,
train/39022_08.png,train,ᮔᮨ,,,,
train/39022_09.png,train,ᮔᮨ,,,,
train/39022_10.png,train,ᮔᮨ,,,,
train/39022_11.png,train,ᮔᮨ,,,,
train/39022_12.png,train,ᮔᮨ,,,,
train/39022_13.png,train,ᮔᮨ,,,,
train/39022_14.png,train,ᮔᮨ,,,,
train/14581_00.png,train,ᮔᮨᮁ,,,,
train/14581_01.png,train,ᮔᮨᮁ,,,,
train/14581_02.png,train,ᮔᮨᮁ,,,,
train/14581_03.png,train,ᮔᮨᮁ,,,,
train/14581_04.png,train,ᮔᮨᮁ,,,,
train/14581_05.png,train,ᮔᮨᮁ,,,,
train/14581_06.png,train,ᮔᮨᮁ,,,,
train/14581_07.png,train,ᮔᮨᮁ,,,,
train/14581_08.png,train,ᮔᮨᮁ,,,,
train/14581_09.png,train,ᮔᮨᮁ,,,,
train/14581_10.png,train,ᮔᮨᮁ,,,,
train/14581_11.png,train,ᮔᮨᮁ,,,,
train/14581_12.png,train,ᮔᮨᮁ,,,,
train/14581_13.png,train,ᮔᮨᮁ,,,,
train/14581_14.png,train,ᮔᮨᮁ,,,,
train/2954_00.png,train,ᮔᮩ,,,,
train/2954_01.png,train,ᮔᮩ,,,,
train/2954_02.png,train,ᮔᮩ,,,,
train/2954_03.png,train,ᮔᮩ,,,,
train/2954_04.png,train,ᮔᮩ,,,,
train/2954_05.png,train,ᮔᮩ,,,,
train/2954_06.png,train,ᮔᮩ,,,,
train/2954_07.png,train,ᮔᮩ,,,,
train/2954_08.png,train,ᮔᮩ,,,,
train/2954_09.png,train,ᮔᮩ,,,,
train/2954_10.png,train,ᮔᮩ,,,,
train/2954_11.png,train,ᮔᮩ,,,,
train/2954_12.png,train,ᮔᮩ,,,,
train/2954_13.png,train,ᮔᮩ,,,,
train/2954_14.png,train,ᮔᮩ,,,,
train/34767_00.png,train,ᮔᮩᮂ,,,,
train/34767_01.png,train,ᮔᮩᮂ,,,,
train/34767_02.png,train,ᮔᮩᮂ,,,,
train/34767_03.png,train,ᮔᮩᮂ,,,,
train/34767_04.png,train,ᮔᮩᮂ,,,,
train/34767_05.png,train,ᮔᮩᮂ,,,,
train/34767_06.png,train,ᮔᮩᮂ,,,,
train/34767_07.png,train,ᮔᮩᮂ,,,,
train/34767_08.png,train,ᮔᮩᮂ,,,,
train/34767_09.png,train,ᮔᮩᮂ,,,,
train/34767_10.png,train,ᮔᮩᮂ,,,,
train/34767_11.png,train,ᮔᮩᮂ,,,,
train/34767_12.png,train,ᮔᮩᮂ,,,,
train/34767_13.png,train,ᮔᮩᮂ,,,,
train/34767_14.png,train,ᮔᮩᮂ,,,,
train/55273_00.png,train,ᮔ᮪,,,,
train/55273_01.png,train,ᮔ᮪,,,,
train/55273_02.png,train,ᮔ᮪,,,,
train/55273_03.png,train,ᮔ᮪,,,,
train/55273_04.png,train,ᮔ᮪,,,,
train/55273_05.png,train,ᮔ᮪,,,,
train/55273_06.png,train,ᮔ᮪,,,,
train/55273_07.png,train,ᮔ᮪,,,,
train/55273_08.png,train,ᮔ᮪,,,,
train/55273_09.png,train,ᮔ᮪,,,,
train/55273_10.png,train,ᮔ᮪,,,,
train/55273_11.png,train,ᮔ᮪,,,,
train/55273_12.png,train,ᮔ᮪,,,,
train/55273_13.png,train,ᮔ᮪,,,,
train/55273_14.png,train,ᮔ᮪,,,,
train/29532_00.png,train,ᮕ,,,,
train/29532_01.png,train,ᮕ,,,,
train/29532_02.png,train,ᮕ,,,,
train/29532_03.png,train,ᮕ,,,,
train/29532_04.png,train,ᮕ,,,,
train/29532_05.png,train,ᮕ,,,,
train/29532_06.png,train,ᮕ,,,,
train/29532_07.png,train,ᮕ,,,,
train/29532_08.png,train,ᮕ,,,,
train/29532_09.png,train,ᮕ,,,,
train/29532_10.png,train,ᮕ,,,,
train/29532_11.png,train,ᮕ,,,,
train/29532_12.png,train,ᮕ,,,,
train/29532_13.png,train,ᮕ,,,,
train/29532_14.png,train,ᮕ,,,,
train/63234_00.png,train,ᮕᮀ,,,,
train/63234_01.png,train,ᮕᮀ,,,,
train/63234_02.png,train,ᮕᮀ,,,,
train/63234_03.png,train,ᮕᮀ,,,,
train/63234_04.png,train,ᮕᮀ,,,,
train/63234_05.png,train,ᮕᮀ,,,,
train/63234_06.png,train,ᮕᮀ,,,,
train/63234_07.png,train,ᮕᮀ,,,,
train/63234_08.png,train,ᮕᮀ,,,,
train/63234_09.png,train,ᮕᮀ,,,,
train/63234_10.png,train,ᮕᮀ,,,,
train/63234_11.png,train,ᮕᮀ,,,,
train/63234_12.png,train,ᮕᮀ,,,,
train/63234_13.png,train,ᮕᮀ,,,,
train/63234_14.png,train,ᮕᮀ,,,,
train/19865_00.png,train,ᮕᮁ,,,,
train/19865_01.png,train,ᮕᮁ,,,,
train/19865_02.png,train,ᮕᮁ,,,,
train/19865_03.png,train,ᮕᮁ,,,,
train/19865_04.png,train,ᮕᮁ,,,,
train/19865_05.png,train,ᮕᮁ,,,,
train/19865_06.png,train,ᮕᮁ,,,,
train/19865_07.png,train,ᮕᮁ,,,,
train/19865_08.png,train,ᮕᮁ,,,,
train/19865_09.png,train,ᮕᮁ,,,,
train/19865_10.png,train,ᮕᮁ,,,,
train/19865_11.png,train,ᮕᮁ,,,,
train/19865_12.png,train,ᮕᮁ,,,,
train/19865_13.png,train,ᮕᮁ,,,,
train/19865_14.png,train,ᮕᮁ,,,,
train/73413_00.png,train,ᮕᮂ,,,,
train/73413_01.png,train,ᮕᮂ,,,,
train/73413_02.png,train,ᮕᮂ,,,,
train/73413_03.png,train,ᮕᮂ,,,,
train/73413_04.png,train,ᮕᮂ,,,,
train/73413_05.png,train,ᮕᮂ,,,,
train/73413_06.png,train,ᮕᮂ,,,,
train/73413_07.png,train,ᮕᮂ,,,,
train/73413_08.png,train,ᮕᮂ,,,,
train/73413_09.png,train,ᮕᮂ,,,,
train/73413_10.png,train,ᮕᮂ,,,,
train/73413_11.png,train,ᮕᮂ,,,,
train/73413_12.png,train,ᮕᮂ,,,,
train/73413_13.png,train,ᮕᮂ,,,,
train/73413_14.png,train,ᮕᮂ,,,,
train/99170_00.png,train,ᮕᮡ,,,,
train/99170_01.png,train,ᮕᮡ,,,,
train/99170_02.png,train,ᮕᮡ,,,,
train/99170_03.png,train,ᮕᮡ,,,,
train/99170_04.png,train,ᮕᮡ,,,,
train/99170_05.png,train,ᮕᮡ,,,,
train/99170_06.png,train,ᮕᮡ,,,,
train/99170_07.png,train,ᮕᮡ,,,,
train/99170_08.png,train,ᮕᮡ,,,,
train/99170_09.png,train,ᮕᮡ,,,,
train/99170_10.png,train,ᮕᮡ,,,,
train/99170_11.png,train,ᮕᮡ,,,,
train/99170_12.png,train,ᮕᮡ,,,,
train/99170_13.png,train,ᮕᮡ,,,,
train/99170_14.png,train,ᮕᮡ,,,,
train/55906_00.png,train,ᮕᮢ,,,,
train/55906_01.png,train,ᮕᮢ,,,,
train/55906_02.png,train,ᮕᮢ,,,,
train/55906_03.png,train,ᮕᮢ,,,,
train/55906_04.png,train,ᮕᮢ,,,,
train/55906_05.png,train,ᮕᮢ,,,,
train/55906_06.png,train,ᮕᮢ,,,,
train/55906_07.png,train,ᮕᮢ,,,,
train/55906_08.png,train,ᮕᮢ,,,,
train/55906_09.png,train,ᮕᮢ,,,,
train/55906_10.png,train,ᮕᮢ,,,,
train/55906_11.png,train,ᮕᮢ,,,,
train/55906_12.png,train,ᮕᮢ,,,,
train/55906_13.png,train,ᮕᮢ,,,,
train/55906_14.png,train,ᮕᮢ,,,,
train/47508_00.png,train,ᮕᮢᮦ,,,,
train/47508_01.png,train,ᮕᮢᮦ,,,,
train/47508_02.png,train,ᮕᮢᮦ,,,,
train/47508_03.png,train,ᮕᮢᮦ,,,,
train/47508_04.png,train,ᮕᮢᮦ,,,,
train/47508_05.png,train,ᮕᮢᮦ,,,,
train/47508_06.png,train,ᮕᮢᮦ,,,,
train/47508_07.png,train,ᮕᮢᮦ,,,,
train/47508_08.png,train,ᮕᮢᮦ,,,,
train/47508_09.png,train,ᮕᮢᮦ,,,,
train/47508_10.png,train,ᮕᮢᮦ,,,,
train/47508_11.png,train,ᮕᮢᮦ,,,,
train/47508_12.png,train,ᮕᮢᮦ,,,,
train/47508_13.png,train,ᮕᮢᮦ,,,,
train/47508_14.png,train,ᮕᮢᮦ,,,,
train/92795_00.png,train,ᮕᮢᮧ,,,,
train/92795_01.png,train,ᮕᮢᮧ,,,,
train/92795_02.png,train,ᮕᮢᮧ,,,,
train/92795_03.png,train,ᮕᮢᮧ,,,,
train/92795_04.png,train,ᮕᮢᮧ,,,,
train/92795_05.png,train,ᮕᮢᮧ,,,,
train/92795_06.png,train,ᮕᮢᮧ,,,,
train/92795_07.png,train,ᮕᮢᮧ,,,,
train/92795_08.png,train,ᮕᮢᮧ,,,,
train/92795_09.png,train,ᮕᮢᮧ,,,,
train/92795_10.png,train,ᮕᮢᮧ,,,,
train/92795_11.png,train,ᮕᮢᮧ,,,,
train/92795_12.png,train,ᮕᮢᮧ,,,,
train/92795_13.png,train,ᮕᮢᮧ,,,,
train/92795_14.png,train,ᮕᮢᮧ,,,,
train/90106_00.png,train,ᮕᮢᮨᮀ,,,,
train/90106_01.png,train,ᮕᮢᮨᮀ,,,,
train/90106_02.png,train,ᮕᮢᮨᮀ,,,,
train/90106_03.png,train,ᮕᮢᮨᮀ,,,,
train/90106_04.png,train,ᮕᮢᮨᮀ,,,,
train/90106_05.png,train,ᮕᮢᮨᮀ,,,,
train/90106_06.png,train,ᮕᮢᮨᮀ,,,,
train/90106_07.png,train,ᮕᮢᮨᮀ,,,,
train/90106_08.png,train,ᮕᮢᮨᮀ,,,,
train/90106_09.png,train,ᮕᮢᮨᮀ,,,,
train/90106_10.png,train,ᮕᮢᮨᮀ,,,,
train/90106_11.png,train,ᮕᮢᮨᮀ,,,,
train/90106_12.png,train,ᮕᮢᮨᮀ,,,,
train/90106_13.png,train,ᮕᮢᮨᮀ,,,,
train/90106_14.png,train,ᮕᮢᮨᮀ,,,,
train/25599_00.png,train,ᮕᮤ,,,,
train/25599_01.png,train,ᮕᮤ,,,,
train/25599_02.png,train,ᮕᮤ,,,,
train/25599_03.png,train,ᮕᮤ,,,,
train/25599_04.png,train,ᮕᮤ,,,,
train/25599_05.png,train,ᮕᮤ,,,,
train/25599_06.png,train,ᮕᮤ,,,,
train/25599_07.png,train,ᮕᮤ,,,,
train/25599_08.png,train,ᮕᮤ,,,,
train/25599_09.png,train,ᮕᮤ,,,,
train/25599_10.png,train,ᮕᮤ,,,,
train/25599_11.png,train,ᮕᮤ,,,,
train/25599_12.png,train,ᮕᮤ,,,,
train/25599_13.png,train,ᮕᮤ,,,,
train/25599_14.png,train,ᮕᮤ,,,,
train/65194_00.png,train,ᮕᮤᮀ,,,,
train/65194_01.png,train,ᮕᮤᮀ,,,,
train/65194_02.png,train,ᮕᮤᮀ,,,,
train/65194_03.png,train,ᮕᮤᮀ,,,,
train/65194_04.png,train,ᮕᮤᮀ,,,,
train/65194_05.png,train,ᮕᮤᮀ,,,,
train/65194_06.png,train,ᮕᮤᮀ,,,,
train/65194_07.png,train,ᮕᮤᮀ,,,,
train/65194_08.png,train,ᮕᮤᮀ,,,,
train/65194_09.png,train,ᮕᮤᮀ,,,,
train/65194_10.png,train,ᮕᮤᮀ,,,,
train/65194_11.png,train,ᮕᮤᮀ,,,,
train/65194_12.png,train,ᮕᮤᮀ,,,,
train/65194_13.png,train,ᮕᮤᮀ,,,,
train/65194_14.png,train,ᮕᮤᮀ,,,,
train/558_00.png,train,ᮕᮤᮁ,,,,
train/558_01.png,train,ᮕᮤᮁ,,,,
train/558_02.png,train,ᮕᮤᮁ,,,,
train/558_03.png,train,ᮕᮤᮁ,,,,
train/558_04.png,train,ᮕᮤᮁ,,,,
train/558_05.png,train,ᮕᮤᮁ,,,,
train/558_06.png,train,ᮕᮤᮁ,,,,
train/558_07.png,train,ᮕᮤᮁ,,,,
train/558_08.png,train,ᮕᮤᮁ,,,,
train/558_09.png,train,ᮕᮤᮁ,,,,
train/558_10.png,train,ᮕᮤᮁ,,,,
train/558_11.png,train,ᮕᮤᮁ,,,,
train/558_12.png,train,ᮕᮤᮁ,,,,
train/558_13.png,train,ᮕᮤᮁ,,,,
train/558_14.png,train,ᮕᮤᮁ,,,,
train/69418_00.png,train,ᮕᮤᮂ,,,,
train/69418_01.png,train,ᮕᮤᮂ,,,,
train/69418_02.png,train,ᮕᮤᮂ,,,,
train/69418_03.png,train,ᮕᮤᮂ,,,,
train/69418_04.png,train,ᮕᮤᮂ,,,,
train/69418_05.png,train,ᮕᮤᮂ,,,,
train/69418_06.png,train,ᮕᮤᮂ,,,,
train/69418_07.png,train,ᮕᮤᮂ,,,,
train/69418_08.png,train,ᮕᮤᮂ,,,,
train/69418_09.png,train,ᮕᮤᮂ,,,,
train/69418_10.png,train,ᮕᮤᮂ,,,,
train/69418_11.png,train,ᮕᮤᮂ,,,,
train/69418_12.png,train,ᮕᮤᮂ,,,,
train/69418_13.png,train,ᮕᮤᮂ,,,,
train/69418_14.png,train,ᮕᮤᮂ,,,,
train/54067_00.png,train,ᮕᮥ,,,,
train/54067_01.png,train,ᮕᮥ,,,,
train/54067_02.png,train,ᮕᮥ,,,,
train/54067_03.png,train,ᮕᮥ,,,,
train/54067_04.png,train,ᮕᮥ,,,,
train/54067_05.png,train,ᮕᮥ,,,,
train/54067_06.png,train,ᮕᮥ,,,,
train/54067_07.png,train,ᮕᮥ,,,,
train/54067_08.png,train,ᮕᮥ,,,,
train/54067_09.png,train,ᮕᮥ,,,,
train/54067_10.png,train,ᮕᮥ,,,,
train/54067_11.png,train,ᮕᮥ,,,,
train/54067_12.png,train,ᮕᮥ,,,,
train/54067_13.png,train,ᮕᮥ,,,,
train/54067_14.png,train,ᮕᮥ,,,,
train/64682_00.png,train,ᮕᮥᮀ,,,,
train/64682_01.png,train,ᮕᮥᮀ,,,,
train/64682_02.png,train,ᮕᮥᮀ,,,,
train/64682_03.png,train,ᮕᮥᮀ,,,,
train/64682_04.png,train,ᮕᮥᮀ,,,,
train/64682_05.png,train,ᮕᮥᮀ,,,,
train/64682_06.png,train,ᮕᮥᮀ,,,,
train/64682_07.png,train,ᮕᮥᮀ,,,,
train/64682_08.png,train,ᮕᮥᮀ,,,,
train/64682_09.png,train,ᮕᮥᮀ,,,,
train/64682_10.png,train,ᮕᮥᮀ,,,,
train/64682_11.png,train,ᮕᮥᮀ,,,,
train/64682_12.png,train,ᮕᮥᮀ,,,,
train/64682_13.png,train,ᮕᮥᮀ,,,,
train/64682_14.png,train,ᮕᮥᮀ,,,,
train/30404_00.png,train,ᮕᮥᮁ,,,,
train/30404_01.png,train,ᮕᮥᮁ,,,,
train/30404_02.png,train,ᮕᮥᮁ,,,,
train/30404_03.png,train,ᮕᮥᮁ,,,,
train/30404_04.png,train,ᮕᮥᮁ,,,,
train/30404_05.png,train,ᮕᮥᮁ,,,,
train/30404_06.png,train,ᮕᮥᮁ,,,,
train/30404_07.png,train,ᮕᮥᮁ,,,,
train/30404_08.png,train,ᮕᮥᮁ,,,,
train/30404_09.png,train,ᮕᮥᮁ,,,,
train/30404_10.png,train,ᮕᮥᮁ,,,,
train/30404_11.png,train,ᮕᮥᮁ,,,,
train/30404_12.png,train,ᮕᮥᮁ,,,,
train/30404_13.png,train,ᮕᮥᮁ,,,,
train/30404_14.png,train,ᮕᮥᮁ,,,,
train/46302_00.png,train,ᮕᮥᮂ,,,,
train/46302_01.png,train,ᮕᮥᮂ,,,,
train/46302_02.png,train,ᮕᮥᮂ,,,,
train/46302_03.png,train,ᮕᮥᮂ,,,,
train/46302_04.png,train,ᮕᮥᮂ,,,,
train/46302_05.png,train,ᮕᮥᮂ,,,,
train/46302_06.png,train,ᮕᮥᮂ,,,,
train/46302_07.png,train,ᮕᮥᮂ,,,,
train/46302_08.png,train,ᮕᮥᮂ,,,,
train/46302_09.png,train,ᮕᮥᮂ,,,,
train/46302_10.png,train,ᮕᮥᮂ,,,,
train/46302_11.png,train,ᮕᮥᮂ,,,,
train/46302_12.png,train,ᮕᮥᮂ,,,,
train/46302_13.png,train,ᮕᮥᮂ,,,,
train/46302_14.png,train,ᮕᮥᮂ,,,,
train/10295_00.png,train,ᮕᮦ,,,,
train/10295_01.png,train,ᮕᮦ,,,,
train/10295_02.png,train,ᮕᮦ,,,,
train/10295_03.png,train,ᮕᮦ,,,,
train/10295_04.png,train,ᮕᮦ,,,,
train/10295_05.png,train,ᮕᮦ,,,,
train/10295_06.png,train,ᮕᮦ,,,,
train/10295_07.png,train,ᮕᮦ,,,,
train/10295_08.png,train,ᮕᮦ,,,,
train/10295_09.png,train,ᮕᮦ,,,,
train/10295_10.png,train,ᮕᮦ,,,,
train/10295_11.png,train,ᮕᮦ,,,,
train/10295_12.png,train,ᮕᮦ,,,,
train/10295_13.png,train,ᮕᮦ,,,,
train/10295_14.png,train,ᮕᮦ,,,,
train/30472_00.png,train,ᮕᮧ,,,,
train/30472_01.png,train,ᮕᮧ,,,,
train/30472_02.png,train,ᮕᮧ,,,,
train/30472_03.png,train,ᮕᮧ,,,,
train/30472_04.png,train,ᮕᮧ,,,,
train/30472_05.png,train,ᮕᮧ,,,,
train/30472_06.png,train,ᮕᮧ,,,,
train/30472_07.png,train,ᮕᮧ,,,,
train/30472_08.png,train,ᮕᮧ,,,,
train/30472_09.png,train,ᮕᮧ,,,,
train/30472_10.png,train,ᮕᮧ,,,,
train/30472_11.png,train,ᮕᮧ,,,,
train/30472_12.png,train,ᮕᮧ,,,,
train/30472_13.png,train,ᮕᮧ,,,,
train/30472_14.png,train,ᮕᮧ,,,,
train/85321_00.png,train,ᮕᮨ,,,,
train/85321_01.png,train,ᮕᮨ,,,,
train/85321_02.png,train,ᮕᮨ,,,,
train/85321_03.png,train,ᮕᮨ,,,,
train/85321_04.png,train,ᮕᮨ,,,,
train/85321_05.png,train,ᮕᮨ,,,,
train/85321_06.png,train,ᮕᮨ,,,,
train/85321_07.png,train,ᮕᮨ,,,,
train/85321_08.png,train,ᮕᮨ,,,,
train/85321_09.png,train,ᮕᮨ,,,,
train/85321_10.png,train,ᮕᮨ,,,,
train/85321_11.png,train,ᮕᮨ,,,,
train/85321_12.png,train,ᮕᮨ,,,,
train/85321_13.png,train,ᮕᮨ,,,,
train/85321_14.png,train,ᮕᮨ,,,,
train/57979_00.png,train,ᮕᮨᮀ,,,,
train/57979_01.png,train,ᮕᮨᮀ,,,,
train/57979_02.png,train,ᮕᮨᮀ,,,,
train/57979_03.png,train,ᮕᮨᮀ,,,,
train/57979_04.png,train,ᮕᮨᮀ,,,,
train/57979_05.png,train,ᮕᮨᮀ,,,,
train/57979_06.png,train,ᮕᮨᮀ,,,,
train/57979_07.png,train,ᮕᮨᮀ,,,,
train/57979_08.png,train,ᮕᮨᮀ,,,,
train/57979_09.png,train,ᮕᮨᮀ,,,,
train/57979_10.png,train,ᮕᮨᮀ,,,,
train/57979_11.png,train,ᮕᮨᮀ,,,,
train/57979_12.png,train,ᮕᮨᮀ,,,,
train/57979_13.png,train,ᮕᮨᮀ,,,,
train/57979_14.png,train,ᮕᮨᮀ,,,,
train/8807_00.png,train,ᮕᮨᮁ,,,,
train/8807_01.png,train,ᮕᮨᮁ,,,,
train/8807_02.png,train,ᮕᮨᮁ,,,,
train/8807_03.png,train,ᮕᮨᮁ,,,,
train/8807_04.png,train,ᮕᮨᮁ,,,,
train/8807_05.png,train,ᮕᮨᮁ,,,,
train/8807_06.png,train,ᮕᮨᮁ,,,,
train/8807_07.png,train,ᮕᮨᮁ,,,,
train/8807_08.png,train,ᮕᮨᮁ,,,,
train/8807_09.png,train,ᮕᮨᮁ,,,,
train/8807_10.png,train,ᮕᮨᮁ,,,,
train/8807_11.png,train,ᮕᮨᮁ,,,,
train/8807_12.png,train,ᮕᮨᮁ,,,,
train/8807_13.png,train,ᮕᮨᮁ,,,,
train/8807_14.png,train,ᮕᮨᮁ,,,,
train/21351_00.png,train,ᮕᮩ,,,,
train/21351_01.png,train,ᮕᮩ,,,,
train/21351_02.png,train,ᮕᮩ,,,,
train/21351_03.png,train,ᮕᮩ,,,,
train/21351_04.png,train,ᮕᮩ,,,,
train/21351_05.png,train,ᮕᮩ,,,,
train/21351_06.png,train,ᮕᮩ,,,,
train/21351_07.png,train,ᮕᮩ,,,,
train/21351_08.png,train,ᮕᮩ,,,,
train/21351_09.png,train,ᮕᮩ,,,,
train/21351_10.png,train,ᮕᮩ,,,,
train/21351_11.png,train,ᮕᮩ,,,,
train/21351_12.png,train,ᮕᮩ,,,,
train/21351_13.png,train,ᮕᮩ,,,,
train/21351_14.png,train,ᮕᮩ,,,,
train/55264_00.png,train,ᮕᮩᮀ,,,,
train/55264_01.png,train,ᮕᮩᮀ,,,,
train/55264_02.png,train,ᮕᮩᮀ,,,,
train/55264_03.png,train,ᮕᮩᮀ,,,,
train/55264_04.png,train,ᮕᮩᮀ,,,,
train/55264_05.png,train,ᮕᮩᮀ,,,,
train/55264_06.png,train,ᮕᮩᮀ,,,,
train/55264_07.png,train,ᮕᮩᮀ,,,,
train/55264_08.png,train,ᮕᮩᮀ,,,,
train/55264_09.png,train,ᮕᮩᮀ,,,,
train/55264_10.png,train,ᮕᮩᮀ,,,,
train/55264_11.png,train,ᮕᮩᮀ,,,,
train/55264_12.png,train,ᮕᮩᮀ,,,,
train/55264_13.png,train,ᮕᮩᮀ,,,,
train/55264_14.png,train,ᮕᮩᮀ,,,,
train/97443_00.png,train,ᮕᮩᮁ,,,,
train/97443_01.png,train,ᮕᮩᮁ,,,,
train/97443_02.png,train,ᮕᮩᮁ,,,,
train/97443_03.png,train,ᮕᮩᮁ,,,,
train/97443_04.png,train,ᮕᮩᮁ,,,,
train/97443_05.png,train,ᮕᮩᮁ,,,,
train/97443_06.png,train,ᮕᮩᮁ,,,,
train/97443_07.png,train,ᮕᮩᮁ,,,,
train/97443_08.png,train,ᮕᮩᮁ,,,,
train/97443_09.png,train,ᮕᮩᮁ,,,,
train/97443_10.png,train,ᮕᮩᮁ,,,,
train/97443_11.png,train,ᮕᮩᮁ,,,,
train/97443_12.png,train,ᮕᮩᮁ,,,,
train/97443_13.png,train,ᮕᮩᮁ,,,,
train/97443_14.png,train,ᮕᮩᮁ,,,,
train/2173_00.png,train,ᮕ᮪,,,,
train/2173_01.png,train,ᮕ᮪,,,,
train/2173_02.png,train,ᮕ᮪,,,,
train/2173_03.png,train,ᮕ᮪,,,,
train/2173_04.png,train,ᮕ᮪,,,,
train/2173_05.png,train,ᮕ᮪,,,,
train/2173_06.png,train,ᮕ᮪,,,,
train/2173_07.png,train,ᮕ᮪,,,,
train/2173_08.png,train,ᮕ᮪,,,,
train/2173_09.png,train,ᮕ᮪,,,,
train/2173_10.png,train,ᮕ᮪,,,,
train/2173_11.png,train,ᮕ᮪,,,,
train/2173_12.png,train,ᮕ᮪,,,,
train/2173_13.png,train,ᮕ᮪,,,,
train/2173_14.png,train,ᮕ᮪,,,,
train/20417_00.png,train,ᮖ,,,,
train/20417_01.png,train,ᮖ,,,,
train/20417_02.png,train,ᮖ,,,,
train/20417_03.png,train,ᮖ,,,,
train/20417_04.png,train,ᮖ,,,,
train/20417_05.png,train,ᮖ,,,,
train/20417_06.png,train,ᮖ,,,,
train/20417_07.png,train,ᮖ,,,,
train/20417_08.png,train,ᮖ,,,,
train/20417_09.png,train,ᮖ,,,,
train/20417_10.png,train,ᮖ,,,,
train/20417_11.png,train,ᮖ,,,,
train/20417_12.png,train,ᮖ,,,,
train/20417_13.png,train,ᮖ,,,,
train/20417_14.png,train,ᮖ,,,,
train/3900_00.png,train,ᮖᮧ,,,,
train/3900_01.png,train,ᮖᮧ,,,,
train/3900_02.png,train,ᮖᮧ,,,,
train/3900_03.png,train,ᮖᮧ,,,,
train/3900_04.png,train,ᮖᮧ,,,,
train/3900_05.png,train,ᮖᮧ,,,,
train/3900_06.png,train,ᮖᮧ,,,,
train/3900_07.png,train,ᮖᮧ,,,,
train/3900_08.png,train,ᮖᮧ,,,,
train/3900_09.png,train,ᮖᮧ,,,,
train/3900_10.png,train,ᮖᮧ,,,,
train/3900_11.png,train,ᮖᮧ,,,,
train/3900_12.png,train,ᮖᮧ,,,,
train/3900_13.png,train,ᮖᮧ,,,,
train/3900_14.png,train,ᮖᮧ,,,,
train/33959_00.png,train,ᮗ,,,,
train/33959_01.png,train,ᮗ,,,,
train/33959_02.png,train,ᮗ,,,,
train/33959_03.png,train,ᮗ,,,,
train/33959_04.png,train,ᮗ,,,,
train/33959_05.png,train,ᮗ,,,,
train/33959_06.png,train,ᮗ,,,,
train/33959_07.png,train,ᮗ,,,,
train/33959_08.png,train,ᮗ,,,,
train/33959_09.png,train,ᮗ,,,,
train/33959_10.png,train,ᮗ,,,,
train/33959_11.png,train,ᮗ,,,,
train/33959_12.png,train,ᮗ,,,,
train/33959_13.png,train,ᮗ,,,,
train/33959_14.png,train,ᮗ,,,,
train/57499_00.png,train,ᮗᮦ,,,,
train/57499_01.png,train,ᮗᮦ,,,,
train/57499_02.png,train,ᮗᮦ,,,,
train/57499_03.png,train,ᮗᮦ,,,,
train/57499_04.png,train,ᮗᮦ,,,,
train/57499_05.png,train,ᮗᮦ,,,,
train/57499_06.png,train,ᮗᮦ,,,,
train/57499_07.png,train,ᮗᮦ,,,,
train/57499_08.png,train,ᮗᮦ,,,,
train/57499_09.png,train,ᮗᮦ,,,,
train/57499_10.png,train,ᮗᮦ,,,,
train/57499_11.png,train,ᮗᮦ,,,,
train/57499_12.png,train,ᮗᮦ,,,,
train/57499_13.png,train,ᮗᮦ,,,,
train/57499_14.png,train,ᮗᮦ,,,,
train/7545_00.png,train,ᮗᮧ,,,,
train/7545_01.png,train,ᮗᮧ,,,,
train/7545_02.png,train,ᮗᮧ,,,,
train/7545_03.png,train,ᮗᮧ,,,,
train/7545_04.png,train,ᮗᮧ,,,,
train/7545_05.png,train,ᮗᮧ,,,,
train/7545_06.png,train,ᮗᮧ,,,,
train/7545_07.png,train,ᮗᮧ,,,,
train/7545_08.png,train,ᮗᮧ,,,,
train/7545_09.png,train,ᮗᮧ,,,,
train/7545_10.png,train,ᮗᮧ,,,,
train/7545_11.png,train,ᮗᮧ,,,,
train/7545_12.png,train,ᮗᮧ,,,,
train/7545_13.png,train,ᮗᮧ,,,,
train/7545_14.png,train,ᮗᮧ,,,,
train/12631_00.png,train,ᮘ,,,,
train/12631_01.png,train,ᮘ,,,,
train/12631_02.png,train,ᮘ,,,,
train/12631_03.png,train,ᮘ,,,,
train/12631_04.png,train,ᮘ,,,,
train/12631_05.png,train,ᮘ,,,,
train/12631_06.png,train,ᮘ,,,,
train/12631_07.png,train,ᮘ,,,,
train/12631_08.png,train,ᮘ,,,,
train/12631_09.png,train,ᮘ,,,,
train/12631_10.png,train,ᮘ,,,,
train/12631_11.png,train,ᮘ,,,,
train/12631_12.png,train,ᮘ,,,,
train/12631_13.png,train,ᮘ,,,,
train/12631_14.png,train,ᮘ,,,,
train/89165_00.png,train,ᮘᮀ,,,,
train/89165_01.png,train,ᮘᮀ,,,,
train/89165_02.png,train,ᮘᮀ,,,,
train/89165_03.png,train,ᮘᮀ,,,,
train/89165_04.png,train,ᮘᮀ,,,,
train/89165_05.png,train,ᮘᮀ,,,,
train/89165_06.png,train,ᮘᮀ,,,,
train/89165_07.png,train,ᮘᮀ,,,,
train/89165_08.png,train,ᮘᮀ,,,,
train/89165_09.png,train,ᮘᮀ,,,,
train/89165_10.png,train,ᮘᮀ,,,,
train/89165_11.png,train,ᮘᮀ,,,,
train/89165_12.png,train,ᮘᮀ,,,,
train/89165_13.png,train,ᮘᮀ,,,,
train/89165_14.png,train,ᮘᮀ,,,,
train/87159_00.png,train,ᮘᮁ,,,,
train/87159_01.png,train,ᮘᮁ,,,,
train/87159_02.png,train,ᮘᮁ,,,,
train/87159_03.png,train,ᮘᮁ,,,,
train/87159_04.png,train,ᮘᮁ,,,,
train/87159_05.png,train,ᮘᮁ,,,,
train/87159_06.png,train,ᮘᮁ,,,,
train/87159_07.png,train,ᮘᮁ,,,,
train/87159_08.png,train,ᮘᮁ,,,,
train/87159_09.png,train,ᮘᮁ,,,,
train/87159_10.png,train,ᮘᮁ,,,,
train/87159_11.png,train,ᮘᮁ,,,,
train/87159_12.png,train,ᮘᮁ,,,,
train/87159_13.png,train,ᮘᮁ,,,,
train/87159_14.png,train,ᮘᮁ,,,,
train/18601_00.png,train,ᮘᮂ,,,,
train/18601_01.png,train,ᮘᮂ,,,,
train/18601_02.png,train,ᮘᮂ,,,,
train/18601_03.png,train,ᮘᮂ,,,,
train/18601_04.png,train,ᮘᮂ,,,,
train/18601_05.png,train,ᮘᮂ,,,,
train/18601_06.png,train,ᮘᮂ,,,,
train/18601_07.png,train,ᮘᮂ,,,,
train/18601_08.png,train,ᮘᮂ,,,,
train/18601_09.png,train,ᮘᮂ,,,,
train/18601_10.png,train,ᮘᮂ,,,,
train/18601_11.png,train,ᮘᮂ,,,,
train/18601_12.png,train,ᮘᮂ,,,,
train/18601_13.png,train,ᮘᮂ,,,,
train/18601_14.png,train,ᮘᮂ,,,,
train/7689_00.png,train,ᮘᮢᮦᮂ,,,,
train/7689_01.png,train,ᮘᮢᮦᮂ,,,,
train/7689_02.png,train,ᮘᮢᮦᮂ,,,,
train/7689_03.png,train,ᮘᮢᮦᮂ,,,,
train/7689_04.png,train,ᮘᮢᮦᮂ,,,,
train/7689_05.png,train,ᮘᮢᮦᮂ,,,,
train/7689_06.png,train,ᮘᮢᮦᮂ,,,,
train/7689_07.png,train,ᮘᮢᮦᮂ,,,,
train/7689_08.png,train,ᮘᮢᮦᮂ,,,,
train/7689_09.png,train,ᮘᮢᮦᮂ,,,,
train/7689_10.png,train,ᮘᮢᮦᮂ,,,,
train/7689_11.png,train,ᮘᮢᮦᮂ,,,,
train/7689_12.png,train,ᮘᮢᮦᮂ,,,,
train/7689_13.png,train,ᮘᮢᮦᮂ,,,,
train/7689_14.png,train,ᮘᮢᮦᮂ,,,,
train/58944_00.png,train,ᮘᮢᮨ,,,,
train/58944_01.png,train,ᮘᮢᮨ,,,,
train/58944_02.png,train,ᮘᮢᮨ,,,,
train/58944_03.png,train,ᮘᮢᮨ,,,,
train/58944_04.png,train,ᮘᮢᮨ,,,,
train/58944_05.png,train,ᮘᮢᮨ,,,,
train/58944_06.png,train,ᮘᮢᮨ,,,,
train/58944_07.png,train,ᮘᮢᮨ,,,,
train/58944_08.png,train,ᮘᮢᮨ,,,,
train/58944_09.png,train,ᮘᮢᮨ,,,,
train/58944_10.png,train,ᮘᮢᮨ,,,,
train/58944_11.png,train,ᮘᮢᮨ,,,,
train/58944_12.png,train,ᮘᮢᮨ,,,,
train/58944_13.png,train,ᮘᮢᮨ,,,,
train/58944_14.png,train,ᮘᮢᮨ,,,,
train/70864_00.png,train,ᮘᮤ,,,,
train/70864_01.png,train,ᮘᮤ,,,,
train/70864_02.png,train,ᮘᮤ,,,,
train/70864_03.png,train,ᮘᮤ,,,,
train/70864_04.png,train,ᮘᮤ,,,,
train/70864_05.png,train,ᮘᮤ,,,,
train/70864_06.png,train,ᮘᮤ,,,,
train/70864_07.png,train,ᮘᮤ,,,,
train/70864_08.png,train,ᮘᮤ,,,,
train/70864_09.png,train,ᮘᮤ,,,,
train/70864_10.png,train,ᮘᮤ,,,,
train/70864_11.png,train,ᮘᮤ,,,,
train/70864_12.png,train,ᮘᮤ,,,,
train/70864_13.png,train,ᮘᮤ,,,,
train/70864_14.png,train,ᮘᮤ,,,,
train/24068_00.png,train,ᮘᮤᮀ,,,,
train/24068_01.png,train,ᮘᮤᮀ,,,,
train/24068_02.png,train,ᮘᮤᮀ,,,,
train/24068_03.png,train,ᮘᮤᮀ,,,,
train/24068_04.png,train,ᮘᮤᮀ,,,,
train/24068_05.png,train,ᮘᮤᮀ,,,,
train/24068_06.png,train,ᮘᮤᮀ,,,,
train/24068_07.png,train,ᮘᮤᮀ,,,,
train/24068_08.png,train,ᮘᮤᮀ,,,,
train/24068_09.png,train,ᮘᮤᮀ,,,,
train/24068_10.png,train,ᮘᮤᮀ,,,,
train/24068_11.png,train,ᮘᮤᮀ,,,,
train/24068_12.png,train,ᮘᮤᮀ,,,,
train/24068_13.png,train,ᮘᮤᮀ,,,,
train/24068_14.png,train,ᮘᮤᮀ,,,,
train/51322_00.png,train,ᮘᮥ,,,,
train/51322_01.png,train,ᮘᮥ,,,,
train/51322_02.png,train,ᮘᮥ,,,,
train/51322_03.png,train,ᮘᮥ,,,,
train/51322_04.png,train,ᮘᮥ,,,,
train/51322_05.png,train,ᮘᮥ,,,,
train/51322_06.png,train,ᮘᮥ,,,,
train/51322_07.png,train,ᮘᮥ,,,,
train/51322_08.png,train,ᮘᮥ,,,,
train/51322_09.png,train,ᮘᮥ,,,,
train/51322_10.png,train,ᮘᮥ,,,,
train/51322_11.png,train,ᮘᮥ,,,,
train/51322_12.png,train,ᮘᮥ,,,,
train/51322_13.png,train,ᮘᮥ,,,,
train/51322_14.png,train,ᮘᮥ,,,,
train/43664_00.png,train,ᮘᮥᮀ,,,,
train/43664_01.png,train,ᮘᮥᮀ,,,,
train/43664_02.png,train,ᮘᮥᮀ,,,,
train/43664_03.png,train,ᮘᮥᮀ,,,,
train/43664_04.png,train,ᮘᮥᮀ,,,,
train/43664_05.png,train,ᮘᮥᮀ,,,,
train/43664_06.png,train,ᮘᮥᮀ,,,,
train/43664_07.png,train,ᮘᮥᮀ,,,,
train/43664_08.png,train,ᮘᮥᮀ,,,,
train/43664_09.png,train,ᮘᮥᮀ,,,,
train/43664_10.png,train,ᮘᮥᮀ,,,,
train/43664_11.png,train,ᮘᮥᮀ,,,,
train/43664_12.png,train,ᮘᮥᮀ,,,,
train/43664_13.png,train,ᮘᮥᮀ,,,,
train/43664_14.png,train,ᮘᮥᮀ,,,,
train/25975_00.png,train,ᮘᮥᮁ,,,,
train/25975_01.png,train,ᮘᮥᮁ,,,,
train/25975_02.png,train,ᮘᮥᮁ,,,,
train/25975_03.png,train,ᮘᮥᮁ,,,,
train/25975_04.png,train,ᮘᮥᮁ,,,,
train/25975_05.png,train,ᮘᮥᮁ,,,,
train/25975_06.png,train,ᮘᮥᮁ,,,,
train/25975_07.png,train,ᮘᮥᮁ,,,,
train/25975_08.png,train,ᮘᮥᮁ,,,,
train/25975_09.png,train,ᮘᮥᮁ,,,,
train/25975_10.png,train,ᮘᮥᮁ,,,,
train/25975_11.png,train,ᮘᮥᮁ,,,,
train/25975_12.png,train,ᮘᮥᮁ,,,,
train/25975_13.png,train,ᮘᮥᮁ,,,,
train/25975_14.png,train,ᮘᮥᮁ,,,,
train/79872_00.png,train,ᮘᮦ,,,,
train/79872_01.png,train,ᮘᮦ,,,,
train/79872_02.png,train,ᮘᮦ,,,,
train/79872_03.png,train,ᮘᮦ,,,,
train/79872_04.png,train,ᮘᮦ,,,,
train/79872_05.png,train,ᮘᮦ,,,,
train/79872_06.png,train,ᮘᮦ,,,,
train/79872_07.png,train,ᮘᮦ,,,,
train/79872_08.png,train,ᮘᮦ,,,,
train/79872_09.png,train,ᮘᮦ,,,,
train/79872_10.png,train,ᮘᮦ,,,,
train/79872_11.png,train,ᮘᮦ,,,,
train/79872_12.png,train,ᮘᮦ,,,,
train/79872_13.png,train,ᮘᮦ,,,,
train/79872_14.png,train,ᮘᮦ,,,,
train/24099_00.png,train,ᮘᮦᮀ,,,,
train/24099_01.png,train,ᮘᮦᮀ,,,,
train/24099_02.png,train,ᮘᮦᮀ,,,,
train/24099_03.png,train,ᮘᮦᮀ,,,,
train/24099_04.png,train,ᮘᮦᮀ,,,,
train/24099_05.png,train,ᮘᮦᮀ,,,,
train/24099_06.png,train,ᮘᮦᮀ,,,,
train/24099_07.png,train,ᮘᮦᮀ,,,,
train/24099_08.png,train,ᮘᮦᮀ,,,,
train/24099_09.png,train,ᮘᮦᮀ,,,,
train/24099_10.png,train,ᮘᮦᮀ,,,,
train/24099_11.png,train,ᮘᮦᮀ,,,,
train/24099_12.png,train,ᮘᮦᮀ,,,,
train/24099_13.png,train,ᮘᮦᮀ,,,,
train/24099_14.png,train,ᮘᮦᮀ,,,,
train/88801_00.png,train,ᮘᮦᮂ,,,,
train/88801_01.png,train,ᮘᮦᮂ,,,,
train/88801_02.png,train,ᮘᮦᮂ,,,,
train/88801_03.png,train,ᮘᮦᮂ,,,,
train/88801_04.png,train,ᮘᮦᮂ,,,,
train/88801_05.png,train,ᮘᮦᮂ,,,,
train/88801_06.png,train,ᮘᮦᮂ,,,,
train/88801_07.png,train,ᮘᮦᮂ,,,,
train/88801_08.png,train,ᮘᮦᮂ,,,,
train/88801_09.png,train,ᮘᮦᮂ,,,,
train/88801_10.png,train,ᮘᮦᮂ,,,,
train/88801_11.png,train,ᮘᮦᮂ,,,,
train/88801_12.png,train,ᮘᮦᮂ,,,,
train/88801_13.png,train,ᮘᮦᮂ,,,,
train/88801_14.png,train,ᮘᮦᮂ,,,,
train/5153_00.png,train,ᮘᮧ,,,,
train/5153_01.png,train,ᮘᮧ,,,,
train/5153_02.png,train,ᮘᮧ,,,,
train/5153_03.png,train,ᮘᮧ,,,,
train/5153_04.png,train,ᮘᮧ,,,,
train/5153_05.png,train,ᮘᮧ,,,,
train/5153_06.png,train,ᮘᮧ,,,,
train/5153_07.png,train,ᮘᮧ,,,,
train/5153_08.png,train,ᮘᮧ,,,,
train/5153_09.png,train,ᮘᮧ,,,,
train/5153_10.png,train,ᮘᮧ,,,,
train/5153_11.png,train,ᮘᮧ,,,,
train/5153_12.png,train,ᮘᮧ,,,,
train/5153_13.png,train,ᮘᮧ,,,,
train/5153_14.png,train,ᮘᮧ,,,,
train/43094_00.png,train,ᮘᮧᮀ,,,,
train/43094_01.png,train,ᮘᮧᮀ,,,,
train/43094_02.png,train,ᮘᮧᮀ,,,,
train/43094_03.png,train,ᮘᮧᮀ,,,,
train/43094_04.png,train,ᮘᮧᮀ,,,,
train/43094_05.png,train,ᮘᮧᮀ,,,,
train/43094_06.png,train,ᮘᮧᮀ,,,,
train/43094_07.png,train,ᮘᮧᮀ,,,,
train/43094_08.png,train,ᮘᮧᮀ,,,,
train/43094_09.png,train,ᮘᮧᮀ,,,,
train/43094_10.png,train,ᮘᮧᮀ,,,,
train/43094_11.png,train,ᮘᮧᮀ,,,,
train/43094_12.png,train,ᮘᮧᮀ,,,,
train/43094_13.png,train,ᮘᮧᮀ,,,,
train/43094_14.png,train,ᮘᮧᮀ,,,,
train/35157_00.png,train,ᮘᮧᮁ,,,,
train/35157_01.png,train,ᮘᮧᮁ,,,,
train/35157_02.png,train,ᮘᮧᮁ,,,,
train/35157_03.png,train,ᮘᮧᮁ,,,,
train/35157_04.png,train,ᮘᮧᮁ,,,,
train/35157_05.png,train,ᮘᮧᮁ,,,,
train/35157_06.png,train,ᮘᮧᮁ,,,,
train/35157_07.png,train,ᮘᮧᮁ,,,,
train/35157_08.png,train,ᮘᮧᮁ,,,,
train/35157_09.png,train,ᮘᮧᮁ,,,,
train/35157_10.png,train,ᮘᮧᮁ,,,,
train/35157_11.png,train,ᮘᮧᮁ,,,,
train/35157_12.png,train,ᮘᮧᮁ,,,,
train/35157_13.png,train,ᮘᮧᮁ,,,,
train/35157_14.png,train,ᮘᮧᮁ,,,,
train/88351_00.png,train,ᮘᮨ,,,,
train/88351_01.png,train,ᮘᮨ,,,,
train/88351_02.png,train,ᮘᮨ,,,,
train/88351_03.png,train,ᮘᮨ,,,,
train/88351_04.png,train,ᮘᮨ,,,,
train/88351_05.png,train,ᮘᮨ,,,,
train/88351_06.png,train,ᮘᮨ,,,,
train/88351_07.png,train,ᮘᮨ,,,,
train/88351_08.png,train,ᮘᮨ,,,,
train/88351_09.png,train,ᮘᮨ,,,,
train/88351_10.png,train,ᮘᮨ,,,,
train/88351_11.png,train,ᮘᮨ,,,,
train/88351_12.png,train,ᮘᮨ,,,,
train/88351_13.png,train,ᮘᮨ,,,,
train/88351_14.png,train,ᮘᮨ,,,,
train/62317_00.png,train,ᮘᮩ,,,,
train/62317_01.png,train,ᮘᮩ,,,,
train/62317_02.png,train,ᮘᮩ,,,,
train/62317_03.png,train,ᮘᮩ,,,,
train/62317_04.png,train,ᮘᮩ,,,,
train/62317_05.png,train,ᮘᮩ,,,,
train/62317_06.png,train,ᮘᮩ,,,,
train/62317_07.png,train,ᮘᮩ,,,,
train/62317_08.png,train,ᮘᮩ,,,,
train/62317_09.png,train,ᮘᮩ,,,,
train/62317_10.png,train,ᮘᮩ,,,,
train/62317_11.png,train,ᮘᮩ,,,,
train/62317_12.png,train,ᮘᮩ,,,,
train/62317_13.png,train,ᮘᮩ,,,,
train/62317_14.png,train,ᮘᮩ,,,,
train/23007_00.png,train,ᮘ᮪,,,,
train/23007_01.png,train,ᮘ᮪,,,,
train/23007_02.png,train,ᮘ᮪,,,,
train/23007_03.png,train,ᮘ᮪,,,,
train/23007_04.png,train,ᮘ᮪,,,,
train/23007_05.png,train,ᮘ᮪,,,,
train/23007_06.png,train,ᮘ᮪,,,,
train/23007_07.png,train,ᮘ᮪,,,,
train/23007_08.png,train,ᮘ᮪,,,,
train/23007_09.png,train,ᮘ᮪,,,,
train/23007_10.png,train,ᮘ᮪,,,,
train/23007_11.png,train,ᮘ᮪,,,,
train/23007_12.png,train,ᮘ᮪,,,,
train/23007_13.png,train,ᮘ᮪,,,,
train/23007_14.png,train,ᮘ᮪,,,,
train/37854_00.png,train,ᮙ,,,,
train/37854_01.png,train,ᮙ,,,,
train/37854_02.png,train,ᮙ,,,,
train/37854_03.png,train,ᮙ,,,,
train/37854_04.png,train,ᮙ,,,,
train/37854_05.png,train,ᮙ,,,,
train/37854_06.png,train,ᮙ,,,,
train/37854_07.png,train,ᮙ,,,,
train/37854_08.png,train,ᮙ,,,,
train/37854_09.png,train,ᮙ,,,,
train/37854_10.png,train,ᮙ,,,,
train/37854_11.png,train,ᮙ,,,,
train/37854_12.png,train,ᮙ,,,,
train/37854_13.png,train,ᮙ,,,,
train/37854_14.png,train,ᮙ,,,,
train/32167_00.png,train,ᮙᮀ,,,,
train/32167_01.png,train,ᮙᮀ,,,,
train/32167_02.png,train,ᮙᮀ,,,,
train/32167_03.png,train,ᮙᮀ,,,,
train/32167_04.png,train,ᮙᮀ,,,,
train/32167_05.png,train,ᮙᮀ,,,,
train/32167_06.png,train,ᮙᮀ,,,,
train/32167_07.png,train,ᮙᮀ,,,,
train/32167_08.png,train,ᮙᮀ,,,,
train/32167_09.png,train,ᮙᮀ,,,,
train/32167_10.png,train,ᮙᮀ,,,,
train/32167_11.png,train,ᮙᮀ,,,,
train/32167_12.png,train,ᮙᮀ,,,,
train/32167_13.png,train,ᮙᮀ,,,,
train/32167_14.png,train,ᮙᮀ,,,,
train/59349_00.png,train,ᮙᮁ,,,,
train/59349_01.png,train,ᮙᮁ,,,,
train/59349_02.png,train,ᮙᮁ,,,,
train/59349_03.png,train,ᮙᮁ,,,,
train/59349_04.png,train,ᮙᮁ,,,,
train/59349_05.png,train,ᮙᮁ,,,,
train/59349_06.png,train,ᮙᮁ,,,,
train/59349_07.png,train,ᮙᮁ,,,,
train/59349_08.png,train,ᮙᮁ,,,,
train/59349_09.png,train,ᮙᮁ,,,,
train/59349_10.png,train,ᮙᮁ,,,,
train/59349_11.png,train,ᮙᮁ,,,,
train/59349_12.png,train,ᮙᮁ,,,,
train/59349_13.png,train,ᮙᮁ,,,,
train/59349_14.png,train,ᮙᮁ,,,,
train/6340_00.png,train,ᮙᮂ,,,,
train/6340_01.png,train,ᮙᮂ,,,,
train/6340_02.png,train,ᮙᮂ,,,,
train/6340_03.png,train,ᮙᮂ,,,,
train/6340_04.png,train,ᮙᮂ,,,,
train/6340_05.png,train,ᮙᮂ,,,,
train/6340_06.png,train,ᮙᮂ,,,,
train/6340_07.png,train,ᮙᮂ,,,,
train/6340_08.png,train,ᮙᮂ,,,,
train/6340_09.png,train,ᮙᮂ,,,,
train/6340_10.png,train,ᮙᮂ,,,,
train/6340_11.png,train,ᮙᮂ,,,,
train/6340_12.png,train,ᮙᮂ,,,,
train/6340_13.png,train,ᮙᮂ,,,,
train/6340_14.png,train,ᮙᮂ,,,,
train/18724_00.png,train,ᮙᮤ,,,,
train/18724_01.png,train,ᮙᮤ,,,,
train/18724_02.png,train,ᮙᮤ,,,,
train/18724_03.png,train,ᮙᮤ,,,,
train/18724_04.png,train,ᮙᮤ,,,,
train/18724_05.png,train,ᮙᮤ,,,,
train/18724_06.png,train,ᮙᮤ,,,,
train/18724_07.png,train,ᮙᮤ,,,,
train/18724_08.png,train,ᮙᮤ,,,,
train/18724_09.png,train,ᮙᮤ,,,,
train/18724_10.png,train,ᮙᮤ,,,,
train/18724_11.png,train,ᮙᮤ,,,,
train/18724_12.png,train,ᮙᮤ,,,,
train/18724_13.png,train,ᮙᮤ,,,,
train/18724_14.png,train,ᮙᮤ,,,,
train/92713_00.png,train,ᮙᮥ,,,,
train/92713_01.png,train,ᮙᮥ,,,,
train/92713_02.png,train,ᮙᮥ,,,,
train/92713_03.png,train,ᮙᮥ,,,,
train/92713_04.png,train,ᮙᮥ,,,,
train/92713_05.png,train,ᮙᮥ,,,,
train/92713_06.png,train,ᮙᮥ,,,,
train/92713_07.png,train,ᮙᮥ,,,,
train/92713_08.png,train,ᮙᮥ,,,,
train/92713_09.png,train,ᮙᮥ,,,,
train/92713_10.png,train,ᮙᮥ,,,,
train/92713_11.png,train,ᮙᮥ,,,,
train/92713_12.png,train,ᮙᮥ,,,,
train/92713_13.png,train,ᮙᮥ,,,,
train/92713_14.png,train,ᮙᮥ,,,,
train/95604_00.png,train,ᮙᮥᮀ,,,,
train/95604_01.png,train,ᮙᮥᮀ,,,,
train/95604_02.png,train,ᮙᮥᮀ,,,,
train/95604_03.png,train,ᮙᮥᮀ,,,,
train/95604_04.png,train,ᮙᮥᮀ,,,,
train/95604_05.png,train,ᮙᮥᮀ,,,,
train/95604_06.png,train,ᮙᮥᮀ,,,,
train/95604_07.png,train,ᮙᮥᮀ,,,,
train/95604_08.png,train,ᮙᮥᮀ,,,,
train/95604_09.png,train,ᮙᮥᮀ,,,,
train/95604_10.png,train,ᮙᮥᮀ,,,,
train/95604_11.png,train,ᮙᮥᮀ,,,,
train/95604_12.png,train,ᮙᮥᮀ,,,,
train/95604_13.png,train,ᮙᮥᮀ,,,,
train/95604_14.png,train,ᮙᮥᮀ,,,,
train/61228_00.png,train,ᮙᮥᮁ,,,,
train/61228_01.png,train,ᮙᮥᮁ,,,,
train/61228_02.png,train,ᮙᮥᮁ,,,,
train/61228_03.png,train,ᮙᮥᮁ,,,,
train/61228_04.png,train,ᮙᮥᮁ,,,,
train/61228_05.png,train,ᮙᮥᮁ,,,,
train/61228_06.png,train,ᮙᮥᮁ,,,,
train/61228_07.png,train,ᮙᮥᮁ,,,,
train/61228_08.png,train,ᮙᮥᮁ,,,,
train/61228_09.png,train,ᮙᮥᮁ,,,,
train/61228_10.png,train,ᮙᮥᮁ,,,,
train/61228_11.png,train,ᮙᮥᮁ,,,,
train/61228_12.png,train,ᮙᮥᮁ,,,,
train/61228_13.png,train,ᮙᮥᮁ,,,,
train/61228_14.png,train,ᮙᮥᮁ,,,,
train/7383_00.png,train,ᮙᮦ,,,,
train/7383_01.png,train,ᮙᮦ,,,,
train/7383_02.png,train,ᮙᮦ,,,,
train/7383_03.png,train,ᮙᮦ,,,,
train/7383_04.png,train,ᮙᮦ,,,,
train/7383_05.png,train,ᮙᮦ,,,,
train/7383_06.png,train,ᮙᮦ,,,,
train/7383_07.png,train,ᮙᮦ,,,,
train/7383_08.png,train,ᮙᮦ,,,,
train/7383_09.png,train,ᮙᮦ,,,,
train/7383_10.png,train,ᮙᮦ,,,,
train/7383_11.png,train,ᮙᮦ,,,,
train/7383_12.png,train,ᮙᮦ,,,,
train/7383_13.png,train,ᮙᮦ,,,,
train/7383_14.png,train,ᮙᮦ,,,,
train/45215_00.png,train,ᮙᮦᮂ,,,,
train/45215_01.png,train,ᮙᮦᮂ,,,,
train/45215_02.png,train,ᮙᮦᮂ,,,,
train/45215_03.png,train,ᮙᮦᮂ,,,,
train/45215_04.png,train,ᮙᮦᮂ,,,,
train/45215_05.png,train,ᮙᮦᮂ,,,,
train/45215_06.png,train,ᮙᮦᮂ,,,,
train/45215_07.png,train,ᮙᮦᮂ,,,,
train/45215_08.png,train,ᮙᮦᮂ,,,,
train/45215_09.png,train,ᮙᮦᮂ,,,,
train/45215_10.png,train,ᮙᮦᮂ,,,,
train/45215_11.png,train,ᮙᮦᮂ,,,,
train/45215_12.png,train,ᮙᮦᮂ,,,,
train/45215_13.png,train,ᮙᮦᮂ,,,,
train/45215_14.png,train,ᮙᮦᮂ,,,,
train/45328_00.png,train,ᮙᮧ,,,,
train/45328_01.png,train,ᮙᮧ,,,,
train/45328_02.png,train,ᮙᮧ,,,,
train/45328_03.png,train,ᮙᮧ,,,,
train/45328_04.png,train,ᮙᮧ,,,,
train/45328_05.png,train,ᮙᮧ,,,,
train/45328_06.png,train,ᮙᮧ,,,,
train/45328_07.png,train,ᮙᮧ,,,,
train/45328_08.png,train,ᮙᮧ,,,,
train/45328_09.png,train,ᮙᮧ,,,,
train/45328_10.png,train,ᮙᮧ,,,,
train/45328_11.png,train,ᮙᮧ,,,,
train/45328_12.png,train,ᮙᮧ,,,,
train/45328_13.png,train,ᮙᮧ,,,,
train/45328_14.png,train,ᮙᮧ,,,,
train/3493_00.png,train,ᮙᮧᮀ,,,,
train/3493_01.png,train,ᮙᮧᮀ,,,,
train/3493_02.png,train,ᮙᮧᮀ,,,,
train/3493_03.png,train,ᮙᮧᮀ,,,,
train/3493_04.png,train,ᮙᮧᮀ,,,,
train/3493_05.png,train,ᮙᮧᮀ,,,,
train/3493_06.png,train,ᮙᮧᮀ,,,,
train/3493_07.png,train,ᮙᮧᮀ,,,,
train/3493_08.png,train,ᮙᮧᮀ,,,,
train/3493_09.png,train,ᮙᮧᮀ,,,,
train/3493_10.png,train,ᮙᮧᮀ,,,,
train/3493_11.png,train,ᮙᮧᮀ,,,,
train/3493_12.png,train,ᮙᮧᮀ,,,,
train/3493_13.png,train,ᮙᮧᮀ,,,,
train/3493_14.png,train,ᮙᮧᮀ,,,,
train/97887_00.png,train,ᮙᮨ,,,,
train/97887_01.png,train,ᮙᮨ,,,,
train/97887_02.png,train,ᮙᮨ,,,,
train/97887_03.png,train,ᮙᮨ,,,,
train/97887_04.png,train,ᮙᮨ,,,,
train/97887_05.png,train,ᮙᮨ,,,,
train/97887_06.png,train,ᮙᮨ,,,,
train/97887_07.png,train,ᮙᮨ,,,,
train/97887_08.png,train,ᮙᮨ,,,,
train/97887_09.png,train,ᮙᮨ,,,,
train/97887_10.png,train,ᮙᮨ,,,,
train/97887_11.png,train,ᮙᮨ,,,,
train/97887_12.png,train,ᮙᮨ,,,,
train/97887_13.png,train,ᮙᮨ,,,,
train/97887_14.png,train,ᮙᮨ,,,,
train/1095_00.png,train,ᮙᮩ,,,,
train/1095_01.png,train,ᮙᮩ,,,,
train/1095_02.png,train,ᮙᮩ,,,,
train/1095_03.png,train,ᮙᮩ,,,,
train/1095_04.png,train,ᮙᮩ,,,,
train/1095_05.png,train,ᮙᮩ,,,,
train/1095_06.png,train,ᮙᮩ,,,,
train/1095_07.png,train,ᮙᮩ,,,,
train/1095_08.png,train,ᮙᮩ,,,,
train/1095_09.png,train,ᮙᮩ,,,,
train/1095_10.png,train,ᮙᮩ,,,,
train/1095_11.png,train,ᮙᮩ,,,,
train/1095_12.png,train,ᮙᮩ,,,,
train/1095_13.png,train,ᮙᮩ,,,,
train/1095_14.png,train,ᮙᮩ,,,,
train/9581_00.png,train,ᮙ᮪,,,,
train/9581_01.png,train,ᮙ᮪,,,,
train/9581_02.png,train,ᮙ᮪,,,,
train/9581_03.png,train,ᮙ᮪,,,,
train/9581_04.png,train,ᮙ᮪,,,,
train/9581_05.png,train,ᮙ᮪,,,,
train/9581_06.png,train,ᮙ᮪,,,,
train/9581_07.png,train,ᮙ᮪,,,,
train/9581_08.png,train,ᮙ᮪,,,,
train/9581_09.png,train,ᮙ᮪,,,,
train/9581_10.png,train,ᮙ᮪,,,,
train/9581_11.png,train,ᮙ᮪,,,,
train/9581_12.png,train,ᮙ᮪,,,,
train/9581_13.png,train,ᮙ᮪,,,,
train/9581_14.png,train,ᮙ᮪,,,,
train/33387_00.png,train,ᮚ,,,,
train/33387_01.png,train,ᮚ,,,,
train/33387_02.png,train,ᮚ,,,,
train/33387_03.png,train,ᮚ,,,,
train/33387_04.png,train,ᮚ,,,,
train/33387_05.png,train,ᮚ,,,,
train/33387_06.png,train,ᮚ,,,,
train/33387_07.png,train,ᮚ,,,,
train/33387_08.png,train,ᮚ,,,,
train/33387_09.png,train,ᮚ,,,,
train/33387_10.png,train,ᮚ,,,,
train/33387_11.png,train,ᮚ,,,,
train/33387_12.png,train,ᮚ,,,,
train/33387_13.png,train,ᮚ,,,,
train/33387_14.png,train,ᮚ,,,,
train/97277_00.png,train,ᮚᮀ,,,,
train/97277_01.png,train,ᮚᮀ,,,,
train/97277_02.png,train,ᮚᮀ,,,,
train/97277_03.png,train,ᮚᮀ,,,,
train/97277_04.png,train,ᮚᮀ,,,,
train/97277_05.png,train,ᮚᮀ,,,,
train/97277_06.png,train,ᮚᮀ,,,,
train/97277_07.png,train,ᮚᮀ,,,,
train/97277_08.png,train,ᮚᮀ,,,,
train/97277_09.png,train,ᮚᮀ,,,,
train/97277_10.png,train,ᮚᮀ,,,,
train/97277_11.png,train,ᮚᮀ,,,,
train/97277_12.png,train,ᮚᮀ,,,,
train/97277_13.png,train,ᮚᮀ,,,,
train/97277_14.png,train,ᮚᮀ,,,,
train/59749_00.png,train,ᮚᮁ,,,,
train/59749_01.png,train,ᮚᮁ,,,,
train/59749_02.png,train,ᮚᮁ,,,,
train/59749_03.png,train,ᮚᮁ,,,,
train/59749_04.png,train,ᮚᮁ,,,,
train/59749_05.png,train,ᮚᮁ,,,,
train/59749_06.png,train,ᮚᮁ,,,,
train/59749_07.png,train,ᮚᮁ,,,,
train/59749_08.png,train,ᮚᮁ,,,,
train/59749_09.png,train,ᮚᮁ,,,,
train/59749_10.png,train,ᮚᮁ,,,,
train/59749_11.png,train,ᮚᮁ,,,,
train/59749_12.png,train,ᮚᮁ,,,,
train/59749_13.png,train,ᮚᮁ,,,,
train/59749_14.png,train,ᮚᮁ,,,,
train/48819_00.png,train,ᮚᮂ,,,,
train/48819_01.png,train,ᮚᮂ,,,,
train/48819_02.png,train,ᮚᮂ,,,,
train/48819_03.png,train,ᮚᮂ,,,,
train/48819_04.png,train,ᮚᮂ,,,,
train/48819_05.png,train,ᮚᮂ,,,,
train/48819_06.png,train,ᮚᮂ,,,,
train/48819_07.png,train,ᮚᮂ,,,,
train/48819_08.png,train,ᮚᮂ,,,,
train/48819_09.png,train,ᮚᮂ,,,,
train/48819_10.png,train,ᮚᮂ,,,,
train/48819_11.png,train,ᮚᮂ,,,,
train/48819_12.png,train,ᮚᮂ,,,,
train/48819_13.png,train,ᮚᮂ,,,,
train/48819_14.png,train,ᮚᮂ,,,,
train/82857_00.png,train,ᮚᮤ,,,,
train/82857_01.png,train,ᮚᮤ,,,,
train/82857_02.png,train,ᮚᮤ,,,,
train/82857_03.png,train,ᮚᮤ,,,,
train/82857_04.png,train,ᮚᮤ,,,,
train/82857_05.png,train,ᮚᮤ,,,,
train/82857_06.png,train,ᮚᮤ,,,,
train/82857_07.png,train,ᮚᮤ,,,,
train/82857_08.png,train,ᮚᮤ,,,,
train/82857_09.png,train,ᮚᮤ,,,,
train/82857_10.png,train,ᮚᮤ,,,,
train/82857_11.png,train,ᮚᮤ,,,,
train/82857_12.png,train,ᮚᮤ,,,,
train/82857_13.png,train,ᮚᮤ,,,,
train/82857_14.png,train,ᮚᮤ,,,,
train/26961_00.png,train,ᮚᮥ,,,,
train/26961_01.png,train,ᮚᮥ,,,,
train/26961_02.png,train,ᮚᮥ,,,,
train/26961_03.png,train,ᮚᮥ,,,,
train/26961_04.png,train,ᮚᮥ,,,,
train/26961_05.png,train,ᮚᮥ,,,,
train/26961_06.png,train,ᮚᮥ,,,,
train/26961_07.png,train,ᮚᮥ,,,,
train/26961_08.png,train,ᮚᮥ,,,,
train/26961_09.png,train,ᮚᮥ,,,,
train/26961_10.png,train,ᮚᮥ,,,,
train/26961_11.png,train,ᮚᮥ,,,,
train/26961_12.png,train,ᮚᮥ,,,,
train/26961_13.png,train,ᮚᮥ,,,,
train/26961_14.png,train,ᮚᮥ,,,,
train/79949_00.png,train,ᮚᮥᮂ,,,,
train/79949_01.png,train,ᮚᮥᮂ,,,,
train/79949_02.png,train,ᮚᮥᮂ,,,,
train/79949_03.png,train,ᮚᮥᮂ,,,,
train/79949_04.png,train,ᮚᮥᮂ,,,,
train/79949_05.png,train,ᮚᮥᮂ,,,,
train/79949_06.png,train,ᮚᮥᮂ,,,,
train/79949_07.png,train,ᮚᮥᮂ,,,,
train/79949_08.png,train,ᮚᮥᮂ,,,,
train/79949_09.png,train,ᮚᮥᮂ,,,,
train/79949_10.png,train,ᮚᮥᮂ,,,,
train/79949_11.png,train,ᮚᮥᮂ,,,,
train/79949_12.png,train,ᮚᮥᮂ,,,,
train/79949_13.png,train,ᮚᮥᮂ,,,,
train/79949_14.png,train,ᮚᮥᮂ,,,,
train/78572_00.png,train,ᮚᮦ,,,,
train/78572_01.png,train,ᮚᮦ,,,,
train/78572_02.png,train,ᮚᮦ,,,,
train/78572_03.png,train,ᮚᮦ,,,,
train/78572_04.png,train,ᮚᮦ,,,,
train/78572_05.png,train,ᮚᮦ,,,,
train/78572_06.png,train,ᮚᮦ,,,,
train/78572_07.png,train,ᮚᮦ,,,,
train/78572_08.png,train,ᮚᮦ,,,,
train/78572_09.png,train,ᮚᮦ,,,,
train/78572_10.png,train,ᮚᮦ,,,,
train/78572_11.png,train,ᮚᮦ,,,,
train/78572_12.png,train,ᮚᮦ,,,,
train/78572_13.png,train,ᮚᮦ,,,,
train/78572_14.png,train,ᮚᮦ,,,,
train/36518_00.png,train,ᮚᮧ,,,,
train/36518_01.png,train,ᮚᮧ,,,,
train/36518_02.png,train,ᮚᮧ,,,,
train/36518_03.png,train,ᮚᮧ,,,,
train/36518_04.png,train,ᮚᮧ,,,,
train/36518_05.png,train,ᮚᮧ,,,,
train/36518_06.png,train,ᮚᮧ,,,,
train/36518_07.png,train,ᮚᮧ,,,,
train/36518_08.png,train,ᮚᮧ,,,,
train/36518_09.png,train,ᮚᮧ,,,,
train/36518_10.png,train,ᮚᮧ,,,,
train/36518_11.png,train,ᮚᮧ,,,,
train/36518_12.png,train,ᮚᮧ,,,,
train/36518_13.png,train,ᮚᮧ,,,,
train/36518_14.png,train,ᮚᮧ,,,,
train/95869_00.png,train,ᮚᮩ,,,,
train/95869_01.png,train,ᮚᮩ,,,,
train/95869_02.png,train,ᮚᮩ,,,,
train/95869_03.png,train,ᮚᮩ,,,,
train/95869_04.png,train,ᮚᮩ,,,,
train/95869_05.png,train,ᮚᮩ,,,,
train/95869_06.png,train,ᮚᮩ,,,,
train/95869_07.png,train,ᮚᮩ,,,,
train/95869_08.png,train,ᮚᮩ,,,,
train/95869_09.png,train,ᮚᮩ,,,,
train/95869_10.png,train,ᮚᮩ,,,,
train/95869_11.png,train,ᮚᮩ,,,,
train/95869_12.png,train,ᮚᮩ,,,,
train/95869_13.png,train,ᮚᮩ,,,,
train/95869_14.png,train,ᮚᮩ,,,,
train/29305_00.png,train,ᮚ᮪,,,,
train/29305_01.png,train,ᮚ᮪,,,,
train/29305_02.png,train,ᮚ᮪,,,,
train/29305_03.png,train,ᮚ᮪,,,,
train/29305_04.png,train,ᮚ᮪,,,,
train/29305_05.png,train,ᮚ᮪,,,,
train/29305_06.png,train,ᮚ᮪,,,,
train/29305_07.png,train,ᮚ᮪,,,,
train/29305_08.png,train,ᮚ᮪,,,,
train/29305_09.png,train,ᮚ᮪,,,,
train/29305_10.png,train,ᮚ᮪,,,,
train/29305_11.png,train,ᮚ᮪,,,,
train/29305_12.png,train,ᮚ᮪,,,,
train/29305_13.png,train,ᮚ᮪,,,,
train/29305_14.png,train,ᮚ᮪,,,,
train/87536_00.png,train,ᮛ,,,,
train/87536_01.png,train,ᮛ,,,,
train/87536_02.png,train,ᮛ,,,,
train/87536_03.png,train,ᮛ,,,,
train/87536_04.png,train,ᮛ,,,,
train/87536_05.png,train,ᮛ,,,,
train/87536_06.png,train,ᮛ,,,,
train/87536_07.png,train,ᮛ,,,,
train/87536_08.png,train,ᮛ,,,,
train/87536_09.png,train,ᮛ,,,,
train/87536_10.png,train,ᮛ,,,,
train/87536_11.png,train,ᮛ,,,,
train/87536_12.png,train,ᮛ,,,,
train/87536_13.png,train,ᮛ,,,,
train/87536_14.png,train,ᮛ,,,,
train/25673_00.png,train,ᮛᮀ,,,,
train/25673_01.png,train,ᮛᮀ,,,,
train/25673_02.png,train,ᮛᮀ,,,,
train/25673_03.png,train,ᮛᮀ,,,,
train/25673_04.png,train,ᮛᮀ,,,,
train/25673_05.png,train,ᮛᮀ,,,,
train/25673_06.png,train,ᮛᮀ,,,,
train/25673_07.png,train,ᮛᮀ,,,,
train/25673_08.png,train,ᮛᮀ,,,,
train/25673_09.png,train,ᮛᮀ,,,,
train/25673_10.png,train,ᮛᮀ,,,,
train/25673_11.png,train,ᮛᮀ,,,,
train/25673_12.png,train,ᮛᮀ,,,,
train/25673_13.png,train,ᮛᮀ,,,,
train/25673_14.png,train,ᮛᮀ,,,,
train/53994_00.png,train,ᮛᮂ,,,,
train/53994_01.png,train,ᮛᮂ,,,,
train/53994_02.png,train,ᮛᮂ,,,,
train/53994_03.png,train,ᮛᮂ,,,,
train/53994_04.png,train,ᮛᮂ,,,,
train/53994_05.png,train,ᮛᮂ,,,,
train/53994_06.png,train,ᮛᮂ,,,,
train/53994_07.png,train,ᮛᮂ,,,,
train/53994_08.png,train,ᮛᮂ,,,,
train/53994_09.png,train,ᮛᮂ,,,,
train/53994_10.png,train,ᮛᮂ,,,,
train/53994_11.png,train,ᮛᮂ,,,,
train/53994_12.png,train,ᮛᮂ,,,,
train/53994_13.png,train,ᮛᮂ,,,,
train/53994_14.png,train,ᮛᮂ,,,,
train/44834_00.png,train,ᮛᮣᮥ,,,,
train/44834_01.png,train,ᮛᮣᮥ,,,,
train/44834_02.png,train,ᮛᮣᮥ,,,,
train/44834_03.png,train,ᮛᮣᮥ,,,,
train/44834_04.png,train,ᮛᮣᮥ,,,,
train/44834_05.png,train,ᮛᮣᮥ,,,,
train/44834_06.png,train,ᮛᮣᮥ,,,,
train/44834_07.png,train,ᮛᮣᮥ,,,,
train/44834_08.png,train,ᮛᮣᮥ,,,,
train/44834_09.png,train,ᮛᮣᮥ,,,,
train/44834_10.png,train,ᮛᮣᮥ,,,,
train/44834_11.png,train,ᮛᮣᮥ,,,,
train/44834_12.png,train,ᮛᮣᮥ,,,,
train/44834_13.png,train,ᮛᮣᮥ,,,,
train/44834_14.png,train,ᮛᮣᮥ,,,,
train/98110_00.png,train,ᮛᮤ,,,,
train/98110_01.png,train,ᮛᮤ,,,,
train/98110_02.png,train,ᮛᮤ,,,,
train/98110_03.png,train,ᮛᮤ,,,,
train/98110_04.png,train,ᮛᮤ,,,,
train/98110_05.png,train,ᮛᮤ,,,,
train/98110_06.png,train,ᮛᮤ,,,,
train/98110_07.png,train,ᮛᮤ,,,,
train/98110_08.png,train,ᮛᮤ,,,,
train/98110_09.png,train,ᮛᮤ,,,,
train/98110_10.png,train,ᮛᮤ,,,,
train/98110_11.png,train,ᮛᮤ,,,,
train/98110_12.png,train,ᮛᮤ,,,,
train/98110_13.png,train,ᮛᮤ,,,,
train/98110_14.png,train,ᮛᮤ,,,,
train/16424_00.png,train,ᮛᮤᮀ,,,,
train/16424_01.png,train,ᮛᮤᮀ,,,,
train/16424_02.png,train,ᮛᮤᮀ,,,,
train/16424_03.png,train,ᮛᮤᮀ,,,,
train/16424_04.png,train,ᮛᮤᮀ,,,,
train/16424_05.png,train,ᮛᮤᮀ,,,,
train/16424_06.png,train,ᮛᮤᮀ,,,,
train/16424_07.png,train,ᮛᮤᮀ,,,,
train/16424_08.png,train,ᮛᮤᮀ,,,,
train/16424_09.png,train,ᮛᮤᮀ,,,,
train/16424_10.png,train,ᮛᮤᮀ,,,,
train/16424_11.png,train,ᮛᮤᮀ,,,,
train/16424_12.png,train,ᮛᮤᮀ,,,,
train/16424_13.png,train,ᮛᮤᮀ,,,,
train/16424_14.png,train,ᮛᮤᮀ,,,,
train/26894_00.png,train,ᮛᮥ,,,,
train/26894_01.png,train,ᮛᮥ,,,,
train/26894_02.png,train,ᮛᮥ,,,,
train/26894_03.png,train,ᮛᮥ,,,,
train/26894_04.png,train,ᮛᮥ,,,,
train/26894_05.png,train,ᮛᮥ,,,,
train/26894_06.png,train,ᮛᮥ,,,,
train/26894_07.png,train,ᮛᮥ,,,,
train/26894_08.png,train,ᮛᮥ,,,,
train/26894_09.png,train,ᮛᮥ,,,,
train/26894_10.png,train,ᮛᮥ,,,,
train/26894_11.png,train,ᮛᮥ,,,,
train/26894_12.png,train,ᮛᮥ,,,,
train/26894_13.png,train,ᮛᮥ,,,,
train/26894_14.png,train,ᮛᮥ,,,,
train/56501_00.png,train,ᮛᮥᮀ,,,,
train/56501_01.png,train,ᮛᮥᮀ,,,,
train/56501_02.png,train,ᮛᮥᮀ,,,,
train/56501_03.png,train,ᮛᮥᮀ,,,,
train/56501_04.png,train,ᮛᮥᮀ,,,,
train/56501_05.png,train,ᮛᮥᮀ,,,,
train/56501_06.png,train,ᮛᮥᮀ,,,,
train/56501_07.png,train,ᮛᮥᮀ,,,,
train/56501_08.png,train,ᮛᮥᮀ,,,,
train/56501_09.png,train,ᮛᮥᮀ,,,,
train/56501_10.png,train,ᮛᮥᮀ,,,,
train/56501_11.png,train,ᮛᮥᮀ,,,,
train/56501_12.png,train,ᮛᮥᮀ,,,,
train/56501_13.png,train,ᮛᮥᮀ,,,,
train/56501_14.png,train,ᮛᮥᮀ,,,,
train/10727_00.png,train,ᮛᮥᮂ,,,,
train/10727_01.png,train,ᮛᮥᮂ,,,,
train/10727_02.png,train,ᮛᮥᮂ,,,,
train/10727_03.png,train,ᮛᮥᮂ,,,,
train/10727_04.png,train,ᮛᮥᮂ,,,,
train/10727_05.png,train,ᮛᮥᮂ,,,,
train/10727_06.png,train,ᮛᮥᮂ,,,,
train/10727_07.png,train,ᮛᮥᮂ,,,,
train/10727_08.png,train,ᮛᮥᮂ,,,,
train/10727_09.png,train,ᮛᮥᮂ,,,,
train/10727_10.png,train,ᮛᮥᮂ,,,,
train/10727_11.png,train,ᮛᮥᮂ,,,,
train/10727_12.png,train,ᮛᮥᮂ,,,,
train/10727_13.png,train,ᮛᮥᮂ,,,,
train/10727_14.png,train,ᮛᮥᮂ,,,,
train/1350_00.png,train,ᮛᮦ,,,,
train/1350_01.png,train,ᮛᮦ,,,,
train/1350_02.png,train,ᮛᮦ,,,,
train/1350_03.png,train,ᮛᮦ,,,,
train/1350_04.png,train,ᮛᮦ,,,,
train/1350_05.png,train,ᮛᮦ,,,,
train/1350_06.png,train,ᮛᮦ,,,,
train/1350_07.png,train,ᮛᮦ,,,,
train/1350_08.png,train,ᮛᮦ,,,,
train/1350_09.png,train,ᮛᮦ,,,,
train/1350_10.png,train,ᮛᮦ,,,,
train/1350_11.png,train,ᮛᮦ,,,,
train/1350_12.png,train,ᮛᮦ,,,,
train/1350_13.png,train,ᮛᮦ,,,,
train/1350_14.png,train,ᮛᮦ,,,,
train/19454_00.png,train,ᮛᮦᮀ,,,,
train/19454_01.png,train,ᮛᮦᮀ,,,,
train/19454_02.png,train,ᮛᮦᮀ,,,,
train/19454_03.png,train,ᮛᮦᮀ,,,,
train/19454_04.png,train,ᮛᮦᮀ,,,,
train/19454_05.png,train,ᮛᮦᮀ,,,,
train/19454_06.png,train,ᮛᮦᮀ,,,,
train/19454_07.png,train,ᮛᮦᮀ,,,,
train/19454_08.png,train,ᮛᮦᮀ,,,,
train/19454_09.png,train,ᮛᮦᮀ,,,,
train/19454_10.png,train,ᮛᮦᮀ,,,,
train/19454_11.png,train,ᮛᮦᮀ,,,,
train/19454_12.png,train,ᮛᮦᮀ,,,,
train/19454_13.png,train,ᮛᮦᮀ,,,,
train/19454_14.png,train,ᮛᮦᮀ,,,,
train/97276_00.png,train,ᮛᮦᮂ,,,,
train/97276_01.png,train,ᮛᮦᮂ,,,,
train/97276_02.png,train,ᮛᮦᮂ,,,,
train/97276_03.png,train,ᮛᮦᮂ,,,,
train/97276_04.png,train,ᮛᮦᮂ,,,,
train/97276_05.png,train,ᮛᮦᮂ,,,,
train/97276_06.png,train,ᮛᮦᮂ,,,,
train/97276_07.png,train,ᮛᮦᮂ,,,,
train/97276_08.png,train,ᮛᮦᮂ,,,,
train/97276_09.png,train,ᮛᮦᮂ,,,,
train/97276_10.png,train,ᮛᮦᮂ,,,,
train/97276_11.png,train,ᮛᮦᮂ,,,,
train/97276_12.png,train,ᮛᮦᮂ,,,,
train/97276_13.png,train,ᮛᮦᮂ,,,,
train/97276_14.png,train,ᮛᮦᮂ,,,,
train/58076_00.png,train,ᮛᮧ,,,,
train/58076_01.png,train,ᮛᮧ,,,,
train/58076_02.png,train,ᮛᮧ,,,,
train/58076_03.png,train,ᮛᮧ,,,,
train/58076_04.png,train,ᮛᮧ,,,,
train/58076_05.png,train,ᮛᮧ,,,,
train/58076_06.png,train,ᮛᮧ,,,,
train/58076_07.png,train,ᮛᮧ,,,,
train/58076_08.png,train,ᮛᮧ,,,,
train/58076_09.png,train,ᮛᮧ,,,,
train/58076_10.png,train,ᮛᮧ,,,,
train/58076_11.png,train,ᮛᮧ,,,,
train/58076_12.png,train,ᮛᮧ,,,,
train/58076_13.png,train,ᮛᮧ,,,,
train/58076_14.png,train,ᮛᮧ,,,,
train/51120_00.png,train,ᮛᮨ,,,,
train/51120_01.png,train,ᮛᮨ,,,,
train/51120_02.png,train,ᮛᮨ,,,,
train/51120_03.png,train,ᮛᮨ,,,,
train/51120_04.png,train,ᮛᮨ,,,,
train/51120_05.png,train,ᮛᮨ,,,,
train/51120_06.png,train,ᮛᮨ,,,,
train/51120_07.png,train,ᮛᮨ,,,,
train/51120_08.png,train,ᮛᮨ,,,,
train/51120_09.png,train,ᮛᮨ,,,,
train/51120_10.png,train,ᮛᮨ,,,,
train/51120_11.png,train,ᮛᮨ,,,,
train/51120_12.png,train,ᮛᮨ,,,,
train/51120_13.png,train,ᮛᮨ,,,,
train/51120_14.png,train,ᮛᮨ,,,,
train/93419_00.png,train,ᮛᮨᮀ,,,,
train/93419_01.png,train,ᮛᮨᮀ,,,,
train/93419_02.png,train,ᮛᮨᮀ,,,,
train/93419_03.png,train,ᮛᮨᮀ,,,,
train/93419_04.png,train,ᮛᮨᮀ,,,,
train/93419_05.png,train,ᮛᮨᮀ,,,,
train/93419_06.png,train,ᮛᮨᮀ,,,,
train/93419_07.png,train,ᮛᮨᮀ,,,,
train/93419_08.png,train,ᮛᮨᮀ,,,,
train/93419_09.png,train,ᮛᮨᮀ,,,,
train/93419_10.png,train,ᮛᮨᮀ,,,,
train/93419_11.png,train,ᮛᮨᮀ,,,,
train/93419_12.png,train,ᮛᮨᮀ,,,,
train/93419_13.png,train,ᮛᮨᮀ,,,,
train/93419_14.png,train,ᮛᮨᮀ,,,,
train/13341_00.png,train,ᮛᮩ,,,,
train/13341_01.png,train,ᮛᮩ,,,,
train/13341_02.png,train,ᮛᮩ,,,,
train/13341_03.png,train,ᮛᮩ,,,,
train/13341_04.png,train,ᮛᮩ,,,,
train/13341_05.png,train,ᮛᮩ,,,,
train/13341_06.png,train,ᮛᮩ,,,,
train/13341_07.png,train,ᮛᮩ,,,,
train/13341_08.png,train,ᮛᮩ,,,,
train/13341_09.png,train,ᮛᮩ,,,,
train/13341_10.png,train,ᮛᮩ,,,,
train/13341_11.png,train,ᮛᮩ,,,,
train/13341_12.png,train,ᮛᮩ,,,,
train/13341_13.png,train,ᮛᮩ,,,,
train/13341_14.png,train,ᮛᮩ,,,,
train/1281_00.png,train,ᮛᮩᮂ,,,,
train/1281_01.png,train,ᮛᮩᮂ,,,,
train/1281_02.png,train,ᮛᮩᮂ,,,,
train/1281_03.png,train,ᮛᮩᮂ,,,,
train/1281_04.png,train,ᮛᮩᮂ,,,,
train/1281_05.png,train,ᮛᮩᮂ,,,,
train/1281_06.png,train,ᮛᮩᮂ,,,,
train/1281_07.png,train,ᮛᮩᮂ,,,,
train/1281_08.png,train,ᮛᮩᮂ,,,,
train/1281_09.png,train,ᮛᮩᮂ,,,,
train/1281_10.png,train,ᮛᮩᮂ,,,,
train/1281_11.png,train,ᮛᮩᮂ,,,,
train/1281_12.png,train,ᮛᮩᮂ,,,,
train/1281_13.png,train,ᮛᮩᮂ,,,,
train/1281_14.png,train,ᮛᮩᮂ,,,,
train/42623_00.png,train,ᮜ,,,,
train/42623_01.png,train,ᮜ,,,,
train/42623_02.png,train,ᮜ,,,,
train/42623_03.png,train,ᮜ,,,,
train/42623_04.png,train,ᮜ,,,,
train/42623_05.png,train,ᮜ,,,,
train/42623_06.png,train,ᮜ,,,,
train/42623_07.png,train,ᮜ,,,,
train/42623_08.png,train,ᮜ,,,,
train/42623_09.png,train,ᮜ,,,,
train/42623_10.png,train,ᮜ,,,,
train/42623_11.png,train,ᮜ,,,,
train/42623_12.png,train,ᮜ,,,,
train/42623_13.png,train,ᮜ,,,,
train/42623_14.png,train,ᮜ,,,,
train/25950_00.png,train,ᮜᮀ,,,,
train/25950_01.png,train,ᮜᮀ,,,,
train/25950_02.png,train,ᮜᮀ,,,,
train/25950_03.png,train,ᮜᮀ,,,,
train/25950_04.png,train,ᮜᮀ,,,,
train/25950_05.png,train,ᮜᮀ,,,,
train/25950_06.png,train,ᮜᮀ,,,,
train/25950_07.png,train,ᮜᮀ,,,,
train/25950_08.png,train,ᮜᮀ,,,,
train/25950_09.png,train,ᮜᮀ,,,,
train/25950_10.png,train,ᮜᮀ,,,,
train/25950_11.png,train,ᮜᮀ,,,,
train/25950_12.png,train,ᮜᮀ,,,,
train/25950_13.png,train,ᮜᮀ,,,,
train/25950_14.png,train,ᮜᮀ,,,,
train/12685_00.png,train,ᮜᮁ,,,,
train/12685_01.png,train,ᮜᮁ,,,,
train/12685_02.png,train,ᮜᮁ,,,,
train/12685_03.png,train,ᮜᮁ,,,,
train/12685_04.png,train,ᮜᮁ,,,,
train/12685_05.png,train,ᮜᮁ,,,,
train/12685_06.png,train,ᮜᮁ,,,,
train/12685_07.png,train,ᮜᮁ,,,,
train/12685_08.png,train,ᮜᮁ,,,,
train/12685_09.png,train,ᮜᮁ,,,,
train/12685_10.png,train,ᮜᮁ,,,,
train/12685_11.png,train,ᮜᮁ,,,,
train/12685_12.png,train,ᮜᮁ,,,,
train/12685_13.png,train,ᮜᮁ,,,,
train/12685_14.png,train,ᮜᮁ,,,,
train/74180_00.png,train,ᮜᮂ,,,,
train/74180_01.png,train,ᮜᮂ,,,,
train/74180_02.png,train,ᮜᮂ,,,,
train/74180_03.png,train,ᮜᮂ,,,,
train/74180_04.png,train,ᮜᮂ,,,,
train/74180_05.png,train,ᮜᮂ,,,,
train/74180_06.png,train,ᮜᮂ,,,,
train/74180_07.png,train,ᮜᮂ,,,,
train/74180_08.png,train,ᮜᮂ,,,,
train/74180_09.png,train,ᮜᮂ,,,,
train/74180_10.png,train,ᮜᮂ,,,,
train/74180_11.png,train,ᮜᮂ,,,,
train/74180_12.png,train,ᮜᮂ,,,,
train/74180_13.png,train,ᮜᮂ,,,,
train/74180_14.png,train,ᮜᮂ,,,,
train/90788_00.png,train,ᮜᮤ,,,,
train/90788_01.png,train,ᮜᮤ,,,,
train/90788_02.png,train,ᮜᮤ,,,,
train/90788_03.png,train,ᮜᮤ,,,,
train/90788_04.png,train,ᮜᮤ,,,,
train/90788_05.png,train,ᮜᮤ,,,,
train/90788_06.png,train,ᮜᮤ,,,,
train/90788_07.png,train,ᮜᮤ,,,,
train/90788_08.png,train,ᮜᮤ,,,,
train/90788_09.png,train,ᮜᮤ,,,,
train/90788_10.png,train,ᮜᮤ,,,,
train/90788_11.png,train,ᮜᮤ,,,,
train/90788_12.png,train,ᮜᮤ,,,,
train/90788_13.png,train,ᮜᮤ,,,,
train/90788_14.png,train,ᮜᮤ,,,,
train/56410_00.png,train,ᮜᮤᮀ,,,,
train/56410_01.png,train,ᮜᮤᮀ,,,,
train/56410_02.png,train,ᮜᮤᮀ,,,,
train/56410_03.png,train,ᮜᮤᮀ,,,,
train/56410_04.png,train,ᮜᮤᮀ,,,,
train/56410_05.png,train,ᮜᮤᮀ,,,,
train/56410_06.png,train,ᮜᮤᮀ,,,,
train/56410_07.png,train,ᮜᮤᮀ,,,,
train/56410_08.png,train,ᮜᮤᮀ,,,,
train/56410_09.png,train,ᮜᮤᮀ,,,,
train/56410_10.png,train,ᮜᮤᮀ,,,,
train/56410_11.png,train,ᮜᮤᮀ,,,,
train/56410_12.png,train,ᮜᮤᮀ,,,,
train/56410_13.png,train,ᮜᮤᮀ,,,,
train/56410_14.png,train,ᮜᮤᮀ,,,,
train/38817_00.png,train,ᮜᮤᮂ,,,,
train/38817_01.png,train,ᮜᮤᮂ,,,,
train/38817_02.png,train,ᮜᮤᮂ,,,,
train/38817_03.png,train,ᮜᮤᮂ,,,,
train/38817_04.png,train,ᮜᮤᮂ,,,,
train/38817_05.png,train,ᮜᮤᮂ,,,,
train/38817_06.png,train,ᮜᮤᮂ,,,,
train/38817_07.png,train,ᮜᮤᮂ,,,,
train/38817_08.png,train,ᮜᮤᮂ,,,,
train/38817_09.png,train,ᮜᮤᮂ,,,,
train/38817_10.png,train,ᮜᮤᮂ,,,,
train/38817_11.png,train,ᮜᮤᮂ,,,,
train/38817_12.png,train,ᮜᮤᮂ,,,,
train/38817_13.png,train,ᮜᮤᮂ,,,,
train/38817_14.png,train,ᮜᮤᮂ,,,,
train/88567_00.png,train,ᮜᮥ,,,,
train/88567_01.png,train,ᮜᮥ,,,,
train/88567_02.png,train,ᮜᮥ,,,,
train/88567_03.png,train,ᮜᮥ,,,,
train/88567_04.png,train,ᮜᮥ,,,,
train/88567_05.png,train,ᮜᮥ,,,,
train/88567_06.png,train,ᮜᮥ,,,,
train/88567_07.png,train,ᮜᮥ,,,,
train/88567_08.png,train,ᮜᮥ,,,,
train/88567_09.png,train,ᮜᮥ,,,,
train/88567_10.png,train,ᮜᮥ,,,,
train/88567_11.png,train,ᮜᮥ,,,,
train/88567_12.png,train,ᮜᮥ,,,,
train/88567_13.png,train,ᮜᮥ,,,,
train/88567_14.png,train,ᮜᮥ,,,,
train/87274_00.png,train,ᮜᮥᮀ,,,,
train/87274_01.png,train,ᮜᮥᮀ,,,,
train/87274_02.png,train,ᮜᮥᮀ,,,,
train/87274_03.png,train,ᮜᮥᮀ,,,,
train/87274_04.png,train,ᮜᮥᮀ,,,,
train/87274_05.png,train,ᮜᮥᮀ,,,,
train/87274_06.png,train,ᮜᮥᮀ,,,,
train/87274_07.png,train,ᮜᮥᮀ,,,,
train/87274_08.png,train,ᮜᮥᮀ,,,,
train/87274_09.png,train,ᮜᮥᮀ,,,,
train/87274_10.png,train,ᮜᮥᮀ,,,,
train/87274_11.png,train,ᮜᮥᮀ,,,,
train/87274_12.png,train,ᮜᮥᮀ,,,,
train/87274_13.png,train,ᮜᮥᮀ,,,,
train/87274_14.png,train,ᮜᮥᮀ,,,,
train/14105_00.png,train,ᮜᮥᮂ,,,,
train/14105_01.png,train,ᮜᮥᮂ,,,,
train/14105_02.png,train,ᮜᮥᮂ,,,,
train/14105_03.png,train,ᮜᮥᮂ,,,,
train/14105_04.png,train,ᮜᮥᮂ,,,,
train/14105_05.png,train,ᮜᮥᮂ,,,,
train/14105_06.png,train,ᮜᮥᮂ,,,,
train/14105_07.png,train,ᮜᮥᮂ,,,,
train/14105_08.png,train,ᮜᮥᮂ,,,,
train/14105_09.png,train,ᮜᮥᮂ,,,,
train/14105_10.png,train,ᮜᮥᮂ,,,,
train/14105_11.png,train,ᮜᮥᮂ,,,,
train/14105_12.png,train,ᮜᮥᮂ,,,,
train/14105_13.png,train,ᮜᮥᮂ,,,,
train/14105_14.png,train,ᮜᮥᮂ,,,,
train/86291_00.png,train,ᮜᮦ,,,,
train/86291_01.png,train,ᮜᮦ,,,,
train/86291_02.png,train,ᮜᮦ,,,,
train/86291_03.png,train,ᮜᮦ,,,,
train/86291_04.png,train,ᮜᮦ,,,,
train/86291_05.png,train,ᮜᮦ,,,,
train/86291_06.png,train,ᮜᮦ,,,,
train/86291_07.png,train,ᮜᮦ,,,,
train/86291_08.png,train,ᮜᮦ,,,,
train/86291_09.png,train,ᮜᮦ,,,,
train/86291_10.png,train,ᮜᮦ,,,,
train/86291_11.png,train,ᮜᮦ,,,,
train/86291_12.png,train,ᮜᮦ,,,,
train/86291_13.png,train,ᮜᮦ,,,,
train/86291_14.png,train,ᮜᮦ,,,,
train/63286_00.png,train,ᮜᮦᮁ,,,,
train/63286_01.png,train,ᮜᮦᮁ,,,,
train/63286_02.png,train,ᮜᮦᮁ,,,,
train/63286_03.png,train,ᮜᮦᮁ,,,,
train/63286_04.png,train,ᮜᮦᮁ,,,,
train/63286_05.png,train,ᮜᮦᮁ,,,,
train/63286_06.png,train,ᮜᮦᮁ,,,,
train/63286_07.png,train,ᮜᮦᮁ,,,,
train/63286_08.png,train,ᮜᮦᮁ,,,,
train/63286_09.png,train,ᮜᮦᮁ,,,,
train/63286_10.png,train,ᮜᮦᮁ,,,,
train/63286_11.png,train,ᮜᮦᮁ,,,,
train/63286_12.png,train,ᮜᮦᮁ,,,,
train/63286_13.png,train,ᮜᮦᮁ,,,,
train/63286_14.png,train,ᮜᮦᮁ,,,,
train/76340_00.png,train,ᮜᮦᮂ,,,,
train/76340_01.png,train,ᮜᮦᮂ,,,,
train/76340_02.png,train,ᮜᮦᮂ,,,,
train/76340_03.png,train,ᮜᮦᮂ,,,,
train/76340_04.png,train,ᮜᮦᮂ,,,,
train/76340_05.png,train,ᮜᮦᮂ,,,,
train/76340_06.png,train,ᮜᮦᮂ,,,,
train/76340_07.png,train,ᮜᮦᮂ,,,,
train/76340_08.png,train,ᮜᮦᮂ,,,,
train/76340_09.png,train,ᮜᮦᮂ,,,,
train/76340_10.png,train,ᮜᮦᮂ,,,,
train/76340_11.png,train,ᮜᮦᮂ,,,,
train/76340_12.png,train,ᮜᮦᮂ,,,,
train/76340_13.png,train,ᮜᮦᮂ,,,,
train/76340_14.png,train,ᮜᮦᮂ,,,,
train/84369_00.png,train,ᮜᮧ,,,,
train/84369_01.png,train,ᮜᮧ,,,,
train/84369_02.png,train,ᮜᮧ,,,,
train/84369_03.png,train,ᮜᮧ,,,,
train/84369_04.png,train,ᮜᮧ,,,,
train/84369_05.png,train,ᮜᮧ,,,,
train/84369_06.png,train,ᮜᮧ,,,,
train/84369_07.png,train,ᮜᮧ,,,,
train/84369_08.png,train,ᮜᮧ,,,,
train/84369_09.png,train,ᮜᮧ,,,,
train/84369_10.png,train,ᮜᮧ,,,,
train/84369_11.png,train,ᮜᮧ,,,,
train/84369_12.png,train,ᮜᮧ,,,,
train/84369_13.png,train,ᮜᮧ,,,,
train/84369_14.png,train,ᮜᮧ,,,,
train/17515_00.png,train,ᮜᮧᮀ,,,,
train/17515_01.png,train,ᮜᮧᮀ,,,,
train/17515_02.png,train,ᮜᮧᮀ,,,,
train/17515_03.png,train,ᮜᮧᮀ,,,,
train/17515_04.png,train,ᮜᮧᮀ,,,,
train/17515_05.png,train,ᮜᮧᮀ,,,,
train/17515_06.png,train,ᮜᮧᮀ,,,,
train/17515_07.png,train,ᮜᮧᮀ,,,,
train/17515_08.png,train,ᮜᮧᮀ,,,,
train/17515_09.png,train,ᮜᮧᮀ,,,,
train/17515_10.png,train,ᮜᮧᮀ,,,,
train/17515_11.png,train,ᮜᮧᮀ,,,,
train/17515_12.png,train,ᮜᮧᮀ,,,,
train/17515_13.png,train,ᮜᮧᮀ,,,,
train/17515_14.png,train,ᮜᮧᮀ,,,,
train/54314_00.png,train,ᮜᮨ,,,,
train/54314_01.png,train,ᮜᮨ,,,,
train/54314_02.png,train,ᮜᮨ,,,,
train/54314_03.png,train,ᮜᮨ,,,,
train/54314_04.png,train,ᮜᮨ,,,,
train/54314_05.png,train,ᮜᮨ,,,,
train/54314_06.png,train,ᮜᮨ,,,,
train/54314_07.png,train,ᮜᮨ,,,,
train/54314_08.png,train,ᮜᮨ,,,,
train/54314_09.png,train,ᮜᮨ,,,,
train/54314_10.png,train,ᮜᮨ,,,,
train/54314_11.png,train,ᮜᮨ,,,,
train/54314_12.png,train,ᮜᮨ,,,,
train/54314_13.png,train,ᮜᮨ,,,,
train/54314_14.png,train,ᮜᮨ,,,,
train/71616_00.png,train,ᮜᮨᮀ,,,,
train/71616_01.png,train,ᮜᮨᮀ,,,,
train/71616_02.png,train,ᮜᮨᮀ,,,,
train/71616_03.png,train,ᮜᮨᮀ,,,,
train/71616_04.png,train,ᮜᮨᮀ,,,,
train/71616_05.png,train,ᮜᮨᮀ,,,,
train/71616_06.png,train,ᮜᮨᮀ,,,,
train/71616_07.png,train,ᮜᮨᮀ,,,,
train/71616_08.png,train,ᮜᮨᮀ,,,,
train/71616_09.png,train,ᮜᮨᮀ,,,,
train/71616_10.png,train,ᮜᮨᮀ,,,,
train/71616_11.png,train,ᮜᮨᮀ,,,,
train/71616_12.png,train,ᮜᮨᮀ,,,,
train/71616_13.png,train,ᮜᮨᮀ,,,,
train/71616_14.png,train,ᮜᮨᮀ,,,,
train/89251_00.png,train,ᮜᮩ,,,,
train/89251_01.png,train,ᮜᮩ,,,,
train/89251_02.png,train,ᮜᮩ,,,,
train/89251_03.png,train,ᮜᮩ,,,,
train/89251_04.png,train,ᮜᮩ,,,,
train/89251_05.png,train,ᮜᮩ,,,,
train/89251_06.png,train,ᮜᮩ,,,,
train/89251_07.png,train,ᮜᮩ,,,,
train/89251_08.png,train,ᮜᮩ,,,,
train/89251_09.png,train,ᮜᮩ,,,,
train/89251_10.png,train,ᮜᮩ,,,,
train/89251_11.png,train,ᮜᮩ,,,,
train/89251_12.png,train,ᮜᮩ,,,,
train/89251_13.png,train,ᮜᮩ,,,,
train/89251_14.png,train,ᮜᮩ,,,,
train/9402_00.png,train,ᮜᮩᮂ,,,,
train/9402_01.png,train,ᮜᮩᮂ,,,,
train/9402_02.png,train,ᮜᮩᮂ,,,,
train/9402_03.png,train,ᮜᮩᮂ,,,,
train/9402_04.png,train,ᮜᮩᮂ,,,,
train/9402_05.png,train,ᮜᮩᮂ,,,,
train/9402_06.png,train,ᮜᮩᮂ,,,,
train/9402_07.png,train,ᮜᮩᮂ,,,,
train/9402_08.png,train,ᮜᮩᮂ,,,,
train/9402_09.png,train,ᮜᮩᮂ,,,,
train/9402_10.png,train,ᮜᮩᮂ,,,,
train/9402_11.png,train,ᮜᮩᮂ,,,,
train/9402_12.png,train,ᮜᮩᮂ,,,,
train/9402_13.png,train,ᮜᮩᮂ,,,,
train/9402_14.png,train,ᮜᮩᮂ,,,,
train/45044_00.png,train,ᮜ᮪,,,,
train/45044_01.png,train,ᮜ᮪,,,,
train/45044_02.png,train,ᮜ᮪,,,,
train/45044_03.png,train,ᮜ᮪,,,,
train/45044_04.png,train,ᮜ᮪,,,,
train/45044_05.png,train,ᮜ᮪,,,,
train/45044_06.png,train,ᮜ᮪,,,,
train/45044_07.png,train,ᮜ᮪,,,,
train/45044_08.png,train,ᮜ᮪,,,,
train/45044_09.png,train,ᮜ᮪,,,,
train/45044_10.png,train,ᮜ᮪,,,,
train/45044_11.png,train,ᮜ᮪,,,,
train/45044_12.png,train,ᮜ᮪,,,,
train/45044_13.png,train,ᮜ᮪,,,,
train/45044_14.png,train,ᮜ᮪,,,,
train/6401_00.png,train,ᮝ,,,,
train/6401_01.png,train,ᮝ,,,,
train/6401_02.png,train,ᮝ,,,,
train/6401_03.png,train,ᮝ,,,,
train/6401_04.png,train,ᮝ,,,,
train/6401_05.png,train,ᮝ,,,,
train/6401_06.png,train,ᮝ,,,,
train/6401_07.png,train,ᮝ,,,,
train/6401_08.png,train,ᮝ,,,,
train/6401_09.png,train,ᮝ,,,,
train/6401_10.png,train,ᮝ,,,,
train/6401_11.png,train,ᮝ,,,,
train/6401_12.png,train,ᮝ,,,,
train/6401_13.png,train,ᮝ,,,,
train/6401_14.png,train,ᮝ,,,,
train/6229_00.png,train,ᮝᮀ,,,,
train/6229_01.png,train,ᮝᮀ,,,,
train/6229_02.png,train,ᮝᮀ,,,,
train/6229_03.png,train,ᮝᮀ,,,,
train/6229_04.png,train,ᮝᮀ,,,,
train/6229_05.png,train,ᮝᮀ,,,,
train/6229_06.png,train,ᮝᮀ,,,,
train/6229_07.png,train,ᮝᮀ,,,,
train/6229_08.png,train,ᮝᮀ,,,,
train/6229_09.png,train,ᮝᮀ,,,,
train/6229_10.png,train,ᮝᮀ,,,,
train/6229_11.png,train,ᮝᮀ,,,,
train/6229_12.png,train,ᮝᮀ,,,,
train/6229_13.png,train,ᮝᮀ,,,,
train/6229_14.png,train,ᮝᮀ,,,,
train/78758_00.png,train,ᮝᮁ,,,,
train/78758_01.png,train,ᮝᮁ,,,,
train/78758_02.png,train,ᮝᮁ,,,,
train/78758_03.png,train,ᮝᮁ,,,,
train/78758_04.png,train,ᮝᮁ,,,,
train/78758_05.png,train,ᮝᮁ,,,,
train/78758_06.png,train,ᮝᮁ,,,,
train/78758_07.png,train,ᮝᮁ,,,,
train/78758_08.png,train,ᮝᮁ,,,,
train/78758_09.png,train,ᮝᮁ,,,,
train/78758_10.png,train,ᮝᮁ,,,,
train/78758_11.png,train,ᮝᮁ,,,,
train/78758_12.png,train,ᮝᮁ,,,,
train/78758_13.png,train,ᮝᮁ,,,,
train/78758_14.png,train,ᮝᮁ,,,,
train/91846_00.png,train,ᮝᮤ,,,,
train/91846_01.png,train,ᮝᮤ,,,,
train/91846_02.png,train,ᮝᮤ,,,,
train/91846_03.png,train,ᮝᮤ,,,,
train/91846_04.png,train,ᮝᮤ,,,,
train/91846_05.png,train,ᮝᮤ,,,,
train/91846_06.png,train,ᮝᮤ,,,,
train/91846_07.png,train,ᮝᮤ,,,,
train/91846_08.png,train,ᮝᮤ,,,,
train/91846_09.png,train,ᮝᮤ,,,,
train/91846_10.png,train,ᮝᮤ,,,,
train/91846_11.png,train,ᮝᮤ,,,,
train/91846_12.png,train,ᮝᮤ,,,,
train/91846_13.png,train,ᮝᮤ,,,,
train/91846_14.png,train,ᮝᮤ,,,,
train/98131_00.png,train,ᮝᮤᮀ,,,,
train/98131_01.png,train,ᮝᮤᮀ,,,,
train/98131_02.png,train,ᮝᮤᮀ,,,,
train/98131_03.png,train,ᮝᮤᮀ,,,,
train/98131_04.png,train,ᮝᮤᮀ,,,,
train/98131_05.png,train,ᮝᮤᮀ,,,,
train/98131_06.png,train,ᮝᮤᮀ,,,,
train/98131_07.png,train,ᮝᮤᮀ,,,,
train/98131_08.png,train,ᮝᮤᮀ,,,,
train/98131_09.png,train,ᮝᮤᮀ,,,,
train/98131_10.png,train,ᮝᮤᮀ,,,,
train/98131_11.png,train,ᮝᮤᮀ,,,,
train/98131_12.png,train,ᮝᮤᮀ,,,,
train/98131_13.png,train,ᮝᮤᮀ,,,,
train/98131_14.png,train,ᮝᮤᮀ,,,,
train/40263_00.png,train,ᮝᮤᮁ,,,,
train/40263_01.png,train,ᮝᮤᮁ,,,,
train/40263_02.png,train,ᮝᮤᮁ,,,,
train/40263_03.png,train,ᮝᮤᮁ,,,,
train/40263_04.png,train,ᮝᮤᮁ,,,,
train/40263_05.png,train,ᮝᮤᮁ,,,,
train/40263_06.png,train,ᮝᮤᮁ,,,,
train/40263_07.png,train,ᮝᮤᮁ,,,,
train/40263_08.png,train,ᮝᮤᮁ,,,,
train/40263_09.png,train,ᮝᮤᮁ,,,,
train/40263_10.png,train,ᮝᮤᮁ,,,,
train/40263_11.png,train,ᮝᮤᮁ,,,,
train/40263_12.png,train,ᮝᮤᮁ,,,,
train/40263_13.png,train,ᮝᮤᮁ,,,,
train/40263_14.png,train,ᮝᮤᮁ,,,,
train/2713_00.png,train,ᮝᮤᮂ,,,,
train/2713_01.png,train,ᮝᮤᮂ,,,,
train/2713_02.png,train,ᮝᮤᮂ,,,,
train/2713_03.png,train,ᮝᮤᮂ,,,,
train/2713_04.png,train,ᮝᮤᮂ,,,,
train/2713_05.png,train,ᮝᮤᮂ,,,,
train/2713_06.png,train,ᮝᮤᮂ,,,,
train/2713_07.png,train,ᮝᮤᮂ,,,,
train/2713_08.png,train,ᮝᮤᮂ,,,,
train/2713_09.png,train,ᮝᮤᮂ,,,,
train/2713_10.png,train,ᮝᮤᮂ,,,,
train/2713_11.png,train,ᮝᮤᮂ,,,,
train/2713_12.png,train,ᮝᮤᮂ,,,,
train/2713_13.png,train,ᮝᮤᮂ,,,,
train/2713_14.png,train,ᮝᮤᮂ,,,,
train/14411_00.png,train,ᮝᮥ,,,,
train/14411_01.png,train,ᮝᮥ,,,,
train/14411_02.png,train,ᮝᮥ,,,,
train/14411_03.png,train,ᮝᮥ,,,,
train/14411_04.png,train,ᮝᮥ,,,,
train/14411_05.png,train,ᮝᮥ,,,,
train/14411_06.png,train,ᮝᮥ,,,,
train/14411_07.png,train,ᮝᮥ,,,,
train/14411_08.png,train,ᮝᮥ,,,,
train/14411_09.png,train,ᮝᮥ,,,,
train/14411_10.png,train,ᮝᮥ,,,,
train/14411_11.png,train,ᮝᮥ,,,,
train/14411_12.png,train,ᮝᮥ,,,,
train/14411_13.png,train,ᮝᮥ,,,,
train/14411_14.png,train,ᮝᮥ,,,,
train/40889_00.png,train,ᮝᮥᮀ,,,,
train/40889_01.png,train,ᮝᮥᮀ,,,,
train/40889_02.png,train,ᮝᮥᮀ,,,,
train/40889_03.png,train,ᮝᮥᮀ,,,,
train/40889_04.png,train,ᮝᮥᮀ,,,,
train/40889_05.png,train,ᮝᮥᮀ,,,,
train/40889_06.png,train,ᮝᮥᮀ,,,,
train/40889_07.png,train,ᮝᮥᮀ,,,,
train/40889_08.png,train,ᮝᮥᮀ,,,,
train/40889_09.png,train,ᮝᮥᮀ,,,,
train/40889_10.png,train,ᮝᮥᮀ,,,,
train/40889_11.png,train,ᮝᮥᮀ,,,,
train/40889_12.png,train,ᮝᮥᮀ,,,,
train/40889_13.png,train,ᮝᮥᮀ,,,,
train/40889_14.png,train,ᮝᮥᮀ,,,,
train/3856_00.png,train,ᮝᮥᮂ,,,,
train/3856_01.png,train,ᮝᮥᮂ,,,,
train/3856_02.png,train,ᮝᮥᮂ,,,,
train/3856_03.png,train,ᮝᮥᮂ,,,,
train/3856_04.png,train,ᮝᮥᮂ,,,,
train/3856_05.png,train,ᮝᮥᮂ,,,,
train/3856_06.png,train,ᮝᮥᮂ,,,,
train/3856_07.png,train,ᮝᮥᮂ,,,,
train/3856_08.png,train,ᮝᮥᮂ,,,,
train/3856_09.png,train,ᮝᮥᮂ,,,,
train/3856_10.png,train,ᮝᮥᮂ,,,,
train/3856_11.png,train,ᮝᮥᮂ,,,,
train/3856_12.png,train,ᮝᮥᮂ,,,,
train/3856_13.png,train,ᮝᮥᮂ,,,,
train/3856_14.png,train,ᮝᮥᮂ,,,,
train/11347_00.png,train,ᮝᮦ,,,,
train/11347_01.png,train,ᮝᮦ,,,,
train/11347_02.png,train,ᮝᮦ,,,,
train/11347_03.png,train,ᮝᮦ,,,,
train/11347_04.png,train,ᮝᮦ,,,,
train/11347_05.png,train,ᮝᮦ,,,,
train/11347_06.png,train,ᮝᮦ,,,,
train/11347_07.png,train,ᮝᮦ,,,,
train/11347_08.png,train,ᮝᮦ,,,,
train/11347_09.png,train,ᮝᮦ,,,,
train/11347_10.png,train,ᮝᮦ,,,,
train/11347_11.png,train,ᮝᮦ,,,,
train/11347_12.png,train,ᮝᮦ,,,,
train/11347_13.png,train,ᮝᮦ,,,,
train/11347_14.png,train,ᮝᮦ,,,,
train/48881_00.png,train,ᮝᮨ,,,,
train/48881_01.png,train,ᮝᮨ,,,,
train/48881_02.png,train,ᮝᮨ,,,,
train/48881_03.png,train,ᮝᮨ,,,,
train/48881_04.png,train,ᮝᮨ,,,,
train/48881_05.png,train,ᮝᮨ,,,,
train/48881_06.png,train,ᮝᮨ,,,,
train/48881_07.png,train,ᮝᮨ,,,,
train/48881_08.png,train,ᮝᮨ,,,,
train/48881_09.png,train,ᮝᮨ,,,,
train/48881_10.png,train,ᮝᮨ,,,,
train/48881_11.png,train,ᮝᮨ,,,,
train/48881_12.png,train,ᮝᮨ,,,,
train/48881_13.png,train,ᮝᮨ,,,,
train/48881_14.png,train,ᮝᮨ,,,,
train/17354_00.png,train,ᮝᮩᮂ,,,,
train/17354_01.png,train,ᮝᮩᮂ,,,,
train/17354_02.png,train,ᮝᮩᮂ,,,,
train/17354_03.png,train,ᮝᮩᮂ,,,,
train/17354_04.png,train,ᮝᮩᮂ,,,,
train/17354_05.png,train,ᮝᮩᮂ,,,,
train/17354_06.png,train,ᮝᮩᮂ,,,,
train/17354_07.png,train,ᮝᮩᮂ,,,,
train/17354_08.png,train,ᮝᮩᮂ,,,,
train/17354_09.png,train,ᮝᮩᮂ,,,,
train/17354_10.png,train,ᮝᮩᮂ,,,,
train/17354_11.png,train,ᮝᮩᮂ,,,,
train/17354_12.png,train,ᮝᮩᮂ,,,,
train/17354_13.png,train,ᮝᮩᮂ,,,,
train/17354_14.png,train,ᮝᮩᮂ,,,,
train/92429_00.png,train,ᮞ,,,,
train/92429_01.png,train,ᮞ,,,,
train/92429_02.png,train,ᮞ,,,,
train/92429_03.png,train,ᮞ,,,,
train/92429_04.png,train,ᮞ,,,,
train/92429_05.png,train,ᮞ,,,,
train/92429_06.png,train,ᮞ,,,,
train/92429_07.png,train,ᮞ,,,,
train/92429_08.png,train,ᮞ,,,,
train/92429_09.png,train,ᮞ,,,,
train/92429_10.png,train,ᮞ,,,,
train/92429_11.png,train,ᮞ,,,,
train/92429_12.png,train,ᮞ,,,,
train/92429_13.png,train,ᮞ,,,,
train/92429_14.png,train,ᮞ,,,,
train/36881_00.png,train,ᮞᮀ,,,,
train/36881_01.png,train,ᮞᮀ,,,,
train/36881_02.png,train,ᮞᮀ,,,,
train/36881_03.png,train,ᮞᮀ,,,,
train/36881_04.png,train,ᮞᮀ,,,,
train/36881_05.png,train,ᮞᮀ,,,,
train/36881_06.png,train,ᮞᮀ,,,,
train/36881_07.png,train,ᮞᮀ,,,,
train/36881_08.png,train,ᮞᮀ,,,,
train/36881_09.png,train,ᮞᮀ,,,,
train/36881_10.png,train,ᮞᮀ,,,,
train/36881_11.png,train,ᮞᮀ,,,,
train/36881_12.png,train,ᮞᮀ,,,,
train/36881_13.png,train,ᮞᮀ,,,,
train/36881_14.png,train,ᮞᮀ,,,,
train/10906_00.png,train,ᮞᮂ,,,,
train/10906_01.png,train,ᮞᮂ,,,,
train/10906_02.png,train,ᮞᮂ,,,,
train/10906_03.png,train,ᮞᮂ,,,,
train/10906_04.png,train,ᮞᮂ,,,,
train/10906_05.png,train,ᮞᮂ,,,,
train/10906_06.png,train,ᮞᮂ,,,,
train/10906_07.png,train,ᮞᮂ,,,,
train/10906_08.png,train,ᮞᮂ,,,,
train/10906_09.png,train,ᮞᮂ,,,,
train/10906_10.png,train,ᮞᮂ,,,,
train/10906_11.png,train,ᮞᮂ,,,,
train/10906_12.png,train,ᮞᮂ,,,,
train/10906_13.png,train,ᮞᮂ,,,,
train/10906_14.png,train,ᮞᮂ,,,,
train/23934_00.png,train,ᮞᮢᮥ,,,,
train/23934_01.png,train,ᮞᮢᮥ,,,,
train/23934_02.png,train,ᮞᮢᮥ,,,,
train/23934_03.png,train,ᮞᮢᮥ,,,,
train/23934_04.png,train,ᮞᮢᮥ,,,,
train/23934_05.png,train,ᮞᮢᮥ,,,,
train/23934_06.png,train,ᮞᮢᮥ,,,,
train/23934_07.png,train,ᮞᮢᮥ,,,,
train/23934_08.png,train,ᮞᮢᮥ,,,,
train/23934_09.png,train,ᮞᮢᮥ,,,,
train/23934_10.png,train,ᮞᮢᮥ,,,,
train/23934_11.png,train,ᮞᮢᮥ,,,,
train/23934_12.png,train,ᮞᮢᮥ,,,,
train/23934_13.png,train,ᮞᮢᮥ,,,,
train/23934_14.png,train,ᮞᮢᮥ,,,,
train/64960_00.png,train,ᮞᮢᮧ,,,,
train/64960_01.png,train,ᮞᮢᮧ,,,,
train/64960_02.png,train,ᮞᮢᮧ,,,,
train/64960_03.png,train,ᮞᮢᮧ,,,,
train/64960_04.png,train,ᮞᮢᮧ,,,,
train/64960_05.png,train,ᮞᮢᮧ,,,,
train/64960_06.png,train,ᮞᮢᮧ,,,,
train/64960_07.png,train,ᮞᮢᮧ,,,,
train/64960_08.png,train,ᮞᮢᮧ,,,,
train/64960_09.png,train,ᮞᮢᮧ,,,,
train/64960_10.png,train,ᮞᮢᮧ,,,,
train/64960_11.png,train,ᮞᮢᮧ,,,,
train/64960_12.png,train,ᮞᮢᮧ,,,,
train/64960_13.png,train,ᮞᮢᮧ,,,,
train/64960_14.png,train,ᮞᮢᮧ,,,,
train/81587_00.png,train,ᮞᮤ,,,,
train/81587_01.png,train,ᮞᮤ,,,,
train/81587_02.png,train,ᮞᮤ,,,,
train/81587_03.png,train,ᮞᮤ,,,,
train/81587_04.png,train,ᮞᮤ,,,,
train/81587_05.png,train,ᮞᮤ,,,,
train/81587_06.png,train,ᮞᮤ,,,,
train/81587_07.png,train,ᮞᮤ,,,,
train/81587_08.png,train,ᮞᮤ,,,,
train/81587_09.png,train,ᮞᮤ,,,,
train/81587_10.png,train,ᮞᮤ,,,,
train/81587_11.png,train,ᮞᮤ,,,,
train/81587_12.png,train,ᮞᮤ,,,,
train/81587_13.png,train,ᮞᮤ,,,,
train/81587_14.png,train,ᮞᮤ,,,,
train/16726_00.png,train,ᮞᮤᮀ,,,,
train/16726_01.png,train,ᮞᮤᮀ,,,,
train/16726_02.png,train,ᮞᮤᮀ,,,,
train/16726_03.png,train,ᮞᮤᮀ,,,,
train/16726_04.png,train,ᮞᮤᮀ,,,,
train/16726_05.png,train,ᮞᮤᮀ,,,,
train/16726_06.png,train,ᮞᮤᮀ,,,,
train/16726_07.png,train,ᮞᮤᮀ,,,,
train/16726_08.png,train,ᮞᮤᮀ,,,,
train/16726_09.png,train,ᮞᮤᮀ,,,,
train/16726_10.png,train,ᮞᮤᮀ,,,,
train/16726_11.png,train,ᮞᮤᮀ,,,,
train/16726_12.png,train,ᮞᮤᮀ,,,,
train/16726_13.png,train,ᮞᮤᮀ,,,,
train/16726_14.png,train,ᮞᮤᮀ,,,,
train/55648_00.png,train,ᮞᮤᮂ,,,,
train/55648_01.png,train,ᮞᮤᮂ,,,,
train/55648_02.png,train,ᮞᮤᮂ,,,,
train/55648_03.png,train,ᮞᮤᮂ,,,,
train/55648_04.png,train,ᮞᮤᮂ,,,,
train/55648_05.png,train,ᮞᮤᮂ,,,,
train/55648_06.png,train,ᮞᮤᮂ,,,,
train/55648_07.png,train,ᮞᮤᮂ,,,,
train/55648_08.png,train,ᮞᮤᮂ,,,,
train/55648_09.png,train,ᮞᮤᮂ,,,,
train/55648_10.png,train,ᮞᮤᮂ,,,,
train/55648_11.png,train,ᮞᮤᮂ,,,,
train/55648_12.png,train,ᮞᮤᮂ,,,,
train/55648_13.png,train,ᮞᮤᮂ,,,,
train/55648_14.png,train,ᮞᮤᮂ,,,,
train/83948_00.png,train,ᮞᮥ,,,,
train/83948_01.png,train,ᮞᮥ,,,,
train/83948_02.png,train,ᮞᮥ,,,,
train/83948_03.png,train,ᮞᮥ,,,,
train/83948_04.png,train,ᮞᮥ,,,,
train/83948_05.png,train,ᮞᮥ,,,,
train/83948_06.png,train,ᮞᮥ,,,,
train/83948_07.png,train,ᮞᮥ,,,,
train/83948_08.png,train,ᮞᮥ,,,,
train/83948_09.png,train,ᮞᮥ,,,,
train/83948_10.png,train,ᮞᮥ,,,,
train/83948_11.png,train,ᮞᮥ,,,,
train/83948_12.png,train,ᮞᮥ,,,,
train/83948_13.png,train,ᮞᮥ,,,,
train/83948_14.png,train,ᮞᮥ,,,,
train/14366_00.png,train,ᮞᮥᮁ,,,,
train/14366_01.png,train,ᮞᮥᮁ,,,,
train/14366_02.png,train,ᮞᮥᮁ,,,,
train/14366_03.png,train,ᮞᮥᮁ,,,,
train/14366_04.png,train,ᮞᮥᮁ,,,,
train/14366_05.png,train,ᮞᮥᮁ,,,,
train/14366_06.png,train,ᮞᮥᮁ,,,,
train/14366_07.png,train,ᮞᮥᮁ,,,,
train/14366_08.png,train,ᮞᮥᮁ,,,,
train/14366_09.png,train,ᮞᮥᮁ,,,,
train/14366_10.png,train,ᮞᮥᮁ,,,,
train/14366_11.png,train,ᮞᮥᮁ,,,,
train/14366_12.png,train,ᮞᮥᮁ,,,,
train/14366_13.png,train,ᮞᮥᮁ,,,,
train/14366_14.png,train,ᮞᮥᮁ,,,,
train/10108_00.png,train,ᮞᮦ,,,,
train/10108_01.png,train,ᮞᮦ,,,,
train/10108_02.png,train,ᮞᮦ,,,,
train/10108_03.png,train,ᮞᮦ,,,,
train/10108_04.png,train,ᮞᮦ,,,,
train/10108_05.png,train,ᮞᮦ,,,,
train/10108_06.png,train,ᮞᮦ,,,,
train/10108_07.png,train,ᮞᮦ,,,,
train/10108_08.png,train,ᮞᮦ,,,,
train/10108_09.png,train,ᮞᮦ,,,,
train/10108_10.png,train,ᮞᮦ,,,,
train/10108_11.png,train,ᮞᮦ,,,,
train/10108_12.png,train,ᮞᮦ,,,,
train/10108_13.png,train,ᮞᮦ,,,,
train/10108_14.png,train,ᮞᮦ,,,,
train/14053_00.png,train,ᮞᮧ,,,,
train/14053_01.png,train,ᮞᮧ,,,,
train/14053_02.png,train,ᮞᮧ,,,,
train/14053_03.png,train,ᮞᮧ,,,,
train/14053_04.png,train,ᮞᮧ,,,,
train/14053_05.png,train,ᮞᮧ,,,,
train/14053_06.png,train,ᮞᮧ,,,,
train/14053_07.png,train,ᮞᮧ,,,,
train/14053_08.png,train,ᮞᮧ,,,,
train/14053_09.png,train,ᮞᮧ,,,,
train/14053_10.png,train,ᮞᮧ,,,,
train/14053_11.png,train,ᮞᮧ,,,,
train/14053_12.png,train,ᮞᮧ,,,,
train/14053_13.png,train,ᮞᮧ,,,,
train/14053_14.png,train,ᮞᮧ,,,,
train/82577_00.png,train,ᮞᮧᮀ,,,,
train/82577_01.png,train,ᮞᮧᮀ,,,,
train/82577_02.png,train,ᮞᮧᮀ,,,,
train/82577_03.png,train,ᮞᮧᮀ,,,,
train/82577_04.png,train,ᮞᮧᮀ,,,,
train/82577_05.png,train,ᮞᮧᮀ,,,,
train/82577_06.png,train,ᮞᮧᮀ,,,,
train/82577_07.png,train,ᮞᮧᮀ,,,,
train/82577_08.png,train,ᮞᮧᮀ,,,,
train/82577_09.png,train,ᮞᮧᮀ,,,,
train/82577_10.png,train,ᮞᮧᮀ,,,,
train/82577_11.png,train,ᮞᮧᮀ,,,,
train/82577_12.png,train,ᮞᮧᮀ,,,,
train/82577_13.png,train,ᮞᮧᮀ,,,,
train/82577_14.png,train,ᮞᮧᮀ,,,,
train/66413_00.png,train,ᮞᮧᮁ,,,,
train/66413_01.png,train,ᮞᮧᮁ,,,,
train/66413_02.png,train,ᮞᮧᮁ,,,,
train/66413_03.png,train,ᮞᮧᮁ,,,,
train/66413_04.png,train,ᮞᮧᮁ,,,,
train/66413_05.png,train,ᮞᮧᮁ,,,,
train/66413_06.png,train,ᮞᮧᮁ,,,,
train/66413_07.png,train,ᮞᮧᮁ,,,,
train/66413_08.png,train,ᮞᮧᮁ,,,,
train/66413_09.png,train,ᮞᮧᮁ,,,,
train/66413_10.png,train,ᮞᮧᮁ,,,,
train/66413_11.png,train,ᮞᮧᮁ,,,,
train/66413_12.png,train,ᮞᮧᮁ,,,,
train/66413_13.png,train,ᮞᮧᮁ,,,,
train/66413_14.png,train,ᮞᮧᮁ,,,,
train/24657_00.png,train,ᮞᮨ,,,,
train/24657_01.png,train,ᮞᮨ,,,,
train/24657_02.png,train,ᮞᮨ,,,,
train/24657_03.png,train,ᮞᮨ,,,,
train/24657_04.png,train,ᮞᮨ,,,,
train/24657_05.png,train,ᮞᮨ,,,,
train/24657_06.png,train,ᮞᮨ,,,,
train/24657_07.png,train,ᮞᮨ,,,,
train/24657_08.png,train,ᮞᮨ,,,,
train/24657_09.png,train,ᮞᮨ,,,,
train/24657_10.png,train,ᮞᮨ,,,,
train/24657_11.png,train,ᮞᮨ,,,,
train/24657_12.png,train,ᮞᮨ,,,,
train/24657_13.png,train,ᮞᮨ,,,,
train/24657_14.png,train,ᮞᮨ,,,,
train/24998_00.png,train,ᮞᮨᮁ,,,,
train/24998_01.png,train,ᮞᮨᮁ,,,,
train/24998_02.png,train,ᮞᮨᮁ,,,,
train/24998_03.png,train,ᮞᮨᮁ,,,,
train/24998_04.png,train,ᮞᮨᮁ,,,,
train/24998_05.png,train,ᮞᮨᮁ,,,,
train/24998_06.png,train,ᮞᮨᮁ,,,,
train/24998_07.png,train,ᮞᮨᮁ,,,,
train/24998_08.png,train,ᮞᮨᮁ,,,,
train/24998_09.png,train,ᮞᮨᮁ,,,,
train/24998_10.png,train,ᮞᮨᮁ,,,,
train/24998_11.png,train,ᮞᮨᮁ,,,,
train/24998_12.png,train,ᮞᮨᮁ,,,,
train/24998_13.png,train,ᮞᮨᮁ,,,,
train/24998_14.png,train,ᮞᮨᮁ,,,,
train/90177_00.png,train,ᮞᮩ,,,,
train/90177_01.png,train,ᮞᮩ,,,,
train/90177_02.png,train,ᮞᮩ,,,,
train/90177_03.png,train,ᮞᮩ,,,,
train/90177_04.png,train,ᮞᮩ,,,,
train/90177_05.png,train,ᮞᮩ,,,,
train/90177_06.png,train,ᮞᮩ,,,,
train/90177_07.png,train,ᮞᮩ,,,,
train/90177_08.png,train,ᮞᮩ,,,,
train/90177_09.png,train,ᮞᮩ,,,,
train/90177_10.png,train,ᮞᮩ,,,,
train/90177_11.png,train,ᮞᮩ,,,,
train/90177_12.png,train,ᮞᮩ,,,,
train/90177_13.png,train,ᮞᮩ,,,,
train/90177_14.png,train,ᮞᮩ,,,,
train/52299_00.png,train,ᮞᮩᮂ,,,,
train/52299_01.png,train,ᮞᮩᮂ,,,,
train/52299_02.png,train,ᮞᮩᮂ,,,,
train/52299_03.png,train,ᮞᮩᮂ,,,,
train/52299_04.png,train,ᮞᮩᮂ,,,,
train/52299_05.png,train,ᮞᮩᮂ,,,,
train/52299_06.png,train,ᮞᮩᮂ,,,,
train/52299_07.png,train,ᮞᮩᮂ,,,,
train/52299_08.png,train,ᮞᮩᮂ,,,,
train/52299_09.png,train,ᮞᮩᮂ,,,,
train/52299_10.png,train,ᮞᮩᮂ,,,,
train/52299_11.png,train,ᮞᮩᮂ,,,,
train/52299_12.png,train,ᮞᮩᮂ,,,,
train/52299_13.png,train,ᮞᮩᮂ,,,,
train/52299_14.png,train,ᮞᮩᮂ,,,,
train/51785_00.png,train,ᮞ᮪,,,,
train/51785_01.png,train,ᮞ᮪,,,,
train/51785_02.png,train,ᮞ᮪,,,,
train/51785_03.png,train,ᮞ᮪,,,,
train/51785_04.png,train,ᮞ᮪,,,,
train/51785_05.png,train,ᮞ᮪,,,,
train/51785_06.png,train,ᮞ᮪,,,,
train/51785_07.png,train,ᮞ᮪,,,,
train/51785_08.png,train,ᮞ᮪,,,,
train/51785_09.png,train,ᮞ᮪,,,,
train/51785_10.png,train,ᮞ᮪,,,,
train/51785_11.png,train,ᮞ᮪,,,,
train/51785_12.png,train,ᮞ᮪,,,,
train/51785_13.png,train,ᮞ᮪,,,,
train/51785_14.png,train,ᮞ᮪,,,,
train/27715_00.png,train,ᮟ,,,,
train/27715_01.png,train,ᮟ,,,,
train/27715_02.png,train,ᮟ,,,,
train/27715_03.png,train,ᮟ,,,,
train/27715_04.png,train,ᮟ,,,,
train/27715_05.png,train,ᮟ,,,,
train/27715_06.png,train,ᮟ,,,,
train/27715_07.png,train,ᮟ,,,,
train/27715_08.png,train,ᮟ,,,,
train/27715_09.png,train,ᮟ,,,,
train/27715_10.png,train,ᮟ,,,,
train/27715_11.png,train,ᮟ,,,,
train/27715_12.png,train,ᮟ,,,,
train/27715_13.png,train,ᮟ,,,,
train/27715_14.png,train,ᮟ,,,,
train/60887_00.png,train,ᮟᮧ,,,,
train/60887_01.png,train,ᮟᮧ,,,,
train/60887_02.png,train,ᮟᮧ,,,,
train/60887_03.png,train,ᮟᮧ,,,,
train/60887_04.png,train,ᮟᮧ,,,,
train/60887_05.png,train,ᮟᮧ,,,,
train/60887_06.png,train,ᮟᮧ,,,,
train/60887_07.png,train,ᮟᮧ,,,,
train/60887_08.png,train,ᮟᮧ,,,,
train/60887_09.png,train,ᮟᮧ,,,,
train/60887_10.png,train,ᮟᮧ,,,,
train/60887_11.png,train,ᮟᮧ,,,,
train/60887_12.png,train,ᮟᮧ,,,,
train/60887_13.png,train,ᮟᮧ,,,,
train/60887_14.png,train,ᮟᮧ,,,,
train/55281_00.png,train,ᮠ,,,,
train/55281_01.png,train,ᮠ,,,,
train/55281_02.png,train,ᮠ,,,,
train/55281_03.png,train,ᮠ,,,,
train/55281_04.png,train,ᮠ,,,,
train/55281_05.png,train,ᮠ,,,,
train/55281_06.png,train,ᮠ,,,,
train/55281_07.png,train,ᮠ,,,,
train/55281_08.png,train,ᮠ,,,,
train/55281_09.png,train,ᮠ,,,,
train/55281_10.png,train,ᮠ,,,,
train/55281_11.png,train,ᮠ,,,,
train/55281_12.png,train,ᮠ,,,,
train/55281_13.png,train,ᮠ,,,,
train/55281_14.png,train,ᮠ,,,,
train/82601_00.png,train,ᮠᮁ,,,,
train/82601_01.png,train,ᮠᮁ,,,,
train/82601_02.png,train,ᮠᮁ,,,,
train/82601_03.png,train,ᮠᮁ,,,,
train/82601_04.png,train,ᮠᮁ,,,,
train/82601_05.png,train,ᮠᮁ,,,,
train/82601_06.png,train,ᮠᮁ,,,,
train/82601_07.png,train,ᮠᮁ,,,,
train/82601_08.png,train,ᮠᮁ,,,,
train/82601_09.png,train,ᮠᮁ,,,,
train/82601_10.png,train,ᮠᮁ,,,,
train/82601_11.png,train,ᮠᮁ,,,,
train/82601_12.png,train,ᮠᮁ,,,,
train/82601_13.png,train,ᮠᮁ,,,,
train/82601_14.png,train,ᮠᮁ,,,,
train/23222_00.png,train,ᮠᮡᮀ,,,,
train/23222_01.png,train,ᮠᮡᮀ,,,,
train/23222_02.png,train,ᮠᮡᮀ,,,,
train/23222_03.png,train,ᮠᮡᮀ,,,,
train/23222_04.png,train,ᮠᮡᮀ,,,,
train/23222_05.png,train,ᮠᮡᮀ,,,,
train/23222_06.png,train,ᮠᮡᮀ,,,,
train/23222_07.png,train,ᮠᮡᮀ,,,,
train/23222_08.png,train,ᮠᮡᮀ,,,,
train/23222_09.png,train,ᮠᮡᮀ,,,,
train/23222_10.png,train,ᮠᮡᮀ,,,,
train/23222_11.png,train,ᮠᮡᮀ,,,,
train/23222_12.png,train,ᮠᮡᮀ,,,,
train/23222_13.png,train,ᮠᮡᮀ,,,,
train/23222_14.png,train,ᮠᮡᮀ,,,,
train/4764_00.png,train,ᮠᮤ,,,,
train/4764_01.png,train,ᮠᮤ,,,,
train/4764_02.png,train,ᮠᮤ,,,,
train/4764_03.png,train,ᮠᮤ,,,,
train/4764_04.png,train,ᮠᮤ,,,,
train/4764_05.png,train,ᮠᮤ,,,,
train/4764_06.png,train,ᮠᮤ,,,,
train/4764_07.png,train,ᮠᮤ,,,,
train/4764_08.png,train,ᮠᮤ,,,,
train/4764_09.png,train,ᮠᮤ,,,,
train/4764_10.png,train,ᮠᮤ,,,,
train/4764_11.png,train,ᮠᮤ,,,,
train/4764_12.png,train,ᮠᮤ,,,,
train/4764_13.png,train,ᮠᮤ,,,,
train/4764_14.png,train,ᮠᮤ,,,,
train/65071_00.png,train,ᮠᮤᮁ,,,,
train/65071_01.png,train,ᮠᮤᮁ,,,,
train/65071_02.png,train,ᮠᮤᮁ,,,,
train/65071_03.png,train,ᮠᮤᮁ,,,,
train/65071_04.png,train,ᮠᮤᮁ,,,,
train/65071_05.png,train,ᮠᮤᮁ,,,,
train/65071_06.png,train,ᮠᮤᮁ,,,,
train/65071_07.png,train,ᮠᮤᮁ,,,,
train/65071_08.png,train,ᮠᮤᮁ,,,,
train/65071_09.png,train,ᮠᮤᮁ,,,,
train/65071_10.png,train,ᮠᮤᮁ,,,,
train/65071_11.png,train,ᮠᮤᮁ,,,,
train/65071_12.png,train,ᮠᮤᮁ,,,,
train/65071_13.png,train,ᮠᮤᮁ,,,,
train/65071_14.png,train,ᮠᮤᮁ,,,,
train/40127_00.png,train,ᮠᮥ,,,,
train/40127_01.png,train,ᮠᮥ,,,,
train/40127_02.png,train,ᮠᮥ,,,,
train/40127_03.png,train,ᮠᮥ,,,,
train/40127_04.png,train,ᮠᮥ,,,,
train/40127_05.png,train,ᮠᮥ,,,,
train/40127_06.png,train,ᮠᮥ,,,,
train/40127_07.png,train,ᮠᮥ,,,,
train/40127_08.png,train,ᮠᮥ,,,,
train/40127_09.png,train,ᮠᮥ,,,,
train/40127_10.png,train,ᮠᮥ,,,,
train/40127_11.png,train,ᮠᮥ,,,,
train/40127_12.png,train,ᮠᮥ,,,,
train/40127_13.png,train,ᮠᮥ,,,,
train/40127_14.png,train,ᮠᮥ,,,,
train/7719_00.png,train,ᮠᮥᮀ,,,,
train/7719_01.png,train,ᮠᮥᮀ,,,,
train/7719_02.png,train,ᮠᮥᮀ,,,,
train/7719_03.png,train,ᮠᮥᮀ,,,,
train/7719_04.png,train,ᮠᮥᮀ,,,,
train/7719_05.png,train,ᮠᮥᮀ,,,,
train/7719_06.png,train,ᮠᮥᮀ,,,,
train/7719_07.png,train,ᮠᮥᮀ,,,,
train/7719_08.png,train,ᮠᮥᮀ,,,,
train/7719_09.png,train,ᮠᮥᮀ,,,,
train/7719_10.png,train,ᮠᮥᮀ,,,,
train/7719_11.png,train,ᮠᮥᮀ,,,,
train/7719_12.png,train,ᮠᮥᮀ,,,,
train/7719_13.png,train,ᮠᮥᮀ,,,,
train/7719_14.png,train,ᮠᮥᮀ,,,,
train/56299_00.png,train,ᮠᮥᮁ,,,,
train/56299_01.png,train,ᮠᮥᮁ,,,,
train/56299_02.png,train,ᮠᮥᮁ,,,,
train/56299_03.png,train,ᮠᮥᮁ,,,,
train/56299_04.png,train,ᮠᮥᮁ,,,,
train/56299_05.png,train,ᮠᮥᮁ,,,,
train/56299_06.png,train,ᮠᮥᮁ,,,,
train/56299_07.png,train,ᮠᮥᮁ,,,,
train/56299_08.png,train,ᮠᮥᮁ,,,,
train/56299_09.png,train,ᮠᮥᮁ,,,,
train/56299_10.png,train,ᮠᮥᮁ,,,,
train/56299_11.png,train,ᮠᮥᮁ,,,,
train/56299_12.png,train,ᮠᮥᮁ,,,,
train/56299_13.png,train,ᮠᮥᮁ,,,,
train/56299_14.png,train,ᮠᮥᮁ,,,,
train/13471_00.png,train,ᮠᮦ,,,,
train/13471_01.png,train,ᮠᮦ,,,,
train/13471_02.png,train,ᮠᮦ,,,,
train/13471_03.png,train,ᮠᮦ,,,,
train/13471_04.png,train,ᮠᮦ,,,,
train/13471_05.png,train,ᮠᮦ,,,,
train/13471_06.png,train,ᮠᮦ,,,,
train/13471_07.png,train,ᮠᮦ,,,,
train/13471_08.png,train,ᮠᮦ,,,,
train/13471_09.png,train,ᮠᮦ,,,,
train/13471_10.png,train,ᮠᮦ,,,,
train/13471_11.png,train,ᮠᮦ,,,,
train/13471_12.png,train,ᮠᮦ,,,,
train/13471_13.png,train,ᮠᮦ,,,,
train/13471_14.png,train,ᮠᮦ,,,,
train/61084_00.png,train,ᮠᮧ,,,,
train/61084_01.png,train,ᮠᮧ,,,,
train/61084_02.png,train,ᮠᮧ,,,,
train/61084_03.png,train,ᮠᮧ,,,,
train/61084_04.png,train,ᮠᮧ,,,,
train/61084_05.png,train,ᮠᮧ,,,,
train/61084_06.png,train,ᮠᮧ,,,,
train/61084_07.png,train,ᮠᮧ,,,,
train/61084_08.png,train,ᮠᮧ,,,,
train/61084_09.png,train,ᮠᮧ,,,,
train/61084_10.png,train,ᮠᮧ,,,,
train/61084_11.png,train,ᮠᮧ,,,,
train/61084_12.png,train,ᮠᮧ,,,,
train/61084_13.png,train,ᮠᮧ,,,,
train/61084_14.png,train,ᮠᮧ,,,,
train/60531_00.png,train,ᮠᮧᮀ,,,,
train/60531_01.png,train,ᮠᮧᮀ,,,,
train/60531_02.png,train,ᮠᮧᮀ,,,,
train/60531_03.png,train,ᮠᮧᮀ,,,,
train/60531_04.png,train,ᮠᮧᮀ,,,,
train/60531_05.png,train,ᮠᮧᮀ,,,,
train/60531_06.png,train,ᮠᮧᮀ,,,,
train/60531_07.png,train,ᮠᮧᮀ,,,,
train/60531_08.png,train,ᮠᮧᮀ,,,,
train/60531_09.png,train,ᮠᮧᮀ,,,,
train/60531_10.png,train,ᮠᮧᮀ,,,,
train/60531_11.png,train,ᮠᮧᮀ,,,,
train/60531_12.png,train,ᮠᮧᮀ,,,,
train/60531_13.png,train,ᮠᮧᮀ,,,,
train/60531_14.png,train,ᮠᮧᮀ,,,,
train/19949_00.png,train,ᮠᮨ,,,,
train/19949_01.png,train,ᮠᮨ,,,,
train/19949_02.png,train,ᮠᮨ,,,,
train/19949_03.png,train,ᮠᮨ,,,,
train/19949_04.png,train,ᮠᮨ,,,,
train/19949_05.png,train,ᮠᮨ,,,,
train/19949_06.png,train,ᮠᮨ,,,,
train/19949_07.png,train,ᮠᮨ,,,,
train/19949_08.png,train,ᮠᮨ,,,,
train/19949_09.png,train,ᮠᮨ,,,,
train/19949_10.png,train,ᮠᮨ,,,,
train/19949_11.png,train,ᮠᮨ,,,,
train/19949_12.png,train,ᮠᮨ,,,,
train/19949_13.png,train,ᮠᮨ,,,,
train/19949_14.png,train,ᮠᮨ,,,,
train/69501_00.png,train,ᮠᮩ,,,,
train/69501_01.png,train,ᮠᮩ,,,,
train/69501_02.png,train,ᮠᮩ,,,,
train/69501_03.png,train,ᮠᮩ,,,,
train/69501_04.png,train,ᮠᮩ,,,,
train/69501_05.png,train,ᮠᮩ,,,,
train/69501_06.png,train,ᮠᮩ,,,,
train/69501_07.png,train,ᮠᮩ,,,,
train/69501_08.png,train,ᮠᮩ,,,,
train/69501_09.png,train,ᮠᮩ,,,,
train/69501_10.png,train,ᮠᮩ,,,,
train/69501_11.png,train,ᮠᮩ,,,,
train/69501_12.png,train,ᮠᮩ,,,,
train/69501_13.png,train,ᮠᮩ,,,,
train/69501_14.png,train,ᮠᮩ,,,,
train/11870_00.png,train,ᮠ᮪,,,,
train/11870_01.png,train,ᮠ᮪,,,,
train/11870_02.png,train,ᮠ᮪,,,,
train/11870_03.png,train,ᮠ᮪,,,,
train/11870_04.png,train,ᮠ᮪,,,,
train/11870_05.png,train,ᮠ᮪,,,,
train/11870_06.png,train,ᮠ᮪,,,,
train/11870_07.png,train,ᮠ᮪,,,,
train/11870_08.png,train,ᮠ᮪,,,,
train/11870_09.png,train,ᮠ᮪,,,,
train/11870_10.png,train,ᮠ᮪,,,,
train/11870_11.png,train,ᮠ᮪,,,,
train/11870_12.png,train,ᮠ᮪,,,,
train/11870_13.png,train,ᮠ᮪,,,,
train/11870_14.png,train,ᮠ᮪,,,,
val/val_0002_00.png,val,ᮅ,2,0,0,13
val/val_0002_01.png,val,ᮛᮀ,2,1,0,13
val/val_0002_02.png,val,ᮃ,2,2,1,13
val/val_0002_03.png,val,ᮞᮂ,2,3,1,13
val/val_0002_04.png,val,ᮠᮩ,2,4,2,13
val/val_0002_05.png,val,ᮜ,2,5,2,13
val/val_0002_06.png,val,ᮎᮩ,2,6,3,13
val/val_0002_07.png,val,ᮊ᮪,2,7,3,13
val/val_0002_08.png,val,ᮘ,2,8,4,13
val/val_0002_09.png,val,ᮕ,2,9,4,13
val/val_0002_10.png,val,ᮒ,2,10,5,13
val/val_0002_11.png,val,ᮔᮤ,2,11,5,13
val/val_0002_12.png,val,ᮊ,2,12,6,13
val/val_0017_00.png,val,ᮒ,17,0,0,15
val/val_0017_01.png,val,ᮓᮤ,17,1,0,15
val/val_0017_02.png,val,ᮔ,17,2,0,15
val/val_0017_03.png,val,ᮠᮦ,17,3,1,15
val/val_0017_04.png,val,ᮌᮁ,17,4,1,15
val/val_0017_05.png,val,ᮍᮨ,17,5,2,15
val/val_0017_06.png,val,ᮕ,17,6,2,15
val/val_0017_07.png,val,ᮊ᮪,17,7,2,15
val/val_0017_08.png,val,ᮙ,17,8,3,15
val/val_0017_09.png,val,ᮜᮂ,17,9,3,15
val/val_0017_10.png,val,ᮞᮧ,17,10,4,15
val/val_0017_11.png,val,ᮛ,17,11,4,15
val/val_0017_12.png,val,ᮔ,17,12,4,15
val/val_0017_13.png,val,ᮇ,17,13,5,15
val/val_0017_14.png,val,ᮌᮦ,17,14,5,15
val/val_0024_00.png,val,ᮞᮦ,24,0,0,3
val/val_0024_01.png,val,ᮏᮦ,24,1,0,3
val/val_0024_02.png,val,ᮔ᮪,24,2,0,3
val/val_0027_00.png,val,ᮓᮤ,27,0,0,16
val/val_0027_01.png,val,ᮌᮀ,27,1,0,16
val/val_0027_02.png,val,ᮌᮥ,27,2,0,16
val/val_0027_03.png,val,ᮙᮩ,27,3,1,16
val/val_0027_04.png,val,ᮛᮩ,27,4,1,16
val/val_0027_05.png,val,ᮔ᮪,27,5,1,16
val/val_0027_06.png,val,ᮊᮩᮁ,27,6,2,16
val/val_0027_07.png,val,ᮙᮀ,27,7,3,16
val/val_0027_08.png,val,ᮞ,27,8,3,16
val/val_0027_09.png,val,ᮔ,27,9,3,16
val/val_0027_10.png,val,ᮙᮀ,27,10,4,16
val/val_0027_11.png,val,ᮊ,27,11,4,16
val/val_0027_12.png,val,ᮒ᮪,27,12,4,16
val/val_0027_13.png,val,ᮘᮤ,27,13,5,16
val/val_0027_14.png,val,ᮛ,27,14,5,16
val/val_0027_15.png,val,ᮠᮤ,27,15,5,16
val/val_0034_00.png,val,ᮗ,34,0,0,1
val/val_0038_00.png,val,ᮞ,38,0,0,1
val/val_0042_00.png,val,ᮜ,42,0,0,1
val/val_0052_00.png,val,ᮍ,52,0,0,1
val/val_0053_00.png,val,ᮎ,53,0,0,1
val/val_0072_00.png,val,ᮜ,72,0,0,2
val/val_0072_01.png,val,ᮏ,72,1,0,2
val/val_0085_00.png,val,ᮠ,85,0,0,2
val/val_0085_01.png,val,ᮕ,85,1,0,2
val/val_0088_00.png,val,ᮃ,88,0,0,2
val/val_0088_01.png,val,ᮕ,88,1,0,2
val/val_0089_00.png,val,ᮃ,89,0,0,2
val/val_0089_01.png,val,ᮙ,89,1,0,2
val/val_0095_00.png,val,ᮆ,95,0,0,2
val/val_0095_01.png,val,ᮏ,95,1,0,2
val/val_0108_00.png,val,ᮃ,108,0,0,3
val/val_0108_01.png,val,ᮙ,108,1,0,3
val/val_0108_02.png,val,ᮜ᮪,108,2,0,3
val/val_0111_00.png,val,ᮃ,111,0,0,4
val/val_0111_01.png,val,ᮔ᮪,111,1,0,4
val/val_0111_02.png,val,ᮒ,111,2,0,4
val/val_0111_03.png,val,ᮚ᮪,111,3,0,4
val/val_0116_00.png,val,ᮃ,116,0,0,3
val/val_0116_01.png,val,ᮛ,116,1,0,3
val/val_0116_02.png,val,ᮞ᮪,116,2,0,3
val/val_0121_00.png,val,ᮃ,121,0,0,3
val/val_0121_01.png,val,ᮚ,121,1,0,3
val/val_0121_02.png,val,ᮊ᮪,121,2,0,3
val/val_0130_00.png,val,ᮘ,130,0,0,3
val/val_0130_01.png,val,ᮠ,130,1,0,3
val/val_0130_02.png,val,ᮞ᮪,130,2,0,3
val/val_0150_00.png,val,ᮒᮦ,150,0,0,3
val/val_0150_01.png,val,ᮒᮦ,150,1,0,3
val/val_0150_02.png,val,ᮜ,150,2,0,3
val/val_0182_00.png,val,ᮒᮧ,182,0,0,1
val/val_0192_00.png,val,ᮞᮧ,192,0,0,1
val/val_0198_00.png,val,ᮐᮧ,198,0,0,1
val/val_0211_00.png,val,ᮘᮧ,211,0,0,3
val/val_0211_01.png,val,ᮘᮧ,211,1,0,3
val/val_0211_02.png,val,ᮊ᮪,211,2,0,3
val/val_0221_00.png,val,ᮘᮧ,221,0,0,2
val/val_0221_01.png,val,ᮠᮧᮀ,221,1,0,2
val/val_0227_00.png,val,ᮘᮧᮀ,227,0,0,3
val/val_0227_01.png,val,ᮊᮧ,227,1,0,3
val/val_0227_02.png,val,ᮒ᮪,227,2,0,3
val/val_0230_00.png,val,ᮘᮧᮀ,230,0,0,2
val/val_0230_01.png,val,ᮞᮧᮁ,230,1,0,2
val/val_0239_00.png,val,ᮌᮩ,239,0,0,6
val/val_0239_01.png,val,ᮞ᮪,239,1,0,6
val/val_0239_02.png,val,ᮊ,239,2,1,6
val/val_0239_03.png,val,ᮜᮤ,239,3,1,6
val/val_0239_04.png,val,ᮝ,239,4,1,6
val/val_0239_05.png,val,ᮒ᮪,239,5,1,6
val/val_0268_00.png,val,ᮆ,268,0,0,1
val/val_0269_00.png,val,ᮅ,269,0,0,1
val/val_0314_00.png,val,ᮊ,314,0,0,9
val/val_0314_01.png,val,ᮝ,314,1,0,9
val/val_0314_02.png,val,ᮞ᮪,314,2,0,9
val/val_0314_03.png,val,ᮘᮥ,314,3,1,9
val/val_0314_04.png,val,ᮏᮥᮁ,314,4,1,9
val/val_0314_05.png,val,ᮃ,314,5,2,9
val/val_0314_06.png,val,ᮞᮩ,314,6,2,9
val/val_0314_07.png,val,ᮕ,314,7,2,9
val/val_0314_08.png,val,ᮔ᮪,314,8,2,9
val/val_0317_00.png,val,ᮒ,317,0,0,9
val/val_0317_01.png,val,ᮚ,317,1,0,9
val/val_0317_02.png,val,ᮓᮥ,317,2,1,9
val/val_0317_03.png,val,ᮑ,317,3,1,9
val/val_0317_04.png,val,ᮊᮤ,317,4,2,9
val/val_0317_05.png,val,ᮔ,317,5,2,9
val/val_0317_06.png,val,ᮞᮤ,317,6,2,9
val/val_0317_07.png,val,ᮠ,317,7,2,9
val/val_0317_08.png,val,ᮔ᮪,317,8,2,9
val/val_0324_00.png,val,ᮃ,324,0,0,5
val/val_0324_01.png,val,ᮒᮂ,324,1,0,5
val/val_0324_02.png,val,ᮍ,324,2,1,5
val/val_0324_03.png,val,ᮔ᮪,324,3,1,5
val/val_0324_04.png,val,ᮏᮀ,324,4,1,5
val/val_0345_00.png,val,ᮎᮤ,345,0,0,2
val/val_0345_01.png,val,ᮓᮥᮂ,345,1,0,2
val/val_0355_00.png,val,ᮎᮤ,355,0,0,4
val/val_0355_01.png,val,ᮔ᮪,355,1,0,4
val/val_0355_02.png,val,ᮓᮥ,355,2,0,4
val/val_0355_03.png,val,ᮜ᮪,355,3,0,4
val/val_0358_00.png,val,ᮎᮤ,358,0,0,10
val/val_0358_01.png,val,ᮛᮤ,358,1,0,10
val/val_0358_02.png,val,ᮞ,358,2,1,10
val/val_0358_03.png,val,ᮘᮥ,358,3,1,10
val/val_0358_04.png,val,ᮙᮤ,358,4,1,10
val/val_0358_05.png,val,ᮎ,358,5,2,10
val/val_0358_06.png,val,ᮛ,358,6,2,10
val/val_0358_07.png,val,ᮞ,358,7,3,10
val/val_0358_08.png,val,ᮓᮦ,358,8,3,10
val/val_0358_09.png,val,ᮞ,358,9,3,10
val/val_0363_00.png,val,ᮘᮥ,363,0,0,8
val/val_0363_01.png,val,ᮙᮤ,363,1,0,8
val/val_0363_02.png,val,ᮒ,363,2,1,8
val/val_0363_03.png,val,ᮎ,363,3,1,8
val/val_0363_04.png,val,ᮔ᮪,363,4,1,8
val/val_0363_05.png,val,ᮑᮥ,363,5,2,8
val/val_0363_06.png,val,ᮔ᮪,363,6,2,8
val/val_0363_07.png,val,ᮎᮥᮀ,363,7,2,8
val/val_0365_00.png,val,ᮔᮥ,365,0,0,5
val/val_0365_01.png,val,ᮛᮥ,365,1,0,5
val/val_0365_02.png,val,ᮘ᮪,365,2,0,5
val/val_0365_03.png,val,ᮎᮥ,365,3,1,5
val/val_0365_04.png,val,ᮕᮥ,365,4,1,5
val/val_0376_00.png,val,ᮎ,376,0,0,5
val/val_0376_01.png,val,ᮛ,376,1,0,5
val/val_0376_02.png,val,ᮈ,376,2,1,5
val/val_0376_03.png,val,ᮙ᮪,376,3,1,5
val/val_0376_04.png,val,ᮘᮦ,376,4,1,5
val/val_0380_00.png,val,ᮆ,380,0,0,6
val/val_0380_01.png,val,ᮔ᮪,380,1,0,6
val/val_0380_02.png,val,ᮎᮦᮁ,380,2,0,6
val/val_0380_03.png,val,ᮅ,380,3,1,6
val/val_0380_04.png,val,ᮒᮩ,380,4,1,6
val/val_0380_05.png,val,ᮊ᮪,380,5,1,6
val/val_0402_00.png,val,ᮌᮤ,402,0,0,8
val/val_0402_01.png,val,ᮔ᮪,402,1,0,8
val/val_0402_02.png,val,ᮓᮤᮀ,402,2,0,8
val/val_0402_03.png,val,ᮊᮨ,402,3,1,8
val/val_0402_04.png,val,ᮊᮨ,402,4,1,8
val/val_0402_05.png,val,ᮙ᮪,402,5,1,8
val/val_0402_06.png,val,ᮕᮤ,402,6,1,8
val/val_0402_07.png,val,ᮞ᮪,402,7,1,8
val/val_0404_00.png,val,ᮠ,404,0,0,2
val/val_0404_01.png,val,ᮒᮨ,404,1,0,2
val/val_0408_00.png,val,ᮍ,408,0,0,5
val/val_0408_01.png,val,ᮜ,408,1,0,5
val/val_0408_02.png,val,ᮕ᮪,408,2,0,5
val/val_0408_03.png,val,ᮠ,408,3,1,5
val/val_0408_04.png,val,ᮒᮦ,408,4,1,5
val/val_0417_00.png,val,ᮠᮩ,417,0,0,3
val/val_0417_01.png,val,ᮛᮤ,417,1,0,3
val/val_0417_02.png,val,ᮔ᮪,417,2,0,3
val/val_0423_00.png,val,ᮛᮦ,423,0,0,17
val/val_0423_01.png,val,ᮊ᮪,423,1,0,17
val/val_0423_02.png,val,ᮓᮤ,423,2,1,17
val/val_0423_03.png,val,ᮘᮩ,423,3,1,17
val/val_0423_04.png,val,ᮛᮩ,423,4,1,17
val/val_0423_05.png,val,ᮙ᮪,423,5,1,17
val/val_0423_06.png,val,ᮛᮦ,423,6,2,17
val/val_0423_07.png,val,ᮊ᮪,423,7,2,17
val/val_0423_08.png,val,ᮓᮤ,423,8,3,17
val/val_0423_09.png,val,ᮠᮤ,423,9,3,17
val/val_0423_10.png,val,ᮓᮩᮀ,423,10,3,17
val/val_0423_11.png,val,ᮌᮦ,423,11,4,17
val/val_0423_12.png,val,ᮕ,423,12,5,17
val/val_0423_13.png,val,ᮞᮢᮂ,423,13,5,17
val/val_0423_14.png,val,ᮊᮥ,423,14,6,17
val/val_0423_15.png,val,ᮛᮤᮀ,423,15,6,17
val/val_0423_16.png,val,ᮙᮂ,423,16,7,17
val/val_0424_00.png,val,ᮒᮩ,424,0,0,9
val/val_0424_01.png,val,ᮕᮥ,424,1,1,9
val/val_0424_02.png,val,ᮌᮥᮂ,424,2,1,9
val/val_0424_03.png,val,ᮙᮧ,424,3,2,9
val/val_0424_04.png,val,ᮑᮦ,424,4,2,9
val/val_0424_05.png,val,ᮒ᮪,424,5,2,9
val/val_0424_06.png,val,ᮠᮤ,424,6,3,9
val/val_0424_07.png,val,ᮓᮩᮀ,424,7,3,9
val/val_0424_08.png,val,ᮔ,424,8,3,9
val/val_0428_00.png,val,ᮠᮥ,428,0,0,11
val/val_0428_01.png,val,ᮜᮥ,428,1,0,11
val/val_0428_02.png,val,ᮌᮥ,428,2,1,11
val/val_0428_03.png,val,ᮔ᮪,428,3,1,11
val/val_0428_04.png,val,ᮓᮥ,428,4,1,11
val/val_0428_05.png,val,ᮜ᮪,428,5,1,11
val/val_0428_06.png,val,ᮓᮤ,428,6,2,11
val/val_0428_07.png,val,ᮠᮤ,428,7,2,11
val/val_0428_08.png,val,ᮠᮤ,428,8,2,11
val/val_0428_09.png,val,ᮓ,428,9,2,11
val/val_0428_10.png,val,ᮔ᮪,428,10,2,11
val/val_0434_00.png,val,ᮠᮧ,434,0,0,2
val/val_0434_01.png,val,ᮞ᮪,434,1,0,2
val/val_0444_00.png,val,ᮘᮤ,444,0,0,7
val/val_0444_01.png,val,ᮞ,444,1,0,7
val/val_0444_02.png,val,ᮏᮩ,444,2,1,7
val/val_0444_03.png,val,ᮏᮩᮂ,444,3,1,7
val/val_0444_04.png,val,ᮕ,444,4,2,7
val/val_0444_05.png,val,ᮊᮩ,444,5,2,7
val/val_0444_06.png,val,ᮔ᮪,444,6,2,7
val/val_0463_00.png,val,ᮏᮥ,463,0,0,2
val/val_0463_01.png,val,ᮜᮀ,463,1,0,2
val/val_0477_00.png,val,ᮕᮥ,477,0,0,3
val/val_0477_01.png,val,ᮓ,477,1,0,3
val/val_0477_02.png,val,ᮒ᮪,477,2,0,3
val/val_0479_00.png,val,ᮕᮥ,479,0,0,2
val/val_0479_01.png,val,ᮜᮀ,479,1,0,2
val/val_0494_00.png,val,ᮍ,494,0,0,6
val/val_0494_01.png,val,ᮛᮨ,494,1,0,6
val/val_0494_02.png,val,ᮘ,494,2,0,6
val/val_0494_03.png,val,ᮘ᮪,494,3,0,6
val/val_0494_04.png,val,ᮏᮀ,494,4,1,6
val/val_0494_05.png,val,ᮊᮥᮀ,494,5,1,6
val/val_0516_00.png,val,ᮞᮨ,516,0,0,27
val/val_0516_01.png,val,ᮊᮧ,516,1,0,27
val/val_0516_02.png,val,ᮜᮂ,516,2,0,27
val/val_0516_03.png,val,ᮒᮦᮂ,516,3,1,27
val/val_0516_04.png,val,ᮈᮀ,516,4,2,27
val/val_0516_05.png,val,ᮊᮦ,516,5,2,27
val/val_0516_06.png,val,ᮓᮩ,516,6,3,27
val/val_0516_07.png,val,ᮄ,516,7,3,27
val/val_0516_08.png,val,ᮙᮂ,516,8,4,27
val/val_0516_09.png,val,ᮜ,516,9,5,27
val/val_0516_10.png,val,ᮒᮤ,516,10,5,27
val/val_0516_11.png,val,ᮠ,516,11,5,27
val/val_0516_12.png,val,ᮔ᮪,516,12,5,27
val/val_0516_13.png,val,ᮒᮦᮂ,516,13,6,27
val/val_0516_14.png,val,ᮅ,516,14,7,27
val/val_0516_15.png,val,ᮛᮀ,516,15,7,27
val/val_0516_16.png,val,ᮕᮀ,516,16,8,27
val/val_0516_17.png,val,ᮑᮤ,516,17,8,27
val/val_0516_18.png,val,ᮉ,516,18,8,27
val/val_0516_19.png,val,ᮔ᮪,516,19,8,27
val/val_0516_20.png,val,ᮊᮩ,516,20,8,27
val/val_0516_21.png,val,ᮔ᮪,516,21,8,27
val/val_0516_22.png,val,ᮕᮀ,516,22,9,27
val/val_0516_23.png,val,ᮌᮥᮀ,516,23,9,27
val/val_0516_24.png,val,ᮜᮩ,516,24,10,27
val/val_0516_25.png,val,ᮒᮤ,516,25,10,27
val/val_0516_26.png,val,ᮊ᮪,516,26,10,27
val/val_0523_00.png,val,ᮠ,523,0,0,30
val/val_0523_01.png,val,ᮛᮩ,523,1,0,30
val/val_0523_02.png,val,ᮕᮩ,523,2,0,30
val/val_0523_03.png,val,ᮔ᮪,523,3,0,30
val/val_0523_04.png,val,ᮕ,523,4,1,30
val/val_0523_05.png,val,ᮊᮨ,523,5,2,30
val/val_0523_06.png,val,ᮕ,523,6,2,30
val/val_0523_07.png,val,ᮜ,523,7,2,30
val/val_0523_08.png,val,ᮞᮨ,523,8,3,30
val/val_0523_09.png,val,ᮊᮧ,523,9,3,30
val/val_0523_10.png,val,ᮜᮂ,523,10,3,30
val/val_0523_11.png,val,ᮕ,523,11,4,30
val/val_0523_12.png,val,ᮠᮦ,523,12,5,30
val/val_0523_13.png,val,ᮔ᮪,523,13,5,30
val/val_0523_14.png,val,ᮓᮡ,523,14,5,30
val/val_0523_15.png,val,ᮊ,523,15,6,30
val/val_0523_16.png,val,ᮒᮥ,523,16,6,30
val/val_0523_17.png,val,ᮒ᮪,523,17,6,30
val/val_0523_18.png,val,ᮞ,523,18,7,30
val/val_0523_19.png,val,ᮝ,523,19,7,30
val/val_0523_20.png,val,ᮒ,523,20,7,30
val/val_0523_21.png,val,ᮛ,523,21,7,30
val/val_0523_22.png,val,ᮌᮥ,523,22,8,30
val/val_0523_23.png,val,ᮛᮥ,523,23,8,30
val/val_0523_24.png,val,ᮞᮦ,523,24,9,30
val/val_0523_25.png,val,ᮏ,523,25,9,30
val/val_0523_26.png,val,ᮔ᮪,523,26,9,30
val/val_0523_27.png,val,ᮔ,523,27,9,30
val/val_0523_28.png,val,ᮙ,523,28,10,30
val/val_0523_29.png,val,ᮔᮤ,523,29,10,30
val/val_0556_00.png,val,ᮊᮨ,556,0,0,20
val/val_0556_01.png,val,ᮎ,556,1,0,20
val/val_0556_02.png,val,ᮙ,556,2,0,20
val/val_0556_03.png,val,ᮒ,556,3,0,20
val/val_0556_04.png,val,ᮔ᮪,556,4,0,20
val/val_0556_05.png,val,ᮊᮦ,556,5,1,20
val/val_0556_06.png,val,ᮔᮦᮂ,556,6,1,20
val/val_0556_07.png,val,ᮎ,556,7,2,20
val/val_0556_08.png,val,ᮎ,556,8,2,20
val/val_0556_09.png,val,ᮛᮦ,556,9,2,20
val/val_0556_10.png,val,ᮊ,556,10,2,20
val/val_0556_11.png,val,ᮔ᮪,556,11,2,20
val/val_0556_12.png,val,ᮊ,556,12,3,20
val/val_0556_13.png,val,ᮊᮨ,556,13,4,20
val/val_0556_14.png,val,ᮕ,556,14,4,20
val/val_0556_15.png,val,ᮜ,556,15,4,20
val/val_0556_16.png,val,ᮞᮨ,556,16,5,20
val/val_0556_17.png,val,ᮊᮧ,556,17,5,20
val/val_0556_18.png,val,ᮜᮂ,556,18,5,20
val/val_0556_19.png,val,ᮒᮦᮂ,556,19,6,20
val/val_0559_00.png,val,ᮛᮤ,559,0,0,23
val/val_0559_01.png,val,ᮅᮀ,559,1,0,23
val/val_0559_02.png,val,ᮛᮀ,559,2,1,23
val/val_0559_03.png,val,ᮌᮧ,559,3,1,23
val/val_0559_04.png,val,ᮔ᮪,559,4,1,23
val/val_0559_05.png,val,ᮒᮦᮂ,559,5,2,23
val/val_0559_06.png,val,ᮛᮥ,559,6,3,23
val/val_0559_07.png,val,ᮙᮂ,559,7,3,23
val/val_0559_08.png,val,ᮙ,559,8,4,23
val/val_0559_09.png,val,ᮊ,559,9,4,23
val/val_0559_10.png,val,ᮔ᮪,559,10,4,23
val/val_0559_11.png,val,ᮃᮀ,559,11,5,23
val/val_0559_12.png,val,ᮊ,559,12,6,23
val/val_0559_13.png,val,ᮝᮤ,559,13,6,23
val/val_0559_14.png,val,ᮜᮀ,559,14,6,23
val/val_0559_15.png,val,ᮌᮨ,559,15,7,23
val/val_0559_16.png,val,ᮓᮦ,559,16,7,23
val/val_0559_17.png,val,ᮒ,559,17,8,23
val/val_0559_18.png,val,ᮓᮤ,559,18,8,23
val/val_0559_19.png,val,ᮞ,559,19,9,23
val/val_0559_20.png,val,ᮒᮥ,559,20,9,23
val/val_0559_21.png,val,ᮒ,559,21,9,23
val/val_0559_22.png,val,ᮞ᮪,559,22,9,23
val/val_0561_00.png,val,ᮃ,561,0,0,12
val/val_0561_01.png,val,ᮒᮥᮂ,561,1,0,12
val/val_0561_02.png,val,ᮑ,561,2,1,12
val/val_0561_03.png,val,ᮒᮨ,561,3,2,12
val/val_0561_04.png,val,ᮕᮀ,561,4,2,12
val/val_0561_05.png,val,ᮓᮤ,561,5,3,12
val/val_0561_06.png,val,ᮛᮤ,561,6,4,12
val/val_0561_07.png,val,ᮅ,561,7,4,12
val/val_0561_08.png,val,ᮔ,561,8,4,12
val/val_0561_09.png,val,ᮛᮀ,561,9,5,12
val/val_0561_10.png,val,ᮌᮧ,561,10,5,12
val/val_0561_11.png,val,ᮔ᮪,561,11,5,12
val/val_0569_00.png,val,ᮞ,569,0,0,26
val/val_0569_01.png,val,ᮅᮁ,569,1,0,26
val/val_0569_02.png,val,ᮕ,569,2,1,26
val/val_0569_03.png,val,ᮊᮨ,569,3,2,26
val/val_0569_04.png,val,ᮕ,569,4,2,26
val/val_0569_05.png,val,ᮜ,569,5,2,26
val/val_0569_06.png,val,ᮘᮥ,569,6,3,26
val/val_0569_07.png,val,ᮞ,569,7,4,26
val/val_0569_08.png,val,ᮛᮤ,569,8,4,26
val/val_0569_09.png,val,ᮞ,569,9,5,26
val/val_0569_10.png,val,ᮆ,569,10,5,26
val/val_0569_11.png,val,ᮍᮤ,569,11,6,26
val/val_0569_12.png,val,ᮛᮤᮀ,569,12,6,26
val/val_0569_13.png,val,ᮊ,569,13,7,26
val/val_0569_14.png,val,ᮔ,569,14,7,26
val/val_0569_15.png,val,ᮙᮧ,569,15,8,26
val/val_0569_16.png,val,ᮘᮤ,569,16,8,26
val/val_0569_17.png,val,ᮜ᮪,569,17,8,26
val/val_0569_18.png,val,ᮃ,569,18,9,26
val/val_0569_19.png,val,ᮔ᮪,569,19,9,26
val/val_0569_20.png,val,ᮏᮩ,569,20,9,26
val/val_0569_21.png,val,ᮔ᮪,569,21,9,26
val/val_0569_22.png,val,ᮔ,569,22,9,26
val/val_0569_23.png,val,ᮘ,569,23,10,26
val/val_0569_24.png,val,ᮆ,569,24,10,26
val/val_0569_25.png,val,ᮕ,569,25,11,26
val/val_0576_00.png,val,ᮌᮨ,576,0,0,25
val/val_0576_01.png,val,ᮓᮧᮀ,576,1,0,25
val/val_0576_02.png,val,ᮃ,576,2,1,25
val/val_0576_03.png,val,ᮅ,576,3,1,25
val/val_0576_04.png,val,ᮜ,576,4,1,25
val/val_0576_05.png,val,ᮊ,576,5,2,25
val/val_0576_06.png,val,ᮘᮥ,576,6,2,25
val/val_0576_07.png,val,ᮕ,576,7,2,25
val/val_0576_08.png,val,ᮒᮦ,576,8,2,25
val/val_0576_09.png,val,ᮔ᮪,576,9,2,25
val/val_0576_10.png,val,ᮔᮥ,576,10,3,25
val/val_0576_11.png,val,ᮞ,576,11,4,25
val/val_0576_12.png,val,ᮊᮤ,576,12,4,25
val/val_0576_13.png,val,ᮒᮥ,576,13,4,25
val/val_0576_14.png,val,ᮃ,576,14,5,25
val/val_0576_15.png,val,ᮌᮢᮦᮀ,576,15,5,25
val/val_0576_16.png,val,ᮔ,576,16,5,25
val/val_0576_17.png,val,ᮒᮦᮂ,576,17,6,25
val/val_0576_18.png,val,ᮜ,576,18,7,25
val/val_0576_19.png,val,ᮜ,576,19,7,25
val/val_0576_20.png,val,ᮅ,576,20,7,25
val/val_0576_21.png,val,ᮔ,576,21,7,25
val/val_0576_22.png,val,ᮔ᮪,576,22,7,25
val/val_0576_23.png,val,ᮕ,576,23,8,25
val/val_0576_24.png,val,ᮓ,576,24,8,25
val/val_0605_00.png,val,ᮚ,605,0,0,1
val/val_0607_00.png,val,ᮜ,607,0,0,1
val/val_0618_00.png,val,ᮕ,618,0,0,23
val/val_0618_01.png,val,ᮕ,618,1,0,23
val/val_0618_02.png,val,ᮊᮦ,618,2,0,23
val/val_0618_03.png,val,ᮃ,618,3,0,23
val/val_0618_04.png,val,ᮔ᮪,618,4,0,23
val/val_0618_05.png,val,ᮏᮩᮀ,618,5,1,23
val/val_0618_06.png,val,ᮒᮤ,618,6,2,23
val/val_0618_07.png,val,ᮔ,618,7,2,23
val/val_0618_08.png,val,ᮊ,618,8,3,23
val/val_0618_09.png,val,ᮙ,618,9,3,23
val/val_0618_10.png,val,ᮜ,618,10,3,23
val/val_0618_11.png,val,ᮛ,618,11,3,23
val/val_0618_12.png,val,ᮒ,618,12,3,23
val/val_0618_13.png,val,ᮔ᮪,618,13,3,23
val/val_0618_14.png,val,ᮙᮂ,618,14,4,23
val/val_0618_15.png,val,ᮓ,618,15,5,23
val/val_0618_16.png,val,ᮕᮥ,618,16,6,23
val/val_0618_17.png,val,ᮌᮥᮂ,618,17,6,23
val/val_0618_18.png,val,ᮌᮩ,618,18,7,23
val/val_0618_19.png,val,ᮞ᮪,618,19,7,23
val/val_0618_20.png,val,ᮞ,618,20,8,23
val/val_0618_21.png,val,ᮊᮤ,618,21,8,23
val/val_0618_22.png,val,ᮉ,618,22,8,23
val/val_0619_00.png,val,ᮓᮤ,619,0,0,23
val/val_0619_01.png,val,ᮊ,619,1,0,23
val/val_0619_02.png,val,ᮕᮥ,619,2,0,23
val/val_0619_03.png,val,ᮒ,619,3,0,23
val/val_0619_04.png,val,ᮔ᮪,619,4,0,23
val/val_0619_05.png,val,ᮒ,619,5,1,23
val/val_0619_06.png,val,ᮕᮤ,619,6,1,23
val/val_0619_07.png,val,ᮊ,619,7,2,23
val/val_0619_08.png,val,ᮏᮩ,619,8,2,23
val/val_0619_09.png,val,ᮔ᮪,619,9,2,23
val/val_0619_10.png,val,ᮒᮩ,619,10,3,23
val/val_0619_11.png,val,ᮄᮀ,619,11,3,23
val/val_0619_12.png,val,ᮃ,619,12,4,23
val/val_0619_13.png,val,ᮛᮤ,619,13,4,23
val/val_0619_14.png,val,ᮊᮥ,619,14,5,23
val/val_0619_15.png,val,ᮓᮥ,619,15,5,23
val/val_0619_16.png,val,ᮓᮤ,619,16,6,23
val/val_0619_17.png,val,ᮠᮤ,619,17,6,23
val/val_0619_18.png,val,ᮔ,619,18,6,23
val/val_0619_19.png,val,ᮒᮤ,619,19,7,23
val/val_0619_20.png,val,ᮔ,619,20,7,23
val/val_0619_21.png,val,ᮠ,619,21,8,23
val/val_0619_22.png,val,ᮜ᮪,619,22,8,23
val/val_0626_00.png,val,ᮊ,626,0,0,22
val/val_0626_01.png,val,ᮃ,626,1,1,22
val/val_0626_02.png,val,ᮄᮀ,626,2,1,22
val/val_0626_03.png,val,ᮒ,626,3,2,22
val/val_0626_04.png,val,ᮚ,626,4,2,22
val/val_0626_05.png,val,ᮔᮥ,626,5,3,22
val/val_0626_06.png,val,ᮙ,626,6,4,22
val/val_0626_07.png,val,ᮜᮤ,626,7,4,22
val/val_0626_08.png,val,ᮛᮦ,626,8,4,22
val/val_0626_09.png,val,ᮊ,626,9,5,22
val/val_0626_10.png,val,ᮃ,626,10,6,22
val/val_0626_11.png,val,ᮔ,626,11,6,22
val/val_0626_12.png,val,ᮊ᮪,626,12,6,22
val/val_0626_13.png,val,ᮃ,626,13,7,22
val/val_0626_14.png,val,ᮄᮀ,626,14,7,22
val/val_0626_15.png,val,ᮒ,626,15,8,22
val/val_0626_16.png,val,ᮛ,626,16,8,22
val/val_0626_17.png,val,ᮔᮥ,626,17,9,22
val/val_0626_18.png,val,ᮙᮤ,626,18,10,22
val/val_0626_19.png,val,ᮛᮧ,626,19,10,22
val/val_0626_20.png,val,ᮞᮦ,626,20,10,22
val/val_0626_21.png,val,ᮃ,626,21,10,22
val/val_0634_00.png,val,ᮞ,634,0,0,23
val/val_0634_01.png,val,ᮔ,634,1,0,23
val/val_0634_02.png,val,ᮏ,634,2,0,23
val/val_0634_03.png,val,ᮔ᮪,634,3,0,23
val/val_0634_04.png,val,ᮃ,634,4,1,23
val/val_0634_05.png,val,ᮙ᮪,634,5,1,23
val/val_0634_06.png,val,ᮘᮥ,634,6,1,23
val/val_0634_07.png,val,ᮝᮁ,634,7,2,23
val/val_0634_08.png,val,ᮏᮤ,634,8,2,23
val/val_0634_09.png,val,ᮊ,634,9,3,23
val/val_0634_10.png,val,ᮒ,634,10,3,23
val/val_0634_11.png,val,ᮛ,634,11,3,23
val/val_0634_12.png,val,ᮏᮀ,634,12,3,23
val/val_0634_13.png,val,ᮌᮨ,634,13,4,23
val/val_0634_14.png,val,ᮛᮤᮀ,634,14,4,23
val/val_0634_15.png,val,ᮒ,634,15,5,23
val/val_0634_16.png,val,ᮕᮤ,634,16,5,23
val/val_0634_17.png,val,ᮜ,634,17,6,23
val/val_0634_18.png,val,ᮙᮥ,634,18,6,23
val/val_0634_19.png,val,ᮔ᮪,634,19,6,23
val/val_0634_20.png,val,ᮙ,634,20,7,23
val/val_0634_21.png,val,ᮔᮦᮂ,634,21,7,23
val/val_0634_22.png,val,ᮔ,634,22,7,23
val/val_0645_00.png,val,ᮘᮨ,645,0,0,22
val/val_0645_01.png,val,ᮔᮨᮁ,645,1,0,22
val/val_0645_02.png,val,ᮕᮤ,645,2,1,22
val/val_0645_03.png,val,ᮞ,645,3,1,22
val/val_0645_04.png,val,ᮔ᮪,645,4,1,22
val/val_0645_05.png,val,ᮆ,645,5,2,22
val/val_0645_06.png,val,ᮒ,645,6,2,22
val/val_0645_07.png,val,ᮕᮤ,645,7,3,22
val/val_0645_08.png,val,ᮕᮤ,645,8,3,22
val/val_0645_09.png,val,ᮊᮤ,645,9,3,22
val/val_0645_10.png,val,ᮛ,645,10,3,22
val/val_0645_11.png,val,ᮔ᮪,645,11,3,22
val/val_0645_12.png,val,ᮙ,645,12,4,22
val/val_0645_13.png,val,ᮔᮦᮂ,645,13,4,22
val/val_0645_14.png,val,ᮒᮦᮂ,645,14,5,22
val/val_0645_15.png,val,ᮒ,645,15,6,22
val/val_0645_16.png,val,ᮕᮤ,645,16,6,22
val/val_0645_17.png,val,ᮞᮥ,645,17,7,22
val/val_0645_18.png,val,ᮊᮥᮁ,645,18,7,22
val/val_0645_19.png,val,ᮏ,645,19,8,22
val/val_0645_20.png,val,ᮜ᮪,645,20,8,22
val/val_0645_21.png,val,ᮙ,645,21,8,22
val/val_0666_00.png,val,ᮄᮂ,666,0,0,18
val/val_0666_01.png,val,ᮞ,666,1,1,18
val/val_0666_02.png,val,ᮍᮥ,666,2,1,18
val/val_0666_03.png,val,ᮔᮥ,666,3,2,18
val/val_0666_04.png,val,ᮌᮩ,666,4,3,18
val/val_0666_05.png,val,ᮞ᮪,666,5,3,18
val/val_0666_06.png,val,ᮠ,666,6,4,18
val/val_0666_07.png,val,ᮞᮩ,666,7,4,18
val/val_0666_08.png,val,ᮙ᮪,666,8,4,18
val/val_0666_09.png,val,ᮙᮂ,666,9,5,18
val/val_0666_10.png,val,ᮞᮧ,666,10,6,18
val/val_0666_11.png,val,ᮊ᮪,666,11,6,18
val/val_0666_12.png,val,ᮏ,666,12,7,18
val/val_0666_13.png,val,ᮓᮤ,666,13,7,18
val/val_0666_14.png,val,ᮊ,666,14,8,18
val/val_0666_15.png,val,ᮞ,666,15,8,18
val/val_0666_16.png,val,ᮊᮤ,666,16,8,18
val/val_0666_17.png,val,ᮒ᮪,666,17,8,18
val/val_0677_00.png,val,ᮎ,677,0,0,18
val/val_0677_01.png,val,ᮔ᮪,677,1,0,18
val/val_0677_02.png,val,ᮊᮥᮀ,677,2,1,18
val/val_0677_03.png,val,ᮞᮤ,677,3,1,18
val/val_0677_04.png,val,ᮑᮧ,677,4,2,18
val/val_0677_05.png,val,ᮛᮀ,677,5,2,18
val/val_0677_06.png,val,ᮎᮤ,677,6,3,18
val/val_0677_07.png,val,ᮎᮤᮀ,677,7,3,18
val/val_0677_08.png,val,ᮓᮤ,677,8,4,18
val/val_0677_09.png,val,ᮔᮥ,677,9,4,18
val/val_0677_10.png,val,ᮞᮦ,677,10,5,18
val/val_0677_11.png,val,ᮏᮦ,677,11,5,18
val/val_0677_12.png,val,ᮔ᮪,677,12,5,18
val/val_0677_13.png,val,ᮞ,677,13,6,18
val/val_0677_14.png,val,ᮜᮤ,677,14,6,18
val/val_0677_15.png,val,ᮃ,677,15,6,18
val/val_0677_16.png,val,ᮔ᮪,677,16,6,18
val/val_0677_17.png,val,ᮒᮤ,677,17,7,18
val/val_0678_00.png,val,ᮓᮤ,678,0,0,17
val/val_0678_01.png,val,ᮈ,678,1,1,17
val/val_0678_02.png,val,ᮙᮀ,678,2,1,17
val/val_0678_03.png,val,ᮃ,678,3,2,17
val/val_0678_04.png,val,ᮒ,678,4,2,17
val/val_0678_05.png,val,ᮝ,678,5,2,17
val/val_0678_06.png,val,ᮘᮤ,678,6,3,17
val/val_0678_07.png,val,ᮘᮤ,678,7,3,17
val/val_0678_08.png,val,ᮒᮤ,678,8,4,17
val/val_0678_09.png,val,ᮘ,678,9,5,17
val/val_0678_10.png,val,ᮠᮩ,678,10,5,17
val/val_0678_11.png,val,ᮜ,678,11,5,17
val/val_0678_12.png,val,ᮇ,678,12,6,17
val/val_0678_13.png,val,ᮌᮦ,678,13,6,17
val/val_0678_14.png,val,ᮃ,678,14,7,17
val/val_0678_15.png,val,ᮘᮥ,678,15,7,17
val/val_0678_16.png,val,ᮙᮂ,678,16,8,17
val/val_0696_00.png,val,ᮔᮨ,696,0,0,17
val/val_0696_01.png,val,ᮙ᮪,696,1,0,17
val/val_0696_02.png,val,ᮕᮧ,696,2,0,17
val/val_0696_03.png,val,ᮞᮤ,696,3,1,17
val/val_0696_04.png,val,ᮃ,696,4,2,17
val/val_0696_05.png,val,ᮃ,696,5,2,17
val/val_0696_06.png,val,ᮙ,696,6,3,17
val/val_0696_07.png,val,ᮊᮦ,696,7,3,17
val/val_0696_08.png,val,ᮘ,696,8,4,17
val/val_0696_09.png,val,ᮏᮥ,696,9,4,17
val/val_0696_10.png,val,ᮆ,696,10,5,17
val/val_0696_11.png,val,ᮒ,696,11,5,17
val/val_0696_12.png,val,ᮃ,696,12,6,17
val/val_0696_13.png,val,ᮝ,696,13,6,17
val/val_0696_14.png,val,ᮊ᮪,696,14,6,17
val/val_0696_15.png,val,ᮃ,696,15,7,17
val/val_0696_16.png,val,ᮞ,696,16,7,17
val/val_0740_00.png,val,ᮙᮂ,740,0,0,15
val/val_0740_01.png,val,ᮠ,740,1,1,15
val/val_0740_02.png,val,ᮒᮦ,740,2,1,15
val/val_0740_03.png,val,ᮒᮦᮂ,740,3,2,15
val/val_0740_04.png,val,ᮘᮩ,740,4,3,15
val/val_0740_05.png,val,ᮊᮤ,740,5,3,15
val/val_0740_06.png,val,ᮌᮦ,740,6,4,15
val/val_0740_07.png,val,ᮆᮁ,740,7,4,15
val/val_0740_08.png,val,ᮝᮦ,740,8,5,15
val/val_0740_09.png,val,ᮓᮤ,740,9,6,15
val/val_0740_10.png,val,ᮘᮧ,740,10,7,15
val/val_0740_11.png,val,ᮍ,740,11,7,15
val/val_0740_12.png,val,ᮔ᮪,740,12,7,15
val/val_0740_13.png,val,ᮔ,740,13,8,15
val/val_0740_14.png,val,ᮓ,740,14,8,15
val/val_0747_00.png,val,ᮜ,747,0,0,16
val/val_0747_01.png,val,ᮌᮥ,747,1,0,16
val/val_0747_02.png,val,ᮞᮨ,747,2,1,16
val/val_0747_03.png,val,ᮙ᮪,747,3,1,16
val/val_0747_04.png,val,ᮕᮥᮁ,747,4,1,16
val/val_0747_05.png,val,ᮔ,747,5,1,16
val/val_0747_06.png,val,ᮔ,747,6,2,16
val/val_0747_07.png,val,ᮃ,747,7,3,16
val/val_0747_08.png,val,ᮔ᮪,747,8,3,16
val/val_0747_09.png,val,ᮓᮢ,747,9,3,16
val/val_0747_10.png,val,ᮔᮥ,747,10,4,16
val/val_0747_11.png,val,ᮓᮤ,747,11,5,16
val/val_0747_12.png,val,ᮊᮧ,747,12,5,16
val/val_0747_13.png,val,ᮕᮤ,747,13,5,16
val/val_0747_14.png,val,ᮒᮤ,747,14,6,16
val/val_0747_15.png,val,ᮔ,747,15,6,16
val/val_0751_00.png,val,ᮙ,751,0,0,19
val/val_0751_01.png,val,ᮔᮦᮂ,751,1,0,19
val/val_0751_02.png,val,ᮍᮨ,751,2,1,19
val/val_0751_03.png,val,ᮙᮥ,751,3,1,19
val/val_0751_04.png,val,ᮊ,751,4,2,19
val/val_0751_05.png,val,ᮒᮥ,751,5,2,19
val/val_0751_06.png,val,ᮌᮨ,751,6,2,19
val/val_0751_07.png,val,ᮔᮂ,751,7,2,19
val/val_0751_08.png,val,ᮏᮩᮀ,751,8,3,19
val/val_0751_09.png,val,ᮊ,751,9,4,19
val/val_0751_10.png,val,ᮞᮨ,751,10,4,19
val/val_0751_11.png,val,ᮓᮤᮂ,751,11,4,19
val/val_0751_12.png,val,ᮃ,751,12,5,19
val/val_0751_13.png,val,ᮔᮥ,751,13,5,19
val/val_0751_14.png,val,ᮕᮧ,751,14,6,19
val/val_0751_15.png,val,ᮠ,751,15,6,19
val/val_0751_16.png,val,ᮛ,751,16,6,19
val/val_0751_17.png,val,ᮓᮩ,751,17,7,19
val/val_0751_18.png,val,ᮓᮩᮂ,751,18,7,19
val/val_0762_00.png,val,ᮠ,762,0,0,18
val/val_0762_01.png,val,ᮓᮤ,762,1,0,18
val/val_0762_02.png,val,ᮃᮂ,762,2,0,18
val/val_0762_03.png,val,ᮞ,762,3,1,18
val/val_0762_04.png,val,ᮞ᮪,762,4,1,18
val/val_0762_05.png,val,ᮒᮢ,762,5,1,18
val/val_0762_06.png,val,ᮅ,762,6,2,18
val/val_0762_07.png,val,ᮅ,762,7,2,18
val/val_0762_08.png,val,ᮛᮥ,762,8,3,18
val/val_0762_09.png,val,ᮊ᮪,762,9,3,18
val/val_0762_10.png,val,ᮙ,762,10,3,18
val/val_0762_11.png,val,ᮔ,762,11,3,18
val/val_0762_12.png,val,ᮊᮥ,762,12,4,18
val/val_0762_13.png,val,ᮊᮧ,762,13,5,18
val/val_0762_14.png,val,ᮛ,762,14,5,18
val/val_0762_15.png,val,ᮔ᮪,762,15,5,18
val/val_0762_16.png,val,ᮊᮥ,762,16,6,18
val/val_0762_17.png,val,ᮏᮀ,762,17,6,18
val/val_0792_00.png,val,ᮅ,792,0,0,2
val/val_0792_01.png,val,ᮃ,792,1,0,2
val/val_0793_00.png,val,ᮈ,793,0,0,2
val/val_0793_01.png,val,ᮙ,793,1,0,2
val/val_0800_00.png,val,ᮍ,800,0,0,4
val/val_0800_01.png,val,ᮜ,800,1,0,4
val/val_0800_02.png,val,ᮜ,800,2,0,4
val/val_0800_03.png,val,ᮔ,800,3,0,4
val/val_0801_00.png,val,ᮎ,801,0,0,3
val/val_0801_01.png,val,ᮜ,801,1,0,3
val/val_0801_02.png,val,ᮔ,801,2,0,3
val/val_0810_00.png,val,ᮞ,810,0,0,16
val/val_0810_01.png,val,ᮈ,810,1,0,16
val/val_0810_02.png,val,ᮑ,810,2,0,16
val/val_0810_03.png,val,ᮔ,810,3,0,16
val/val_0810_04.png,val,ᮘᮥ,810,4,1,16
val/val_0810_05.png,val,ᮓᮥ,810,5,1,16
val/val_0810_06.png,val,ᮘ,810,6,2,16
val/val_0810_07.png,val,ᮞᮥ,810,7,2,16
val/val_0810_08.png,val,ᮊ,810,8,3,16
val/val_0810_09.png,val,ᮒ,810,9,3,16
val/val_0810_10.png,val,ᮏᮤ,810,10,3,16
val/val_0810_11.png,val,ᮉ,810,11,3,16
val/val_0810_12.png,val,ᮔ᮪,810,12,3,16
val/val_0810_13.png,val,ᮕᮤ,810,13,4,16
val/val_0810_14.png,val,ᮞ,810,14,4,16
val/val_0810_15.png,val,ᮔ᮪,810,15,4,16
test/test_0019_00.png,test,ᮞ,19,0,0,17
test/test_0019_01.png,test,ᮞ,19,1,0,17
test/test_0019_02.png,test,ᮛᮤ,19,2,0,17
test/test_0019_03.png,test,ᮃ,19,3,1,17
test/test_0019_04.png,test,ᮔᮥ,19,4,1,17
test/test_0019_05.png,test,ᮒ,19,5,2,17
test/test_0019_06.png,test,ᮓᮤ,19,6,2,17
test/test_0019_07.png,test,ᮔ,19,7,2,17
test/test_0019_08.png,test,ᮜᮤ,19,8,3,17
test/test_0019_09.png,test,ᮔ᮪,19,9,3,17
test/test_0019_10.png,test,ᮎᮂ,19,10,3,17
test/test_0019_11.png,test,ᮜᮥ,19,11,4,17
test/test_0019_12.png,test,ᮜᮥ,19,12,4,17
test/test_0019_13.png,test,ᮔ᮪,19,13,4,17
test/test_0019_14.png,test,ᮎ,19,14,4,17
test/test_0019_15.png,test,ᮒ,19,15,4,17
test/test_0019_16.png,test,ᮔ᮪,19,16,4,17
test/test_0039_00.png,test,ᮚ,39,0,0,1
test/test_0050_00.png,test,ᮑ,50,0,0,1
test/test_0051_00.png,test,ᮌ,51,0,0,1
test/test_0059_00.png,test,ᮚ,59,0,0,2
test/test_0059_01.png,test,ᮔ,59,1,0,2
test/test_0062_00.png,test,ᮛ,62,0,0,2
test/test_0062_01.png,test,ᮊ,62,1,0,2
test/test_0065_00.png,test,ᮛ,65,0,0,2
test/test_0065_01.png,test,ᮏ,65,1,0,2
test/test_0078_00.png,test,ᮝ,78,0,0,2
test/test_0078_01.png,test,ᮝ,78,1,0,2
test/test_0082_00.png,test,ᮞ,82,0,0,2
test/test_0082_01.png,test,ᮓ,82,1,0,2
test/test_0096_00.png,test,ᮆ,96,0,0,2
test/test_0096_01.png,test,ᮒ,96,1,0,2
test/test_0098_00.png,test,ᮆ,98,0,0,2
test/test_0098_01.png,test,ᮛ,98,1,0,2
test/test_0105_00.png,test,ᮃ,105,0,0,3
test/test_0105_01.png,test,ᮊ,105,1,0,3
test/test_0105_02.png,test,ᮜ᮪,105,2,0,3
test/test_0109_00.png,test,ᮃ,109,0,0,3
test/test_0109_01.png,test,ᮙ,109,1,0,3
test/test_0109_02.png,test,ᮔ᮪,109,2,0,3
test/test_0127_00.png,test,ᮘ,127,0,0,3
test/test_0127_01.png,test,ᮌ᮪,127,1,0,3
test/test_0127_02.png,test,ᮏ,127,2,0,3
test/test_0129_00.png,test,ᮘ,129,0,0,3
test/test_0129_01.png,test,ᮠ,129,1,0,3
test/test_0129_02.png,test,ᮔ᮪,129,2,0,3
test/test_0131_00.png,test,ᮘ,131,0,0,4
test/test_0131_01.png,test,ᮊ,131,1,0,4
test/test_0131_02.png,test,ᮊ,131,2,0,4
test/test_0131_03.png,test,ᮊ᮪,131,3,0,4
test/test_0147_00.png,test,ᮒᮦ,147,0,0,2
test/test_0147_01.png,test,ᮛᮦ,147,1,0,2
test/test_0157_00.png,test,ᮃ,157,0,0,2
test/test_0157_01.png,test,ᮌᮦᮂ,157,1,0,2
test/test_0164_00.png,test,ᮘ,164,0,0,3
test/test_0164_01.png,test,ᮎᮦ,164,1,0,3
test/test_0164_02.png,test,ᮇ,164,2,0,3
test/test_0169_00.png,test,ᮘ,169,0,0,4
test/test_0169_01.png,test,ᮜ,169,1,0,4
test/test_0169_02.png,test,ᮛᮦ,169,2,0,4
test/test_0169_03.png,test,ᮃ,169,3,0,4
test/test_0170_00.png,test,ᮘ,170,0,0,4
test/test_0170_01.png,test,ᮔ᮪,170,1,0,4
test/test_0170_02.png,test,ᮎᮦ,170,2,0,4
test/test_0170_03.png,test,ᮒ᮪,170,3,0,4
test/test_0180_00.png,test,ᮏᮧ,180,0,0,1
test/test_0186_00.png,test,ᮘᮧ,186,0,0,1
test/test_0190_00.png,test,ᮜᮧ,190,0,0,1
test/test_0191_00.png,test,ᮝᮧ,191,0,0,1
test/test_0277_00.png,test,ᮑ,277,0,0,1
test/test_0281_00.png,test,ᮕ,281,0,0,1
test/test_0284_00.png,test,ᮛ,284,0,0,1
test/test_0302_00.png,test,ᮕ,302,0,0,5
test/test_0302_01.png,test,ᮞᮢᮂ,302,1,0,5
test/test_0302_02.png,test,ᮃ,302,2,1,5
test/test_0302_03.png,test,ᮛᮤ,302,3,1,5
test/test_0302_04.png,test,ᮒ᮪,302,4,1,5
test/test_0313_00.png,test,ᮃ,313,0,0,4
test/test_0313_01.png,test,ᮞᮩ,313,1,0,4
test/test_0313_02.png,test,ᮕ,313,2,0,4
test/test_0313_03.png,test,ᮔ᮪,313,3,0,4
test/test_0337_00.png,test,ᮃ,337,0,0,9
test/test_0337_01.png,test,ᮞ,337,1,0,9
test/test_0337_02.png,test,ᮛ,337,2,1,9
test/test_0337_03.png,test,ᮝᮤᮀ,337,3,1,9
test/test_0337_04.png,test,ᮓ,337,4,2,9
test/test_0337_05.png,test,ᮅ,337,5,2,9
test/test_0337_06.png,test,ᮔ᮪,337,6,2,9
test/test_0337_07.png,test,ᮎᮩ,337,7,3,9
test/test_0337_08.png,test,ᮜᮤ,337,8,3,9
test/test_0348_00.png,test,ᮞ,348,0,0,11
test/test_0348_01.png,test,ᮎᮤ,348,1,0,11
test/test_0348_02.png,test,ᮓᮥᮂ,348,2,0,11
test/test_0348_03.png,test,ᮙᮨ,348,3,1,11
test/test_0348_04.png,test,ᮒᮥ,348,4,1,11
test/test_0348_05.png,test,ᮞ,348,5,2,11
test/test_0348_06.png,test,ᮅ,348,6,2,11
test/test_0348_07.png,test,ᮎ,348,7,2,11
test/test_0348_08.png,test,ᮕ᮪,348,8,2,11
test/test_0348_09.png,test,ᮑ,348,9,3,11
test/test_0348_10.png,test,ᮒ,348,10,3,11
test/test_0349_00.png,test,ᮎᮤ,349,0,0,3
test/test_0349_01.png,test,ᮊ,349,1,0,3
test/test_0349_02.png,test,ᮜ᮪,349,2,0,3
test/test_0386_00.png,test,ᮒᮩ,386,0,0,9
test/test_0386_01.png,test,ᮊ,386,1,1,9
test/test_0386_02.png,test,ᮊᮥ,386,2,1,9
test/test_0386_03.png,test,ᮛᮥᮀ,386,3,1,9
test/test_0386_04.png,test,ᮊᮥ,386,4,2,9
test/test_0386_05.png,test,ᮈ,386,5,3,9
test/test_0386_06.png,test,ᮔ᮪,386,6,3,9
test/test_0386_07.png,test,ᮒᮤ,386,7,3,9
test/test_0386_08.png,test,ᮊ᮪,386,8,3,9
test/test_0388_00.png,test,ᮍᮩ,388,0,0,11
test/test_0388_01.png,test,ᮔᮂ,388,1,0,11
test/test_0388_02.png,test,ᮆ,388,2,1,11
test/test_0388_03.png,test,ᮇ,388,3,1,11
test/test_0388_04.png,test,ᮔ᮪,388,4,1,11
test/test_0388_05.png,test,ᮒᮩ,388,5,2,11
test/test_0388_06.png,test,ᮍᮦ,388,6,3,11
test/test_0388_07.png,test,ᮅ,388,7,3,11
test/test_0388_08.png,test,ᮔᮂ,388,8,3,11
test/test_0388_09.png,test,ᮆ,388,9,4,11
test/test_0388_10.png,test,ᮠᮦ,388,10,4,11
test/test_0391_00.png,test,ᮌᮩ,391,0,0,2
test/test_0391_01.png,test,ᮛᮩᮂ,391,1,0,2
test/test_0394_00.png,test,ᮌᮩ,394,0,0,11
test/test_0394_01.png,test,ᮞ᮪,394,1,0,11
test/test_0394_02.png,test,ᮊ,394,2,1,11
test/test_0394_03.png,test,ᮛ,394,3,1,11
test/test_0394_04.png,test,ᮞ,394,4,1,11
test/test_0394_05.png,test,ᮕ,394,5,2,11
test/test_0394_06.png,test,ᮄ,394,6,2,11
test/test_0394_07.png,test,ᮒ᮪,394,7,2,11
test/test_0394_08.png,test,ᮕᮩ,394,8,3,11
test/test_0394_09.png,test,ᮠᮩᮁ,394,9,3,11
test/test_0394_10.png,test,ᮔ,394,10,3,11
test/test_0395_00.png,test,ᮌᮩ,395,0,0,6
test/test_0395_01.png,test,ᮞ᮪,395,1,0,6
test/test_0395_02.png,test,ᮎᮥ,395,2,1,6
test/test_0395_03.png,test,ᮙ,395,3,1,6
test/test_0395_04.png,test,ᮛᮤ,395,4,1,6
test/test_0395_05.png,test,ᮒ,395,5,1,6
test/test_0406_00.png,test,ᮙ,406,0,0,5
test/test_0406_01.png,test,ᮛᮥ,406,1,0,5
test/test_0406_02.png,test,ᮓᮂ,406,2,0,5
test/test_0406_03.png,test,ᮠ,406,3,1,5
test/test_0406_04.png,test,ᮒᮦ,406,4,1,5
test/test_0413_00.png,test,ᮠ,413,0,0,3
test/test_0413_01.png,test,ᮚ,413,1,0,3
test/test_0413_02.png,test,ᮙ᮪,413,2,0,3
test/test_0452_00.png,test,ᮠᮨ,452,0,0,10
test/test_0452_01.png,test,ᮔ᮪,452,1,0,10
test/test_0452_02.png,test,ᮒᮩ,452,2,0,10
test/test_0452_03.png,test,ᮏᮤᮀ,452,3,1,10
test/test_0452_04.png,test,ᮏᮤᮀ,452,4,1,10
test/test_0452_05.png,test,ᮠᮨ,452,5,2,10
test/test_0452_06.png,test,ᮔ᮪,452,6,2,10
test/test_0452_07.png,test,ᮒᮩ,452,7,2,10
test/test_0452_08.png,test,ᮘ,452,8,3,10
test/test_0452_09.png,test,ᮝ,452,9,3,10
test/test_0454_00.png,test,ᮒᮥ,454,0,0,5
test/test_0454_01.png,test,ᮃᮀ,454,1,0,5
test/test_0454_02.png,test,ᮏᮤ,454,2,1,5
test/test_0454_03.png,test,ᮔᮤ,454,3,1,5
test/test_0454_04.png,test,ᮞ᮪,454,4,1,5
test/test_0459_00.png,test,ᮏᮥ,459,0,0,6
test/test_0459_01.png,test,ᮃ,459,1,0,6
test/test_0459_02.png,test,ᮜ᮪,459,2,0,6
test/test_0459_03.png,test,ᮓᮨ,459,3,1,6
test/test_0459_04.png,test,ᮓᮨ,459,4,1,6
test/test_0459_05.png,test,ᮒ᮪,459,5,1,6
test/test_0474_00.png,test,ᮕᮥ,474,0,0,9
test/test_0474_01.png,test,ᮃ,474,1,0,9
test/test_0474_02.png,test,ᮞ,474,2,0,9
test/test_0474_03.png,test,ᮙᮀ,474,3,1,9
test/test_0474_04.png,test,ᮌᮤᮂ,474,4,1,9
test/test_0474_05.png,test,ᮜᮨ,474,5,2,9
test/test_0474_06.png,test,ᮘ,474,6,2,9
test/test_0474_07.png,test,ᮛ,474,7,2,9
test/test_0474_08.png,test,ᮔ᮪,474,8,2,9
test/test_0478_00.png,test,ᮕᮥ,478,0,0,7
test/test_0478_01.png,test,ᮓ,478,1,0,7
test/test_0478_02.png,test,ᮒ᮪,478,2,0,7
test/test_0478_03.png,test,ᮕᮥ,478,3,1,7
test/test_0478_04.png,test,ᮕᮥ,478,4,1,7
test/test_0478_05.png,test,ᮓ,478,5,1,7
test/test_0478_06.png,test,ᮊ᮪,478,6,1,7
test/test_0483_00.png,test,ᮕᮥ,483,0,0,4
test/test_0483_01.png,test,ᮜᮀ,483,1,0,4
test/test_0483_02.png,test,ᮕᮧ,483,2,1,4
test/test_0483_03.png,test,ᮆ,483,3,1,4
test/test_0517_00.png,test,ᮔᮥ,517,0,0,25
test/test_0517_01.png,test,ᮠᮥ,517,1,0,25
test/test_0517_02.png,test,ᮔ᮪,517,2,0,25
test/test_0517_03.png,test,ᮔᮤ,517,3,1,25
test/test_0517_04.png,test,ᮃ,517,4,1,25
test/test_0517_05.png,test,ᮘ,517,5,2,25
test/test_0517_06.png,test,ᮕ,517,6,2,25
test/test_0517_07.png,test,ᮛᮩ,517,7,3,25
test/test_0517_08.png,test,ᮌ᮪,517,8,3,25
test/test_0517_09.png,test,ᮛᮩ,517,9,3,25
test/test_0517_10.png,test,ᮌ᮪,517,10,3,25
test/test_0517_11.png,test,ᮕᮤ,517,11,4,25
test/test_0517_12.png,test,ᮞ,517,12,4,25
test/test_0517_13.png,test,ᮔ᮪,517,13,4,25
test/test_0517_14.png,test,ᮃ,517,14,5,25
test/test_0517_15.png,test,ᮛᮤ,517,15,5,25
test/test_0517_16.png,test,ᮊᮤ,517,16,6,25
test/test_0517_17.png,test,ᮉ,517,17,6,25
test/test_0517_18.png,test,ᮙᮂ,517,18,7,25
test/test_0517_19.png,test,ᮎᮩ,517,19,8,25
test/test_0517_20.png,test,ᮊ᮪,517,20,8,25
test/test_0517_21.png,test,ᮕ,517,21,9,25
test/test_0517_22.png,test,ᮊᮨ,517,22,10,25
test/test_0517_23.png,test,ᮕ,517,23,10,25
test/test_0517_24.png,test,ᮜ,517,24,10,25
test/test_0520_00.png,test,ᮊ,520,0,0,27
test/test_0520_01.png,test,ᮕ,520,1,0,27
test/test_0520_02.png,test,ᮔ᮪,520,2,0,27
test/test_0520_03.png,test,ᮕ,520,3,1,27
test/test_0520_04.png,test,ᮊᮨ,520,4,2,27
test/test_0520_05.png,test,ᮕ,520,5,2,27
test/test_0520_06.png,test,ᮜ,520,6,2,27
test/test_0520_07.png,test,ᮞᮨ,520,7,3,27
test/test_0520_08.png,test,ᮊᮧ,520,8,3,27
test/test_0520_09.png,test,ᮜᮂ,520,9,3,27
test/test_0520_10.png,test,ᮙᮂ,520,10,4,27
test/test_0520_11.png,test,ᮌᮩ,520,11,5,27
test/test_0520_12.png,test,ᮞ᮪,520,12,5,27
test/test_0520_13.png,test,ᮒᮩ,520,13,6,27
test/test_0520_14.png,test,ᮊ,520,14,7,27
test/test_0520_15.png,test,ᮌᮥ,520,15,7,27
test/test_0520_16.png,test,ᮍ,520,16,7,27
test/test_0520_17.png,test,ᮔᮩ,520,17,7,27
test/test_0520_18.png,test,ᮔ᮪,520,18,7,27
test/test_0520_19.png,test,ᮄ,520,19,8,27
test/test_0520_20.png,test,ᮘᮥ,520,20,8,27
test/test_0520_21.png,test,ᮛ,520,21,9,27
test/test_0520_22.png,test,ᮙ,520,22,9,27
test/test_0520_23.png,test,ᮍᮥ,520,23,10,27
test/test_0520_24.png,test,ᮛᮥ,520,24,10,27
test/test_0520_25.png,test,ᮌᮥ,520,25,11,27
test/test_0520_26.png,test,ᮛᮥ,520,26,11,27
test/test_0528_00.png,test,ᮔᮤ,528,0,0,28
test/test_0528_01.png,test,ᮃ,528,1,0,28
test/test_0528_02.png,test,ᮌᮩ,528,2,1,28
test/test_0528_03.png,test,ᮞ᮪,528,3,1,28
test/test_0528_04.png,test,ᮙ,528,4,2,28
test/test_0528_05.png,test,ᮠᮦᮁ,528,5,2,28
test/test_0528_06.png,test,ᮍᮥ,528,6,3,28
test/test_0528_07.png,test,ᮔᮤ,528,7,3,28
test/test_0528_08.png,test,ᮍ,528,8,3,28
test/test_0528_09.png,test,ᮊᮩ,528,9,3,28
test/test_0528_10.png,test,ᮔ᮪,528,10,3,28
test/test_0528_11.png,test,ᮄ,528,11,4,28
test/test_0528_12.png,test,ᮕᮤ,528,12,4,28
test/test_0528_13.png,test,ᮞ᮪,528,13,4,28
test/test_0528_14.png,test,ᮊ,528,14,5,28
test/test_0528_15.png,test,ᮔ᮪,528,15,5,28
test/test_0528_16.png,test,ᮓᮨ,528,16,5,28
test/test_0528_17.png,test,ᮜ᮪,528,17,5,28
test/test_0528_18.png,test,ᮔ,528,18,5,28
test/test_0528_19.png,test,ᮜ,528,19,6,28
test/test_0528_20.png,test,ᮌᮥ,528,20,6,28
test/test_0528_21.png,test,ᮍ,528,21,7,28
test/test_0528_22.png,test,ᮒᮥᮁ,528,22,7,28
test/test_0528_23.png,test,ᮔ,528,23,8,28
test/test_0528_24.png,test,ᮕ,528,24,8,28
test/test_0528_25.png,test,ᮞ᮪,528,25,8,28
test/test_0528_26.png,test,ᮜᮨ,528,26,9,28
test/test_0528_27.png,test,ᮘᮂ,528,27,9,28
test/test_0535_00.png,test,ᮕᮤ,535,0,0,29
test/test_0535_01.png,test,ᮞ,535,1,0,29
test/test_0535_02.png,test,ᮔ᮪,535,2,0,29
test/test_0535_03.png,test,ᮓᮩ,535,3,1,29
test/test_0535_04.png,test,ᮄᮂ,535,4,1,29
test/test_0535_05.png,test,ᮊᮧᮁ,535,5,2,29
test/test_0535_06.png,test,ᮞᮤ,535,6,2,29
test/test_0535_07.png,test,ᮊᮧᮁ,535,7,3,29
test/test_0535_08.png,test,ᮞᮤ,535,8,3,29
test/test_0535_09.png,test,ᮔᮥ,535,9,4,29
test/test_0535_10.png,test,ᮃ,535,10,5,29
test/test_0535_11.png,test,ᮚᮩ,535,11,5,29
test/test_0535_12.png,test,ᮔ,535,12,5,29
test/test_0535_13.png,test,ᮌᮩ,535,13,6,29
test/test_0535_14.png,test,ᮞ᮪,535,14,6,29
test/test_0535_15.png,test,ᮕᮤ,535,15,7,29
test/test_0535_16.png,test,ᮔᮥᮂ,535,16,7,29
test/test_0535_17.png,test,ᮓᮤ,535,17,8,29
test/test_0535_18.png,test,ᮓ,535,18,8,29
test/test_0535_19.png,test,ᮛᮤ,535,19,8,29
test/test_0535_20.png,test,ᮅ,535,20,8,29
test/test_0535_21.png,test,ᮊ,535,21,8,29
test/test_0535_22.png,test,ᮔ᮪,535,22,8,29
test/test_0535_23.png,test,ᮒᮦᮂ,535,23,9,29
test/test_0535_24.png,test,ᮙᮧ,535,24,10,29
test/test_0535_25.png,test,ᮃ,535,25,10,29
test/test_0535_26.png,test,ᮜ᮪,535,26,10,29
test/test_0535_27.png,test,ᮊᮥ,535,27,11,29
test/test_0535_28.png,test,ᮛᮀ,535,28,11,29
test/test_0537_00.png,test,ᮏ,537,0,0,30
test/test_0537_01.png,test,ᮜ᮪,537,1,0,30
test/test_0537_02.png,test,ᮙ,537,2,0,30
test/test_0537_03.png,test,ᮕᮀ,537,3,1,30
test/test_0537_04.png,test,ᮊ,537,4,1,30
test/test_0537_05.png,test,ᮒ᮪,537,5,1,30
test/test_0537_06.png,test,ᮜᮥ,537,6,2,30
test/test_0537_07.png,test,ᮠᮥᮁ,537,7,2,30
test/test_0537_08.png,test,ᮈ,537,8,3,30
test/test_0537_09.png,test,ᮑ,537,9,3,30
test/test_0537_10.png,test,ᮕ,537,10,4,30
test/test_0537_11.png,test,ᮔ᮪,537,11,4,30
test/test_0537_12.png,test,ᮒᮁ,537,12,4,30
test/test_0537_13.png,test,ᮘᮥ,537,13,5,30
test/test_0537_14.png,test,ᮕ,537,14,5,30
test/test_0537_15.png,test,ᮒᮤ,537,15,5,30
test/test_0537_16.png,test,ᮊᮨ,537,16,6,30
test/test_0537_17.png,test,ᮕ,537,17,6,30
test/test_0537_18.png,test,ᮜ,537,18,6,30
test/test_0537_19.png,test,ᮓᮤ,537,19,7,30
test/test_0537_20.png,test,ᮔ,537,20,7,30
test/test_0537_21.png,test,ᮞ᮪,537,21,7,30
test/test_0537_22.png,test,ᮃ,537,22,8,30
test/test_0537_23.png,test,ᮒ,537,23,8,30
test/test_0537_24.png,test,ᮋ,537,24,8,30
test/test_0537_25.png,test,ᮛᮦ,537,25,9,30
test/test_0537_26.png,test,ᮍᮢᮦ,537,26,9,30
test/test_0537_27.png,test,ᮍ,537,27,9,30
test/test_0537_28.png,test,ᮔ,537,28,9,30
test/test_0537_29.png,test,ᮔ,537,29,9,30
test/test_0545_00.png,test,ᮎᮩ,545,0,0,24
test/test_0545_01.png,test,ᮊ᮪,545,1,0,24
test/test_0545_02.png,test,ᮕ,545,2,1,24
test/test_0545_03.png,test,ᮚ,545,3,2,24
test/test_0545_04.png,test,ᮔ,545,4,2,24
test/test_0545_05.png,test,ᮃ,545,5,3,24
test/test_0545_06.png,test,ᮔᮥ,545,6,3,24
test/test_0545_07.png,test,ᮏᮥ,545,7,4,24
test/test_0545_08.png,test,ᮃ,545,8,4,24
test/test_0545_09.png,test,ᮛ,545,9,4,24
test/test_0545_10.png,test,ᮓᮤ,545,10,5,24
test/test_0545_11.png,test,ᮒᮤᮀ,545,11,6,24
test/test_0545_12.png,test,ᮊ,545,12,6,24
test/test_0545_13.png,test,ᮒ᮪,545,13,6,24
test/test_0545_14.png,test,ᮊ,545,14,7,24
test/test_0545_15.png,test,ᮘᮥ,545,15,7,24
test/test_0545_16.png,test,ᮕ,545,16,7,24
test/test_0545_17.png,test,ᮒᮦ,545,17,7,24
test/test_0545_18.png,test,ᮔ᮪,545,18,7,24
test/test_0545_19.png,test,ᮈᮀ,545,19,8,24
test/test_0545_20.png,test,ᮊᮦ,545,20,8,24
test/test_0545_21.png,test,ᮘ,545,21,9,24
test/test_0545_22.png,test,ᮊ,545,22,9,24
test/test_0545_23.png,test,ᮜ᮪,545,23,9,24
test/test_0552_00.png,test,ᮘ,552,0,0,25
test/test_0552_01.png,test,ᮞ,552,1,0,25
test/test_0552_02.png,test,ᮔᮤ,552,2,1,25
test/test_0552_03.png,test,ᮃ,552,3,1,25
test/test_0552_04.png,test,ᮃ,552,4,2,25
test/test_0552_05.png,test,ᮞᮥ,552,5,2,25
test/test_0552_06.png,test,ᮕ᮪,552,6,2,25
test/test_0552_07.png,test,ᮊ,552,7,3,25
test/test_0552_08.png,test,ᮛᮧ,552,8,4,25
test/test_0552_09.png,test,ᮠ,552,9,4,25
test/test_0552_10.png,test,ᮍ,552,10,4,25
test/test_0552_11.png,test,ᮔ᮪,552,11,4,25
test/test_0552_12.png,test,ᮠᮥ,552,12,5,25
test/test_0552_13.png,test,ᮞᮥ,552,13,5,25
test/test_0552_14.png,test,ᮞ᮪,552,14,5,25
test/test_0552_15.png,test,ᮒᮦ,552,15,6,25
test/test_0552_16.png,test,ᮃ,552,16,6,25
test/test_0552_17.png,test,ᮕ,552,17,7,25
test/test_0552_18.png,test,ᮒ,552,18,7,25
test/test_0552_19.png,test,ᮔ᮪,552,19,7,25
test/test_0552_20.png,test,ᮓᮀ,552,20,7,25
test/test_0552_21.png,test,ᮞᮦ,552,21,8,25
test/test_0552_22.png,test,ᮏᮦ,552,22,8,25
test/test_0552_23.png,test,ᮔ᮪,552,23,8,25
test/test_0552_24.png,test,ᮔ,552,24,8,25
test/test_0571_00.png,test,ᮞᮦ,571,0,0,28
test/test_0571_01.png,test,ᮏᮦ,571,1,0,28
test/test_0571_02.png,test,ᮔ᮪,571,2,0,28
test/test_0571_03.png,test,ᮔ,571,3,0,28
test/test_0571_04.png,test,ᮃ,571,4,1,28
test/test_0571_05.png,test,ᮔ᮪,571,5,1,28
test/test_0571_06.png,test,ᮒᮥ,571,6,1,28
test/test_0571_07.png,test,ᮊ᮪,571,7,1,28
test/test_0571_08.png,test,ᮔ,571,8,1,28
test/test_0571_09.png,test,ᮓᮤ,571,9,2,28
test/test_0571_10.png,test,ᮔ,571,10,2,28
test/test_0571_11.png,test,ᮏᮧ,571,11,3,28
test/test_0571_12.png,test,ᮊ᮪,571,12,3,28
test/test_0571_13.png,test,ᮒᮥ,571,13,4,28
test/test_0571_14.png,test,ᮊᮀ,571,14,4,28
test/test_0571_15.png,test,ᮒᮦᮂ,571,15,5,28
test/test_0571_16.png,test,ᮅ,571,16,6,28
test/test_0571_17.png,test,ᮊᮥᮁ,571,17,6,28
test/test_0571_18.png,test,ᮍ,571,18,7,28
test/test_0571_19.png,test,ᮙᮥ,571,19,7,28
test/test_0571_20.png,test,ᮃ,571,20,7,28
test/test_0571_21.png,test,ᮒ᮪,571,21,7,28
test/test_0571_22.png,test,ᮝᮤ,571,22,8,28
test/test_0571_23.png,test,ᮔ,571,23,8,28
test/test_0571_24.png,test,ᮏᮩᮀ,571,24,9,28
test/test_0571_25.png,test,ᮞ,571,25,10,28
test/test_0571_26.png,test,ᮜ᮪,571,26,10,28
test/test_0571_27.png,test,ᮙ,571,27,10,28
test/test_0606_00.png,test,ᮛ,606,0,0,1
test/test_0608_00.png,test,ᮝ,608,0,0,1
test/test_0611_00.png,test,ᮋ,611,0,0,1
test/test_0616_00.png,test,ᮊ,616,0,0,24
test/test_0616_01.png,test,ᮙ,616,1,0,24
test/test_0616_02.png,test,ᮜ,616,2,0,24
test/test_0616_03.png,test,ᮛ,616,3,0,24
test/test_0616_04.png,test,ᮒ,616,4,0,24
test/test_0616_05.png,test,ᮔ᮪,616,5,0,24
test/test_0616_06.png,test,ᮙᮂ,616,6,1,24
test/test_0616_07.png,test,ᮙᮧ,616,7,2,24
test/test_0616_08.png,test,ᮃ,616,8,2,24
test/test_0616_09.png,test,ᮜ᮪,616,9,2,24
test/test_0616_10.png,test,ᮘᮩ,616,10,3,24
test/test_0616_11.png,test,ᮔᮀ,616,11,3,24
test/test_0616_12.png,test,ᮓᮤ,616,12,4,24
test/test_0616_13.png,test,ᮞᮤ,616,13,4,24
test/test_0616_14.png,test,ᮙ᮪,616,14,4,24
test/test_0616_15.png,test,ᮕᮥ,616,15,4,24
test/test_0616_16.png,test,ᮒ᮪,616,16,4,24
test/test_0616_17.png,test,ᮞᮤ,616,17,5,24
test/test_0616_18.png,test,ᮙ᮪,616,18,5,24
test/test_0616_19.png,test,ᮕᮥ,616,19,5,24
test/test_0616_20.png,test,ᮒ᮪,616,20,5,24
test/test_0616_21.png,test,ᮒᮩ,616,21,6,24
test/test_0616_22.png,test,ᮎ,616,22,7,24
test/test_0616_23.png,test,ᮛ,616,23,7,24
test/test_0623_00.png,test,ᮃ,623,0,0,22
test/test_0623_01.png,test,ᮄᮀ,623,1,0,22
test/test_0623_02.png,test,ᮃ,623,2,1,22
test/test_0623_03.png,test,ᮚ,623,3,1,22
test/test_0623_04.png,test,ᮊ,623,4,2,22
test/test_0623_05.png,test,ᮘᮧ,623,5,2,22
test/test_0623_06.png,test,ᮌ,623,6,2,22
test/test_0623_07.png,test,ᮃ,623,7,3,22
test/test_0623_08.png,test,ᮔ,623,8,3,22
test/test_0623_09.png,test,ᮊ᮪,623,9,3,22
test/test_0623_10.png,test,ᮃ,623,10,4,22
test/test_0623_11.png,test,ᮄᮀ,623,11,4,22
test/test_0623_12.png,test,ᮒᮦᮂ,623,12,5,22
test/test_0623_13.png,test,ᮙᮩ,623,13,6,22
test/test_0623_14.png,test,ᮛᮩ,623,14,6,22
test/test_0623_15.png,test,ᮔ᮪,623,15,6,22
test/test_0623_16.png,test,ᮙᮧ,623,16,7,22
test/test_0623_17.png,test,ᮃ,623,17,7,22
test/test_0623_18.png,test,ᮜ᮪,623,18,7,22
test/test_0623_19.png,test,ᮓᮤ,623,19,8,22
test/test_0623_20.png,test,ᮠᮤ,623,20,8,22
test/test_0623_21.png,test,ᮔ,623,21,8,22
test/test_0629_00.png,test,ᮍ,629,0,0,24
test/test_0629_01.png,test,ᮑᮨ,629,1,0,24
test/test_0629_02.png,test,ᮑᮨ,629,2,0,24
test/test_0629_03.png,test,ᮛᮤ,629,3,0,24
test/test_0629_04.png,test,ᮊᮥ,629,4,1,24
test/test_0629_05.png,test,ᮘ,629,5,2,24
test/test_0629_06.png,test,ᮘ,629,6,2,24
test/test_0629_07.png,test,ᮒᮥ,629,7,2,24
test/test_0629_08.png,test,ᮛ,629,8,2,24
test/test_0629_09.png,test,ᮔ,629,9,2,24
test/test_0629_10.png,test,ᮔ,629,10,2,24
test/test_0629_11.png,test,ᮒᮦ,629,11,3,24
test/test_0629_12.png,test,ᮃ,629,12,3,24
test/test_0629_13.png,test,ᮕ,629,13,4,24
test/test_0629_14.png,test,ᮞᮨ,629,14,4,24
test/test_0629_15.png,test,ᮙᮧ,629,15,4,24
test/test_0629_16.png,test,ᮔ᮪,629,16,4,24
test/test_0629_17.png,test,ᮔ,629,17,4,24
test/test_0629_18.png,test,ᮍ,629,18,5,24
test/test_0629_19.png,test,ᮓ,629,19,5,24
test/test_0629_20.png,test,ᮊ᮪,629,20,5,24
test/test_0629_21.png,test,ᮍ,629,21,6,24
test/test_0629_22.png,test,ᮓ,629,22,6,24
test/test_0629_23.png,test,ᮊ᮪,629,23,6,24
test/test_0631_00.png,test,ᮔᮥ,631,0,0,24
test/test_0631_01.png,test,ᮏ,631,1,1,24
test/test_0631_02.png,test,ᮓᮤ,631,2,1,24
test/test_0631_03.png,test,ᮕ,631,3,2,24
test/test_0631_04.png,test,ᮍᮣᮤ,631,4,2,24
test/test_0631_05.png,test,ᮕᮥᮁ,631,5,2,24
test/test_0631_06.png,test,ᮊ,631,6,3,24
test/test_0631_07.png,test,ᮔ,631,7,3,24
test/test_0631_08.png,test,ᮊ,631,8,4,24
test/test_0631_09.png,test,ᮜ,631,9,4,24
test/test_0631_10.png,test,ᮛ,631,10,4,24
test/test_0631_11.png,test,ᮃ,631,11,4,24
test/test_0631_12.png,test,ᮔ,631,12,4,24
test/test_0631_13.png,test,ᮔ,631,13,4,24
test/test_0631_14.png,test,ᮏᮩᮀ,631,14,5,24
test/test_0631_15.png,test,ᮊ,631,15,6,24
test/test_0631_16.png,test,ᮔ,631,16,6,24
test/test_0631_17.png,test,ᮊ,631,17,7,24
test/test_0631_18.png,test,ᮙ,631,18,7,24
test/test_0631_19.png,test,ᮞ,631,19,7,24
test/test_0631_20.png,test,ᮊ,631,20,7,24
test/test_0631_21.png,test,ᮒ,631,21,7,24
test/test_0631_22.png,test,ᮔ,631,22,7,24
test/test_0631_23.png,test,ᮔ,631,23,7,24
test/test_0636_00.png,test,ᮞ,636,0,0,25
test/test_0636_01.png,test,ᮘ,636,1,0,25
test/test_0636_02.png,test,ᮘ᮪,636,2,0,25
test/test_0636_03.png,test,ᮌᮩ,636,3,1,25
test/test_0636_04.png,test,ᮞ᮪,636,4,1,25
test/test_0636_05.png,test,ᮊ,636,5,2,25
test/test_0636_06.png,test,ᮎᮤ,636,6,2,25
test/test_0636_07.png,test,ᮓ,636,7,2,25
test/test_0636_08.png,test,ᮜ,636,8,3,25
test/test_0636_09.png,test,ᮕᮁ,636,9,3,25
test/test_0636_10.png,test,ᮔ,636,10,3,25
test/test_0636_11.png,test,ᮃ,636,11,4,25
test/test_0636_12.png,test,ᮛᮤ,636,12,4,25
test/test_0636_13.png,test,ᮓᮩ,636,13,5,25
test/test_0636_14.png,test,ᮍᮩ,636,14,5,25
test/test_0636_15.png,test,ᮔ᮪,636,15,5,25
test/test_0636_16.png,test,ᮞ,636,16,6,25
test/test_0636_17.png,test,ᮍᮥ,636,17,6,25
test/test_0636_18.png,test,ᮔ,636,18,6,25
test/test_0636_19.png,test,ᮅ,636,19,7,25
test/test_0636_20.png,test,ᮚᮂ,636,20,7,25
test/test_0636_21.png,test,ᮜᮨ,636,21,8,25
test/test_0636_22.png,test,ᮙ᮪,636,22,8,25
test/test_0636_23.png,test,ᮘᮥ,636,23,8,25
test/test_0636_24.png,test,ᮒ᮪,636,24,8,25
test/test_0641_00.png,test,ᮇ,641,0,0,3
test/test_0641_01.png,test,ᮔᮧ,641,1,0,3
test/test_0641_02.png,test,ᮔ᮪,641,2,0,3
test/test_0655_00.png,test,ᮘ,655,0,0,21
test/test_0655_01.png,test,ᮆ,655,1,0,21
test/test_0655_02.png,test,ᮘ,655,2,1,21
test/test_0655_03.png,test,ᮛᮀ,655,3,1,21
test/test_0655_04.png,test,ᮘᮩ,655,4,1,21
test/test_0655_05.png,test,ᮜᮤ,655,5,1,21
test/test_0655_06.png,test,ᮊ,655,6,2,21
test/test_0655_07.png,test,ᮙ,655,7,3,21
test/test_0655_08.png,test,ᮔᮦ,655,8,3,21
test/test_0655_09.png,test,ᮠ,655,9,3,21
test/test_0655_10.png,test,ᮔ,655,10,3,21
test/test_0655_11.png,test,ᮔ,655,11,3,21
test/test_0655_12.png,test,ᮜ,655,12,4,21
test/test_0655_13.png,test,ᮔ᮪,655,13,4,21
test/test_0655_14.png,test,ᮒ,655,14,4,21
test/test_0655_15.png,test,ᮛ,655,15,4,21
test/test_0655_16.png,test,ᮔ᮪,655,16,4,21
test/test_0655_17.png,test,ᮍ,655,17,5,21
test/test_0655_18.png,test,ᮝ,655,18,5,21
test/test_0655_19.png,test,ᮛᮥᮀ,655,19,5,21
test/test_0655_20.png,test,ᮔ,655,20,5,21
test/test_0656_00.png,test,ᮃ,656,0,0,23
test/test_0656_01.png,test,ᮙ᮪,656,1,0,23
test/test_0656_02.png,test,ᮘᮥ,656,2,0,23
test/test_0656_03.png,test,ᮄ,656,3,1,23
test/test_0656_04.png,test,ᮏᮨ,656,4,1,23
test/test_0656_05.png,test,ᮙ᮪,656,5,1,23
test/test_0656_06.png,test,ᮞ,656,6,2,23
test/test_0656_07.png,test,ᮊᮤ,656,7,2,23
test/test_0656_08.png,test,ᮒᮥ,656,8,2,23
test/test_0656_09.png,test,ᮎᮨ,656,9,3,23
test/test_0656_10.png,test,ᮎᮨ,656,10,3,23
test/test_0656_11.png,test,ᮜ᮪,656,11,3,23
test/test_0656_12.png,test,ᮔ,656,12,3,23
test/test_0656_13.png,test,ᮏᮨ,656,13,4,23
test/test_0656_14.png,test,ᮜᮨ,656,14,4,23
test/test_0656_15.png,test,ᮙ,656,15,4,23
test/test_0656_16.png,test,ᮒᮦᮂ,656,16,5,23
test/test_0656_17.png,test,ᮒᮩ,656,17,6,23
test/test_0656_18.png,test,ᮘᮥ,656,18,7,23
test/test_0656_19.png,test,ᮛᮥᮀ,656,19,7,23
test/test_0656_20.png,test,ᮛ,656,20,8,23
test/test_0656_21.png,test,ᮘᮥ,656,21,8,23
test/test_0656_22.png,test,ᮜ᮪,656,22,8,23
test/test_0657_00.png,test,ᮞ,657,0,0,25
test/test_0657_01.png,test,ᮜᮤ,657,1,0,25
test/test_0657_02.png,test,ᮜ,657,2,0,25
test/test_0657_03.png,test,ᮔ,657,3,0,25
test/test_0657_04.png,test,ᮍ,657,4,1,25
test/test_0657_05.png,test,ᮔ᮪,657,5,1,25
test/test_0657_06.png,test,ᮒᮤ,657,6,2,25
test/test_0657_07.png,test,ᮔ,657,7,2,25
test/test_0657_08.png,test,ᮕᮨᮁ,657,8,3,25
test/test_0657_09.png,test,ᮊ,657,9,3,25
test/test_0657_10.png,test,ᮛ,657,10,3,25
test/test_0657_11.png,test,ᮊ,657,11,4,25
test/test_0657_12.png,test,ᮌ,657,12,4,25
test/test_0657_13.png,test,ᮔ᮪,657,13,4,25
test/test_0657_14.png,test,ᮒᮥ,657,14,4,25
test/test_0657_15.png,test,ᮍ,657,15,4,25
test/test_0657_16.png,test,ᮔ᮪,657,16,4,25
test/test_0657_17.png,test,ᮘ,657,17,5,25
test/test_0657_18.png,test,ᮆ,657,18,5,25
test/test_0657_19.png,test,ᮒ,657,19,6,25
test/test_0657_20.png,test,ᮕᮤ,657,20,6,25
test/test_0657_21.png,test,ᮞ,657,21,7,25
test/test_0657_22.png,test,ᮔ,657,22,7,25
test/test_0657_23.png,test,ᮏ,657,23,7,25
test/test_0657_24.png,test,ᮔ᮪,657,24,7,25
test/test_0680_00.png,test,ᮒᮩ,680,0,0,13
test/test_0680_01.png,test,ᮊ,680,1,1,13
test/test_0680_02.png,test,ᮠᮁ,680,2,1,13
test/test_0680_03.png,test,ᮒᮤ,680,3,1,13
test/test_0680_04.png,test,ᮕᮥ,680,4,2,13
test/test_0680_05.png,test,ᮌᮥᮂ,680,5,2,13
test/test_0680_06.png,test,ᮔ,680,6,3,13
test/test_0680_07.png,test,ᮠ,680,7,3,13
test/test_0680_08.png,test,ᮃ,680,8,4,13
test/test_0680_09.png,test,ᮘᮥ,680,9,4,13
test/test_0680_10.png,test,ᮒᮦᮂ,680,10,5,13
test/test_0680_11.png,test,ᮘᮨ,680,11,6,13
test/test_0680_12.png,test,ᮒ᮪,680,12,6,13
test/test_0683_00.png,test,ᮔᮨ,683,0,0,16
test/test_0683_01.png,test,ᮒᮨ,683,1,0,16
test/test_0683_02.png,test,ᮕ,683,2,0,16
test/test_0683_03.png,test,ᮔ᮪,683,3,0,16
test/test_0683_04.png,test,ᮔ,683,4,0,16
test/test_0683_05.png,test,ᮎ,683,5,1,16
test/test_0683_06.png,test,ᮜᮤ,683,6,1,16
test/test_0683_07.png,test,ᮊ᮪,683,7,1,16
test/test_0683_08.png,test,ᮙ,683,8,2,16
test/test_0683_09.png,test,ᮔᮤ,683,9,2,16
test/test_0683_10.png,test,ᮘᮨᮀ,683,10,3,16
test/test_0683_11.png,test,ᮊᮥᮀ,683,11,3,16
test/test_0683_12.png,test,ᮘᮨᮀ,683,12,4,16
test/test_0683_13.png,test,ᮊᮥᮀ,683,13,4,16
test/test_0683_14.png,test,ᮝ,683,14,5,16
test/test_0683_15.png,test,ᮆ,683,15,5,16
test/test_0687_00.png,test,ᮓᮤ,687,0,0,17
test/test_0687_01.png,test,ᮎ,687,1,0,17
test/test_0687_02.png,test,ᮜᮤ,687,2,0,17
test/test_0687_03.png,test,ᮊ,687,3,0,17
test/test_0687_04.png,test,ᮔ᮪,687,4,0,17
test/test_0687_05.png,test,ᮊᮥ,687,5,1,17
test/test_0687_06.png,test,ᮃ,687,6,2,17
test/test_0687_07.png,test,ᮘᮥ,687,7,2,17
test/test_0687_08.png,test,ᮌ,687,8,3,17
test/test_0687_09.png,test,ᮕ᮪,687,9,3,17
test/test_0687_10.png,test,ᮊ,687,10,4,17
test/test_0687_11.png,test,ᮔ,687,11,4,17
test/test_0687_12.png,test,ᮒᮦᮁ,687,12,5,17
test/test_0687_13.png,test,ᮙᮧ,687,13,5,17
test/test_0687_14.png,test,ᮞ᮪,687,14,5,17
test/test_0687_15.png,test,ᮎ,687,15,6,17
test/test_0687_16.png,test,ᮄ,687,16,6,17
test/test_0698_00.png,test,ᮑᮧ,698,0,0,16
test/test_0698_01.png,test,ᮛᮧ,698,1,0,16
test/test_0698_02.png,test,ᮓ᮪,698,2,0,16
test/test_0698_03.png,test,ᮎᮧ,698,3,0,16
test/test_0698_04.png,test,ᮓ᮪,698,4,0,16
test/test_0698_05.png,test,ᮘᮢᮨ,698,5,1,16
test/test_0698_06.png,test,ᮊ᮪,698,6,1,16
test/test_0698_07.png,test,ᮝᮦ,698,7,2,16
test/test_0698_08.png,test,ᮓᮤ,698,8,3,16
test/test_0698_09.png,test,ᮅ,698,9,3,16
test/test_0698_10.png,test,ᮊ᮪,698,10,3,16
test/test_0698_11.png,test,ᮓᮤ,698,11,4,16
test/test_0698_12.png,test,ᮔ,698,12,4,16
test/test_0698_13.png,test,ᮒᮦ,698,13,5,16
test/test_0698_14.png,test,ᮠᮨ,698,14,5,16
test/test_0698_15.png,test,ᮜ᮪,698,15,5,16
test/test_0705_00.png,test,ᮛᮦ,705,0,0,16
test/test_0705_01.png,test,ᮛᮦ,705,1,0,16
test/test_0705_02.png,test,ᮔ᮪,705,2,0,16
test/test_0705_03.png,test,ᮏ,705,3,0,16
test/test_0705_04.png,test,ᮌ,705,4,0,16
test/test_0705_05.png,test,ᮔ᮪,705,5,0,16
test/test_0705_06.png,test,ᮊᮦ,705,6,1,16
test/test_0705_07.png,test,ᮔᮦᮂ,705,7,1,16
test/test_0705_08.png,test,ᮒᮩ,705,8,2,16
test/test_0705_09.png,test,ᮑᮀ,705,9,3,16
test/test_0705_10.png,test,ᮊ,705,10,3,16
test/test_0705_11.png,test,ᮘ,705,11,4,16
test/test_0705_12.png,test,ᮊ,705,12,4,16
test/test_0705_13.png,test,ᮜ᮪,705,13,4,16
test/test_0705_14.png,test,ᮃ,705,14,5,16
test/test_0705_15.png,test,ᮚ,705,15,5,16
test/test_0706_00.png,test,ᮎᮤ,706,0,0,18
test/test_0706_01.png,test,ᮔ᮪,706,1,0,18
test/test_0706_02.png,test,ᮓᮨ,706,2,0,18
test/test_0706_03.png,test,ᮊᮥ,706,3,0,18
test/test_0706_04.png,test,ᮜ᮪,706,4,0,18
test/test_0706_05.png,test,ᮔᮀ,706,5,1,18
test/test_0706_06.png,test,ᮊᮩ,706,6,1,18
test/test_0706_07.png,test,ᮕ᮪,706,7,1,18
test/test_0706_08.png,test,ᮒᮥ,706,8,2,18
test/test_0706_09.png,test,ᮅᮁ,706,9,2,18
test/test_0706_10.png,test,ᮓᮤ,706,10,3,18
test/test_0706_11.png,test,ᮞᮤ,706,11,4,18
test/test_0706_12.png,test,ᮞᮤ,706,12,4,18
test/test_0706_13.png,test,ᮛ,706,13,5,18
test/test_0706_14.png,test,ᮔ᮪,706,14,5,18
test/test_0706_15.png,test,ᮏᮀ,706,15,5,18
test/test_0706_16.png,test,ᮠ,706,16,6,18
test/test_0706_17.png,test,ᮒᮦ,706,17,6,18
test/test_0713_00.png,test,ᮜ,713,0,0,9
test/test_0713_01.png,test,ᮙᮧ,713,1,0,9
test/test_0713_02.png,test,ᮊᮧ,713,2,0,9
test/test_0713_03.png,test,ᮒ᮪,713,3,0,9
test/test_0713_04.png,test,ᮕᮥ,713,4,1,9
test/test_0713_05.png,test,ᮃ,713,5,1,9
test/test_0713_06.png,test,ᮞ᮪,713,6,1,9
test/test_0713_07.png,test,ᮞᮤ,713,7,2,9
test/test_0713_08.png,test,ᮃᮂ,713,8,2,9
test/test_0730_00.png,test,ᮙᮂ,730,0,0,17
test/test_0730_01.png,test,ᮒᮥ,730,1,1,17
test/test_0730_02.png,test,ᮔ᮪,730,2,1,17
test/test_0730_03.png,test,ᮓᮥᮂ,730,3,1,17
test/test_0730_04.png,test,ᮕ,730,4,2,17
test/test_0730_05.png,test,ᮙᮤ,730,5,2,17
test/test_0730_06.png,test,ᮘ,730,6,3,17
test/test_0730_07.png,test,ᮕ,730,7,3,17
test/test_0730_08.png,test,ᮞᮥ,730,8,4,17
test/test_0730_09.png,test,ᮙ᮪,730,9,4,17
test/test_0730_10.png,test,ᮕᮤᮀ,730,10,4,17
test/test_0730_11.png,test,ᮄ,730,11,5,17
test/test_0730_12.png,test,ᮜ,730,12,5,17
test/test_0730_13.png,test,ᮌᮥ,730,13,6,17
test/test_0730_14.png,test,ᮌᮂ,730,14,6,17
test/test_0730_15.png,test,ᮊᮩ,730,15,6,17
test/test_0730_16.png,test,ᮔ᮪,730,16,6,17
test/test_0733_00.png,test,ᮅ,733,0,0,16
test/test_0733_01.png,test,ᮛᮀ,733,1,0,16
test/test_0733_02.png,test,ᮛᮦ,733,2,1,16
test/test_0733_03.png,test,ᮊ᮪,733,3,1,16
test/test_0733_04.png,test,ᮓ,733,4,2,16
test/test_0733_05.png,test,ᮕ᮪,733,5,2,16
test/test_0733_06.png,test,ᮒᮁ,733,6,2,16
test/test_0733_07.png,test,ᮊᮥ,733,7,3,16
test/test_0733_08.png,test,ᮜᮤ,733,8,3,16
test/test_0733_09.png,test,ᮃᮂ,733,9,3,16
test/test_0733_10.png,test,ᮅ,733,10,4,16
test/test_0733_11.png,test,ᮛᮀ,733,11,4,16
test/test_0733_12.png,test,ᮠ,733,12,5,16
test/test_0733_13.png,test,ᮚᮀ,733,13,5,16
test/test_0733_14.png,test,ᮏ,733,14,6,16
test/test_0733_15.png,test,ᮓᮤ,733,15,6,16
test/test_0735_00.png,test,ᮞ,735,0,0,21
test/test_0735_01.png,test,ᮞ,735,1,0,21
test/test_0735_02.png,test,ᮓᮤ,735,2,0,21
test/test_0735_03.png,test,ᮃ,735,3,0,21
test/test_0735_04.png,test,ᮃ,735,4,0,21
test/test_0735_05.png,test,ᮔ᮪,735,5,0,21
test/test_0735_06.png,test,ᮑ,735,6,1,21
test/test_0735_07.png,test,ᮓᮤ,735,7,1,21
test/test_0735_08.png,test,ᮃ,735,8,1,21
test/test_0735_09.png,test,ᮊᮩ,735,9,1,21
test/test_0735_10.png,test,ᮔ᮪,735,10,1,21
test/test_0735_11.png,test,ᮘ,735,11,2,21
test/test_0735_12.png,test,ᮕ,735,12,2,21
test/test_0735_13.png,test,ᮏᮩᮀ,735,13,3,21
test/test_0735_14.png,test,ᮙ,735,14,4,21
test/test_0735_15.png,test,ᮔᮦᮂ,735,15,4,21
test/test_0735_16.png,test,ᮞ,735,16,5,21
test/test_0735_17.png,test,ᮊ,735,17,5,21
test/test_0735_18.png,test,ᮜᮤ,735,18,5,21
test/test_0735_19.png,test,ᮃ,735,19,5,21
test/test_0735_20.png,test,ᮔ᮪,735,20,5,21
test/test_0775_00.png,test,ᮒ,775,0,0,1
test/test_0777_00.png,test,ᮔ,777,0,0,1
test/test_0795_00.png,test,ᮅ,795,0,0,3
test/test_0795_01.png,test,ᮜ,795,1,0,3
test/test_0795_02.png,test,ᮙ᮪,795,2,0,3
test/test_0802_00.png,test,ᮏ,802,0,0,3
test/test_0802_01.png,test,ᮏ,802,1,0,3
test/test_0802_02.png,test,ᮊ,802,2,0,3
test/test_0813_00.png,test,ᮕ,813,0,0,14
test/test_0813_01.png,test,ᮓ,813,1,0,14
test/test_0813_02.png,test,ᮊ,813,2,1,14
test/test_0813_03.png,test,ᮞᮨᮀ,813,3,1,14
test/test_0813_04.png,test,ᮞᮢᮨ,813,4,1,14
test/test_0813_05.png,test,ᮙ᮪,813,5,1,14
test/test_0813_06.png,test,ᮘᮥ,813,6,2,14
test/test_0813_07.png,test,ᮓᮥ,813,7,2,14
test/test_0813_08.png,test,ᮘ,813,8,3,14
test/test_0813_09.png,test,ᮞᮥ,813,9,3,14
test/test_0813_10.png,test,ᮔᮨ,813,10,4,14
test/test_0813_11.png,test,ᮕᮤ,813,11,4,14
test/test_0813_12.png,test,ᮊ,813,12,5,14
test/test_0813_13.png,test,ᮒᮩ,813,13,6,14
