filename,source_file,label,n_symbols,latin_source,font
budak_teuneung_fonts/bt_0000_noto.png,budak_teuneung_samsoedi_1930.pdf,ᮏ ᮓᮤ <sp> ᮚ ᮒᮤ ᮙ᮪ <sp> ᮙ <sp> ᮔ ᮠ <sp> ᮃ ᮛᮤ <sp> ᮊ <sp> ᮊᮥ ᮛᮤᮀ <sp> ᮏᮨ ᮜᮨ ᮙ <sp> ᮒᮦᮂ <sp> ᮒ ᮛ <sp> ᮃ ᮚ <sp> ᮔᮥ <sp> ᮑᮨ ᮘᮥ ᮒ᮪ <sp> ᮅ ᮏᮀ <sp> ᮝᮁ ᮏᮤ <sp> ᮒᮤ <sp> ᮞ ᮄ ᮍᮨ ᮒ᮪ <sp> ᮊᮧ ᮜᮧ ᮒ᮪ <sp> ᮘᮥ ᮓ ᮊ᮪ <sp> ᮑ <sp> ᮛᮨ ᮘᮥ ᮒ᮪ ᮔ <sp> ᮒᮦᮂ <sp> ᮘᮨ ᮒ᮪ <sp> ᮞᮤ <sp> ᮝ ᮏᮤ ᮒ᮪ <sp> ᮇ ᮙᮧᮀ <sp> ᮞᮤ <sp> ᮝᮁ ᮏᮤ <sp> ᮊ <sp> ᮄ ᮔ᮪ <sp> ᮓᮥᮀ ᮔ,92,"JADI YATIM ma, naha ari ka kuring jelema téh tara aya nu nyebut Ujang Warji, ti sainget, kolot-budak nya- rebutna téh bet Si Wajit,"" omong Si Warji ka in- dungna.",noto
budak_teuneung_fonts/bt_0001_noto.png,budak_teuneung_samsoedi_1930.pdf,ᮄᮂ <sp> ᮃ ᮒᮥᮂ <sp> ᮊᮩ ᮔ᮪ <sp> ᮘ ᮆ <sp> ᮔᮥ <sp> ᮑᮨ ᮘᮥ ᮒ᮪ <sp> ᮊᮤ ᮒᮥ <sp> ᮊᮤ ᮒᮥ <sp> ᮘ ᮆ <sp> ᮙᮂ <sp> ᮓ <sp> ᮙᮧ ᮃ ᮜ᮪ <sp> ᮙ ᮒ ᮊ᮪ <sp> ᮘᮧ ᮠ ᮊ᮪ <sp> ᮏ ᮝ ᮘ᮪ <sp> ᮄ ᮔ᮪ ᮓᮥᮀ ᮔ,50,"""Ih atuh keun baé nu nyebut kitu-kitu baé mah, da moal matak bohak,"" jawab indungna.",noto
budak_teuneung_fonts/bt_0002_noto.png,budak_teuneung_samsoedi_1930.pdf,ᮌᮩ ᮛ ᮠᮩ ᮔ᮪ <sp> ᮌᮩ ᮔᮤᮀ <sp> ᮘ ᮒᮥᮁ <sp> ᮙᮂ <sp> ᮞᮧ ᮊ᮪ <sp> ᮍ ᮙ᮪ ᮘᮨ ᮊ᮪ <sp> ᮃ ᮛᮤ <sp> ᮓᮤ ᮞᮨ ᮘᮥ ᮒ᮪ <sp> ᮞᮤ <sp> ᮒᮦᮂ <sp> ᮊᮧ ᮙᮧ <sp> ᮃ ᮞᮦ ᮕ᮪ <sp> ᮇ ᮔᮧ ᮔ᮪ <sp> ᮙᮂ <sp> ᮊᮦ ᮔ <sp> ᮊᮦ ᮔ <sp> ᮕᮥ ᮒᮢ <sp> ᮜᮥ ᮛᮂ <sp> ᮔ ᮠ <sp> ᮊᮥ ᮙ ᮠ <sp> ᮊᮤ ᮒᮥ <sp> ᮎᮦ ᮊ᮪ <sp> ᮄ ᮔ᮪ ᮓᮥᮀ ᮔ,75,"""Geuraheun, geuning batur mah sok ngambek ari disebut Si téh, komo Asép Onon mah kéna-kéna putra Lurah."" ""Naha kumaha kitu?"" cék indungna.",noto
budak_teuneung_fonts/bt_0003_noto.png,budak_teuneung_samsoedi_1930.pdf,ᮊᮥ ᮛᮤᮀ <sp> ᮊ ᮙ ᮛᮤ <sp> ᮊ ᮞ ᮜ ᮠ ᮔ᮪ <sp> ᮑᮨ ᮘᮥ ᮒ᮪ <sp> ᮞᮤ <sp> ᮇ ᮔᮧ ᮔ᮪ <sp> ᮅ ᮏᮥ ᮌ᮪ <sp> ᮅ ᮏᮥ ᮌ᮪ <sp> ᮌ ᮙ᮪ ᮕᮣᮨᮀ <sp> ᮌ ᮙ᮪ ᮕᮣᮨᮀ <sp> ᮘ ᮆ <sp> ᮔ ᮙ᮪ ᮕᮤ ᮜᮤ ᮍ ᮔ᮪ <sp> ᮊ <sp> ᮊᮥ ᮛᮤᮀ,53,"""Kuring kamari kasalahan nyebut Si Onon, ujug-ujug gampleng-gampleng baé nampilingan ka kuring.",noto
budak_teuneung_fonts/bt_0004_noto.png,budak_teuneung_samsoedi_1930.pdf,ᮏᮧ ᮜ᮪ <sp> ᮓᮩ ᮄ <sp> ᮘ ᮒᮥᮁ <sp> ᮇ ᮔᮧ ᮔ᮪ <sp> ᮞᮤ <sp> ᮘᮨ ᮌᮥ <sp> ᮏᮩᮀ <sp> ᮞᮤ <sp> ᮅ ᮒᮥ ᮔ᮪ <sp> ᮃ ᮔ ᮊ᮪ <sp> ᮃ ᮙ᮪ ᮘᮥ <sp> ᮄ ᮏᮨ ᮙ᮪ <sp> ᮒᮥ ᮊᮀ <sp> ᮝ ᮛᮥᮀ <sp> ᮒᮦ ᮃ <sp> ᮅ ᮏᮥ ᮌ᮪ <sp> ᮅ ᮏᮥ ᮌ᮪ <sp> ᮕᮨ ᮜᮨ ᮒ ᮊ᮪ <sp> ᮕᮨ ᮜᮨ ᮒ ᮊ᮪ <sp> ᮘ ᮆ <sp> ᮔ ᮛᮦ ᮊᮦ ᮃ ᮔ᮪,73,"Jol deui batur Onon, Si Begu jeung Si Utun anak Ambu Ijem tukang warung téa, ujug-ujug peletak-peletak baé narékéan.",noto
budak_teuneung_fonts/bt_0005_noto.png,budak_teuneung_samsoedi_1930.pdf,ᮌᮩ ᮛ <sp> ᮄ ᮉ <sp> ᮒ ᮕ ᮊ᮪ ᮔ <sp> ᮌᮦ <sp> ᮃ ᮚ <sp> ᮊᮦ ᮔᮦᮂ <sp> ᮘ ᮛᮨ ᮔ᮪ ᮏᮥ ᮜ᮪ <sp> ᮊ ᮝ ᮞ᮪ <sp> ᮒ ᮕ ᮊ᮪ <sp> ᮓᮤ ᮞᮩ ᮛᮩ ᮓ᮪ <sp> ᮆ ᮍᮀ <sp> ᮇ ᮙᮧᮀ <sp> ᮞᮤ <sp> ᮝᮁ ᮏᮤ <sp> ᮘ ᮛᮤ <sp> ᮔᮦ ᮙ᮪ ᮘᮧᮀ ᮊᮩ ᮔ᮪ <sp> ᮞᮤ ᮛᮂ ᮔ <sp> ᮊ <sp> ᮄ ᮔ᮪ ᮓᮥᮀ ᮔ,68,"Geura ieu tapakna gé aya kénéh, barenjul kawas tapak diseureud éngang,"" omong Si Warji bari némbongkeun sirahna ka indungna.",noto
budak_teuneung_fonts/bt_0006_noto.png,budak_teuneung_samsoedi_1930.pdf,ᮠ᮪ <sp> ᮈ ᮙ <sp> ᮔ ᮠ <sp> ᮃ ᮛᮤ <sp> ᮊ <sp> ᮊᮥ ᮛᮤᮀ <sp> ᮙ ᮔ <sp> ᮜᮧ ᮘ <sp> ᮜᮧ ᮘ <sp> ᮒᮩ ᮄᮀ <sp> ᮔᮥ <sp> ᮍ ᮠᮤ ᮔ,33,"""Éh Ema, naha ari ka kuring mana loba-loba teuing nu ngahina?",noto
budak_teuneung_fonts/bt_0007_noto.png,budak_teuneung_samsoedi_1930.pdf,ᮜ ᮙᮥ ᮔ᮪ <sp> ᮊᮥ ᮛᮤᮀ <sp> ᮍ ᮓᮩ ᮊᮩ ᮒ ᮔ᮪ <sp> ᮘ ᮛᮥ ᮓ ᮊ᮪ <sp> ᮔᮥ <sp> ᮊᮩᮁ <sp> ᮃ ᮛᮥ ᮜᮤ ᮔ᮪ <sp> ᮒ ᮚ <sp> ᮞ ᮅ ᮛᮀ <sp> ᮅ ᮛᮀ <sp> ᮃ ᮎ ᮔ᮪ <sp> ᮃ ᮔᮥ <sp> ᮒᮩ <sp> ᮍᮧ ᮕᮦ ᮔ ᮔ᮪ <sp> ᮃ ᮚ <sp> ᮔᮥ <sp> ᮍ ᮝᮥ ᮛ ᮔ᮪ <sp> ᮊᮥ <sp> ᮒ ᮔᮩᮂ <sp> ᮍᮨ ᮘᮥ ᮜ᮪ <sp> ᮔᮥ <sp> ᮙ ᮜᮦ ᮓᮧ ᮌ᮪ <sp> ᮔᮥ <sp> ᮍ <sp> ᮓᮥ ᮕ ᮊ᮪ <sp> ᮌᮩ ᮞ᮪ <sp> ᮕᮥ ᮌᮥᮂ <sp> ᮃ ᮔᮥ <sp> ᮑ ᮛᮦ ᮊ ᮔ᮪ <sp> ᮙᮂ <sp> ᮔᮥ <sp> ᮑᮨ ᮘᮥ ᮒ᮪ <sp> ᮘᮥ ᮓ ᮊ᮪ <sp> ᮊᮥ ᮜᮩ ᮠᮩ <sp> ᮒᮦ ᮃ <sp> ᮘᮥ ᮓ ᮊ᮪ <sp> ᮘ ᮅ <sp> ᮒᮦ ᮃ <sp> ᮍ ᮓᮦ ᮍᮦ <sp> ᮃ ᮔ ᮊ᮪ ᮔ <sp> ᮍᮧ ᮙᮧᮀ <sp> ᮊᮤ ᮒᮥ <sp> ᮃ ᮖ᮪ ᮔ᮪ ᮘᮥ <sp> ᮝᮁ ᮏᮤ <sp> ᮍ <sp> ᮠᮥ ᮜᮨᮀ <sp> ᮘ ᮆ <sp> ᮒᮩ <sp> ᮜᮦ ᮙᮦ ᮊ᮪ <sp> ᮒᮩ <sp> ᮑ ᮛᮦ ᮊ᮪ <sp> ᮊ ᮝ ᮞ᮪ <sp> ᮃ ᮚ <sp> ᮔᮥ <sp> ᮓᮤ ᮕᮤ ᮊᮤ ᮛ ᮔ᮪ <sp> ᮃ ᮒ ᮝ <sp> ᮔᮦ ᮃ ᮍ ᮔ᮪ <sp> ᮕᮤ ᮇ ᮙᮧ ᮍᮩ ᮔ᮪,200,"Lamun kuring ngadeukeutan barudak nu keur arulin, taya saurang-urang acan anu teu ngopénan, aya nu ngawuran ku taneuh ngebul, nu malédog, nu nga- dupak, geus puguh anu nyarékan mah, nu nyebut budak kuleuheu téa, budak bau téa Ngadéngé anakna ngomong kitu, Afnbu Warji nga- huleng baé, teu lémék teu nyarék, kawas aya nu dipikiran atawa néangan piomongeun.",noto
budak_teuneung_fonts/bt_0008_noto.png,budak_teuneung_samsoedi_1930.pdf,ᮞᮤ <sp> ᮝᮁ ᮏᮤ <sp> ᮕᮧ ᮊ᮪ <sp> ᮔ ᮑ <sp> ᮓᮩ ᮄ <sp> ᮊ <sp> ᮄ ᮔ᮪ ᮓᮥᮀ ᮔ <sp> ᮈ ᮙ <sp> ᮔ ᮠ <sp> ᮃ ᮛᮤ <sp> ᮊᮥ ᮛᮤᮀ <sp> ᮒᮩ <sp> ᮙᮩ ᮔᮀ <sp> ᮌᮨ ᮜᮥ ᮒ᮪,41,"Si Warji pok nanya deui ka indungna, ""Ema, naha ari kuring teu meunang gelut?",noto
budak_teuneung_fonts/bt_0009_noto.png,budak_teuneung_samsoedi_1930.pdf,ᮌᮩ ᮔᮤᮀ <sp> ᮘ ᮛᮥ ᮓ ᮊ᮪ <sp> ᮞᮦ ᮏᮦ ᮔ᮪ <sp> ᮙᮂ <sp> ᮃ ᮛᮤ <sp> ᮃ ᮚ <sp> ᮊ ᮊᮩ ᮠᮩ ᮜ᮪ <sp> ᮊ <sp> ᮘ ᮒᮥᮁ ᮔ <sp> ᮒᮦᮂ <sp> ᮞᮧ ᮊ᮪ <sp> ᮌᮨᮁ <sp> ᮘ ᮆ <sp> ᮌ ᮛᮨ ᮜᮥ ᮒ᮪ <sp> ᮔᮨ ᮕᮤ <sp> ᮊ <sp> ᮃ ᮚ <sp> ᮞ ᮜ ᮞ ᮅ ᮛᮀ <sp> ᮃ ᮔᮥ <sp> ᮆ ᮜᮦᮂ,65,"Geuning barudak séjén mah ari aya kakeuheul ka baturna téh, sok ger baé garelut, nepi ka aya salasaurang anu éléh.",noto
budak_teuneung_fonts/bt_0010_noto.png,budak_teuneung_samsoedi_1930.pdf,ᮘᮥ ᮓ ᮊ᮪ <sp> ᮔᮥ <sp> ᮙᮩ ᮔᮀ <sp> ᮌᮨ ᮜᮥ ᮒ᮪ ᮔ <sp> ᮕᮧ ᮠ ᮛ <sp> ᮞᮨ ᮔ ᮍᮩ ᮔ ᮔ <sp> ᮊᮥ <sp> ᮘ ᮘ ᮒᮥ ᮛ ᮔ ᮔ <sp> ᮒ ᮛ <sp> ᮕ ᮒᮤ <sp> ᮓᮤ ᮠᮩ ᮛᮩ ᮚ ᮔ᮪ <sp> ᮒᮩ ᮄᮀ,47,"Budak nu meunang gelutna pohara senangeunana, ku babaturanana tara pati diheureuyan teuing.",noto
budak_teuneung_fonts/bt_0011_noto.png,budak_teuneung_samsoedi_1930.pdf,ᮊᮥ ᮙ ᮠ <sp> ᮃ ᮛᮤ <sp> ᮊ <sp> ᮊᮥ ᮛᮤᮀ,11,Kumaha ari ka kuring?,noto
budak_teuneung_fonts/bt_0012_noto.png,budak_teuneung_samsoedi_1930.pdf,ᮘᮩ <sp> ᮊ <sp> ᮊᮥ <sp> ᮛᮤᮀ <sp> ᮙᮂ <sp> ᮞᮥ ᮙ ᮝᮧ ᮔ᮪ ᮔ <sp> ᮘᮥ ᮓ ᮊ᮪ <sp> ᮞ ᮜᮥ ᮠᮥ ᮛᮩ ᮔ᮪ <sp> ᮞ ᮠ ᮔ᮪ ᮓ ᮕᮩ ᮔ᮪ <sp> ᮇ ᮌᮦ <sp> ᮊ ᮎᮤ ᮓ <sp> ᮍ ᮠᮤ ᮔ ᮔ <sp> ᮊ ᮎᮤ ᮓ <sp> ᮍᮥ ᮔ᮪ ᮒᮥ ᮕ᮪ ᮔ <sp> ᮓ <sp> ᮑ ᮛ ᮠᮧ ᮉ ᮔ᮪ <sp> ᮚᮦ ᮔ᮪ <sp> ᮊᮥ ᮛᮤᮀ <sp> ᮒ ᮛ <sp> ᮍ ᮜ ᮝ ᮔ᮪ <sp> ᮄᮂ <sp> ᮃ ᮔ ᮊᮤᮀ <sp> ᮎᮦ ᮊ᮪ <sp> ᮄ ᮔ᮪ ᮓᮥᮀ ᮔ <sp> ᮏᮨ ᮜᮨ ᮙ <sp> ᮙᮂ <sp> ᮒ ᮚ <sp> ᮘ ᮚ ᮔ <sp> ᮔᮥ <sp> ᮞ ᮘᮁ <sp> ᮎᮦ ᮊ᮪ <sp> ᮞᮤ <sp> ᮝᮁ ᮏᮤ <sp> ᮌᮩ ᮔᮤᮀ <sp> ᮊ ᮛ ᮞ ᮔ <sp> ᮊᮥ <sp> ᮊᮥ <sp> ᮙᮨ ᮔ᮪ ᮓᮤᮀ <sp> ᮛᮤᮀ <sp> ᮙᮂ <sp> ᮞ ᮘᮁ <sp> ᮒᮩ ᮄᮀ <sp> ᮒᮦᮂ <sp> ᮕᮧ ᮠ ᮛ <sp> ᮓᮤ ᮑᮨ ᮑᮨ ᮛᮤ ᮔ <sp> ᮏᮩᮀ <sp> ᮓᮤ <sp> ᮎ ᮎ ᮙ᮪ ᮕᮂ ᮔ <sp> ᮊᮥ <sp> ᮘ ᮒᮥᮁ <sp> ᮞᮤ ᮛᮤ ᮊ᮪ ᮔ <sp> ᮒᮩ <sp> ᮔᮤ ᮔ᮪ ᮎ ᮊ᮪ <sp> ᮠᮥ ᮜᮥ <sp> ᮘ ᮆ <sp> ᮘ ᮒᮥᮁ <sp> ᮒᮦᮂ <sp> ᮊᮩ ᮔ᮪ <sp> ᮘ ᮆ <sp> ᮓ <sp> ᮈᮀ ᮊᮦ <sp> ᮇ ᮌᮦ <sp> ᮙᮧ <sp> ᮘᮥ ᮛᮥᮀ <sp> ᮙᮩ ᮔᮀ <sp> ᮝ <sp> ᮝ ᮜᮨ ᮞ᮪ <sp> ᮎᮦ ᮊ᮪ <sp> ᮄ ᮔ᮪ ᮓᮥᮀ ᮔ,228,"Beu, ka ku- ring mah sumawonna budak saluhureun, sahandapeun ogé kacida ngahinana, kacida nguntupna, da nyarahoeun yén kuring tara ngalawan."" ""Ih anaking,"" cék indungna, ""jelema mah taya bayana nu sabar."" cék Si Warji, ""geuning karasana ku ku- ""Mending ring mah sabar teuing téh pohara dinyenyerina jeung di- cacampahna ku batur, sirikna teu nincak hulu baé batur téh."" ""Keun baé, da engké ogé mo burung meunang wa- wales,"" cék indungna.",noto
budak_teuneung_fonts/bt_0013_noto.png,budak_teuneung_samsoedi_1930.pdf,ᮄᮂ <sp> ᮔᮥ <sp> ᮙ ᮒ ᮊ᮪ <sp> ᮊ ᮙ ᮛᮤ <sp> ᮌᮦ <sp> ᮊᮥ ᮛᮤᮀ <sp> ᮕ ᮓ <sp> ᮑ ᮛᮦ ᮊ ᮔ᮪ <sp> ᮒᮦᮂ <sp> ᮉ ᮝᮩᮂ <sp> ᮞ ᮅ ᮛᮀ <sp> ᮅ ᮛᮀ <sp> ᮃ ᮎ ᮔ᮪ <sp> ᮔᮥ <sp> ᮙᮀ ᮜ ᮝ ᮔ᮪ ᮊᮩ ᮔ᮪ <sp> ᮞᮥ ᮙ <sp> ᮝᮧ ᮔ᮪ ᮔ <sp> ᮔᮥ <sp> ᮙᮀ ᮙ ᮜᮨ ᮞ᮪ ᮊᮩ ᮔ᮪,65,"""Ih nu matak ..., kamari gé kuring pada nyarékan téh euweuh saurang-urang acan nu manglawankeun, suma- wonna nu mangmaleskeun.",noto
budak_teuneung_fonts/bt_0014_noto.png,budak_teuneung_samsoedi_1930.pdf,ᮈᮀ ᮊᮦ <sp> ᮓᮩ ᮄ <sp> ᮙᮂ <sp> ᮙᮥ ᮔ᮪ <sp> ᮃ ᮚ <sp> ᮔᮥ <sp> ᮠ ᮛ ᮊ᮪ <sp> ᮊᮥ <sp> ᮊᮥ ᮛᮤᮀ <sp> ᮛᮦ ᮊ᮪ <sp> ᮓᮤ ᮜ ᮝ ᮔ᮪ <sp> ᮘ ᮆ <sp> ᮞ ᮊᮦ ᮓᮂ <sp> ᮕᮧ ᮜᮂ <sp> ᮑ <sp> ᮄ ᮞ᮪ <sp> ᮅ ᮜᮂ <sp> ᮊᮩ ᮔ᮪ <sp> ᮘ ᮆ <sp> ᮅ ᮜᮂ <sp> ᮊ ᮕ ᮜᮀ <sp> ᮞ ᮘᮁ <sp> ᮎᮦ ᮊ᮪ <sp> ᮄ ᮔ᮪ ᮓᮥᮀ ᮔ <sp> ᮘ ᮛᮤ <sp> ᮎᮥ ᮙ ᮜᮤ ᮙ᮪ ᮘ,83,"Engké deui mah mun aya nu harak, ku kuring rék dilawan baé sakédah polah, nya ""Is ulah, keun baé ulah kapalang sabar,"" cék indungna bari cumalimba.",noto
budak_teuneung_fonts/bt_0015_noto.png,budak_teuneung_samsoedi_1930.pdf,ᮜᮩ ᮝᮤᮂ <sp> ᮠ ᮓᮦ <sp> ᮙᮤ ᮞᮂ <sp> ᮘ ᮆ <sp> ᮅ ᮜᮤ ᮔ᮪ ᮔ <sp> ᮅ ᮜᮂ <sp> ᮎ ᮙ᮪ ᮕᮥᮁ <sp> ᮏᮩᮀ <sp> ᮘ ᮛᮥ ᮓ ᮊ᮪ <sp> ᮔᮥ <sp> ᮠ ᮛ ᮛ ᮊ᮪ <sp> ᮃᮂ <sp> ᮈ ᮑ <sp> ᮊᮦ ᮒᮂ <sp> ᮃᮀ ᮌᮥᮁ ᮞᮤ <sp> ᮛᮦ ᮊ᮪ <sp> ᮙᮤ ᮞᮂ <sp> ᮘ ᮆ <sp> ᮅ ᮜᮤ ᮔ᮪ ᮔ <sp> ᮙᮧ ᮃ ᮜ᮪ <sp> ᮍ ᮓᮩ ᮊᮩ ᮒ ᮔ᮪ <sp> ᮘ ᮒᮥᮁ <sp> ᮎᮦ ᮊ᮪ <sp> ᮞᮤ <sp> ᮝᮁ ᮏᮤ <sp> ᮘ ᮛᮤ <sp> ᮒᮥ ᮜᮥ ᮚ᮪ <sp> ᮊ ᮜᮥ ᮃᮁ <sp> ᮒᮤ <sp> ᮄ ᮙᮂ ᮔ <sp> ᮞᮁ ᮒ <sp> ᮙ ᮝ <sp> ᮌᮦ ᮌᮦ ᮛᮦ ᮜᮦ ᮍ ᮔ᮪ <sp> ᮊ ᮜᮦᮀ <sp> ᮘᮩ ᮔᮀ <sp> ᮑᮤ ᮉ ᮔ᮪ <sp> ᮙ ᮔᮦᮂ ᮔ <sp> ᮕᮢᮤ ᮘ ᮓᮤ,132,"""Leuwih hadé misah baé ulinna, ulah campur jeung barudak nu hararak."" ""Ah, enya kétah, anggursi rék misah baé ulinna, moal ngadeukeutan batur,"" cék Si Warji bari tuluy kaluar ti imahna, sarta mawa gégéréléngan kaléng beunang nyieun manéhna pribadi.",noto
budak_teuneung_fonts/bt_0016_noto.png,budak_teuneung_samsoedi_1930.pdf,ᮃ ᮛᮤ <sp> ᮞᮤ <sp> ᮝᮁ ᮏᮤ <sp> ᮒᮦᮂ <sp> ᮘᮥ ᮓ ᮊ᮪ <sp> ᮚ ᮒᮤ ᮙ᮪ <sp> ᮅ ᮙᮥᮁ ᮔ᮪ <sp> ᮱ ᮱ <sp> ᮒ ᮅ ᮔ᮪ <sp> ᮓᮤ ᮒᮤᮀ <sp> ᮌ ᮜ᮪ ᮊᮩ ᮔ ᮔ <sp> ᮙ ᮇ ᮒ᮪ <sp> ᮊᮥ <sp> ᮘ ᮕ ᮔ <sp> ᮊᮩᮁ <sp> ᮜᮩ ᮒᮤ ᮊ᮪ <sp> ᮊᮦ ᮔᮦᮂ <sp> ᮊᮤ ᮛ <sp> ᮊᮤ ᮛ <sp> ᮅ ᮙᮥᮁ <sp> ᮓᮥ ᮃ <sp> ᮒ ᮅ ᮔ᮪,72,"Ari Si Warji téh budak yatim, umurnå 11 taun, diting- galkeunana maot ku bapana keur leutik kénéh, kira-kira umur dua taun.",noto
budak_teuneung_fonts/bt_0017_noto.png,budak_teuneung_samsoedi_1930.pdf,ᮒᮤ <sp> ᮞ ᮙ ᮇ ᮒ᮪ ᮔ <sp> ᮘ ᮕ <sp> ᮝᮁ ᮏᮤ <sp> ᮃ ᮙ᮪ ᮘᮥ <sp> ᮝᮁ ᮏᮤ <sp> ᮊ ᮓᮥ ᮃ <sp> ᮃ ᮔ ᮊ᮪ ᮔ <sp> ᮕᮧ ᮠ ᮛ <sp> ᮔ ᮔ᮪ ᮓ ᮍ ᮔ᮪ <sp> ᮞᮀ ᮞ ᮛ ᮔ <sp> ᮒᮦᮂ <sp> ᮓ <sp> ᮈ ᮑ <sp> ᮇ ᮌᮦ <sp> ᮃ ᮚ <sp> ᮘ ᮔ᮪ <sp> ᮓ ᮔ <sp> ᮒᮤ ᮒᮤᮀ ᮌ ᮜ᮪ <sp> ᮕ <sp> ᮝᮁ ᮏᮤ <sp> ᮞ ᮉ ᮒᮤ ᮊ᮪ <sp> ᮉ ᮒᮤ ᮊᮩ ᮔ᮪ <sp> ᮃ ᮝ ᮠᮤᮀ <sp> ᮊᮥ <sp> ᮓᮤ ᮒᮥᮀ ᮒᮥ ᮒ᮪ <sp> ᮓᮤ ᮏᮥ ᮃ ᮜ ᮔ᮪ <sp> ᮓᮤ ᮕ ᮊᮦ <sp> ᮊ ᮕᮨᮁ ᮜᮥ ᮃ ᮔ᮪ <sp> ᮞ ᮕᮧ ᮕᮧ ᮆ <sp> ᮑ <sp> ᮜᮤ ᮜ <sp> ᮜᮤ ᮜ <sp> ᮙᮂ <sp> ᮘᮦ ᮃ ᮊ᮪ <sp> ᮍ ᮔ᮪ <sp> ᮊ ᮛᮤ <sp> ᮄ ᮙᮂ ᮔ <sp> ᮝᮥᮀ ᮊᮥ ᮜ᮪ <sp> ᮔᮥ ᮙ᮪ ᮕᮀ <sp> ᮓᮤ <sp> ᮕ ᮊ ᮛ ᮍ ᮔ᮪ <sp> ᮘ ᮒᮥᮁ <sp> ᮊᮤ ᮒᮥ <sp> ᮇ ᮌᮦ <sp> ᮑ <sp> ᮘᮥ ᮒᮥ ᮒ᮪ <sp> ᮑ <sp> ᮜᮩ ᮒᮤ ᮊ᮪ <sp> ᮎᮦ ᮊ᮪ <sp> ᮘ <sp> ᮘ ᮞ ᮔ᮪ <sp> ᮒᮦ ᮃ <sp> ᮙᮂ <sp> ᮍ ᮔ᮪ <sp> ᮅ ᮊᮥᮁ <sp> ᮞ ᮌᮨ ᮓᮦ <sp> ᮌᮧ ᮔ᮪ ᮓᮧ ᮊ᮪,205,"Ti samaotna Bapa Warji, Ambu Warji kadua anakna, pohara nandangan sangsarana téh, da enya ogé aya ban- dana titinggal Pa Warji saeutik-eutikeun, awahing ku ditungtut dijualan, dipaké kaperluan sapopoé, nya lila- lila mah béak, ngan kari imahna wungkul numpang di pakarangan batur, kitu ogé nya butut nya leutik, cék ba- basan téa mah ngan ukur sagedé gondok.",noto
budak_teuneung_fonts/bt_0018_noto.png,budak_teuneung_samsoedi_1930.pdf,ᮞᮥ ᮌ ᮔ᮪ <sp> ᮓᮤ <sp> ᮞ ᮓᮦ ᮞ <sp> ᮘ ᮘ ᮊ ᮔ᮪ <sp> ᮞᮤ ᮙ᮪ ᮕᮀ <sp> ᮙᮂ <sp> ᮍ ᮔ᮪ <sp> ᮃ ᮙ᮪ ᮘᮥ <sp> ᮝᮁ ᮏᮤ <sp> ᮞᮧ ᮛ ᮍ ᮔ᮪ <sp> ᮔᮥ <sp> ᮕᮀ ᮙᮤ ᮞ᮪ ᮊᮤ ᮔ᮪ <sp> ᮙᮤ ᮞ᮪ ᮊᮤ ᮔ᮪ ᮔ <sp> ᮒᮦᮂ,51,Sugan di sadésa Babakan Simpang mah ngan Ambu Warji sorangan nu pangmiskin-miskinna téh.,noto
budak_teuneung_fonts/bt_0019_noto.png,budak_teuneung_samsoedi_1930.pdf,ᮞᮀ ᮌᮩ ᮞ᮪ <sp> ᮃ ᮙ᮪ ᮘᮥ <sp> ᮝᮁ ᮏᮤ <sp> ᮒᮩ <sp> ᮘᮧ ᮌ ᮉ ᮔ᮪ <sp> ᮓᮩ ᮄ <sp> ᮘ ᮛᮀ <sp> ᮏᮥ ᮃ ᮜ᮪ <sp> ᮏᮥ ᮃ ᮜᮩ ᮔ᮪ <sp> ᮙ ᮔᮦᮂ ᮔ <sp> ᮊ ᮕ ᮊ᮪ ᮞ <sp> ᮅ ᮞ ᮠ <sp> ᮞᮧ ᮛ ᮍ ᮔ᮪ <sp> ᮘᮥ ᮘᮥ ᮛᮥᮂ <sp> ᮒ ᮔ᮪ ᮓᮥᮁ <sp> ᮍ ᮛ ᮙ᮪ ᮘᮦ ᮒ᮪ <sp> ᮓᮨ ᮛᮨ ᮕ᮪ <sp> ᮃ ᮒ ᮝ <sp> ᮘᮥ ᮘᮥ ᮛᮥᮂ <sp> ᮔᮥ ᮒᮥ <sp> ᮏᮩᮀ <sp> ᮊᮥ ᮜ <sp> ᮊᮥ ᮜᮤ <sp> ᮔᮥ <sp> ᮆ ᮔ᮪ ᮒᮦᮀ <sp> ᮍ ᮛᮂ <sp> ᮘᮥ ᮛᮥ ᮠ ᮔ᮪ ᮞ ᮓᮥ ᮄ ᮒ᮪ <sp> ᮞ ᮕᮦ ᮞᮦᮁ,109,"Sanggeus Ambu Warji teu bogaeun deui barang jual- jualeun, manéhna kapaksa usaha sorangan, buburuh tandur, ngarambét, derep atawa buburuh nutu jeung kula-kuli nu énténg ngarah buruhansaduit sapésér.",noto
budak_teuneung_fonts/bt_0020_noto.png,budak_teuneung_samsoedi_1930.pdf,ᮃ ᮚᮩ ᮔ <sp> ᮃ ᮙ᮪ ᮘᮥ <sp> ᮝᮁ ᮏᮤ <sp> ᮌᮩ ᮞ᮪ <sp> ᮞ ᮘ ᮘ ᮛ ᮠ <sp> ᮕᮧ ᮆ <sp> ᮒᮩ <sp> ᮘ ᮜᮀ <sp> ᮞᮤ ᮃᮁ <sp> ᮞ ᮘ ᮘ᮪ <sp> ᮊ ᮒ ᮛ ᮏᮀ <sp> ᮌᮨ ᮛᮤᮀ <sp> ᮕ ᮑ ᮊᮤ ᮒ᮪ ᮔ <sp> ᮘ ᮒᮥ ᮊ᮪ <sp> ᮏᮩᮀ <sp> ᮉ ᮍ ᮕ᮪,58,"Ayeuna Ambu Warji geus sababaraha poé teu balang- siar sabab katarajang gering, panyakitna batuk jeung eungap.",noto
budak_teuneung_fonts/bt_0021_noto.png,budak_teuneung_samsoedi_1930.pdf,ᮈ ᮑ <sp> ᮒᮩ <sp> ᮕ ᮒᮤ <sp> ᮕᮁ ᮔ <sp> ᮒᮦ ᮃ <sp> ᮙᮂ <sp> ᮒ ᮕᮤ <sp> ᮙ ᮒ ᮊ᮪ <sp> ᮘᮥ ᮔ᮪ ᮒᮥ <sp> ᮜ ᮊᮥ,29,"Enya teu pati parna téa mah, tapi matak buntu laku.",noto
budak_teuneung_fonts/bt_0022_noto.png,budak_teuneung_samsoedi_1930.pdf,ᮞ ᮔ ᮏ ᮔ᮪ <sp> ᮃ ᮙ᮪ ᮘᮥ <sp> ᮝᮁ ᮏᮤ <sp> ᮊ ᮒ ᮛ ᮏᮀ <sp> ᮌᮨ ᮛᮤᮀ <sp> ᮒ ᮕᮤ <sp> ᮜ ᮙᮥ ᮔ᮪ <sp> ᮙ ᮔᮦᮂ ᮔ <sp> ᮔᮦ ᮔ᮪ ᮏᮧ <sp> ᮃ ᮔ ᮊ᮪ ᮔ <sp> ᮓ ᮒᮀ <sp> ᮒᮤ <sp> ᮕ ᮍᮥ ᮜᮤ ᮔ ᮔ᮪ <sp> ᮞᮧ ᮊ᮪ <sp> ᮍ ᮓ ᮊ᮪ <sp> ᮍ ᮓ ᮊ᮪ <sp> ᮏ ᮌ᮪ ᮏ ᮌ᮪ <sp> ᮏᮩᮀ <sp> ᮕ ᮞᮨ ᮙᮧ ᮔ᮪ ᮔ <sp> ᮎᮦᮀ ᮠᮁ <sp> ᮞ ᮘ ᮘ᮪ <sp> ᮍ ᮔ᮪ <sp> ᮃ ᮔ ᮊ᮪ ᮔ <sp> ᮝᮥᮀ ᮊᮥ ᮜ᮪ <sp> ᮔᮥ <sp> ᮏ ᮓᮤ <sp> ᮕᮀ ᮜᮤ ᮜᮤ ᮕᮥᮁ <sp> ᮊ ᮔ <sp> ᮊ ᮜ ᮛ ᮃ ᮔ ᮔ <sp> ᮏᮩᮀ <sp> ᮊ ᮔ <sp> ᮊ ᮙ ᮞ ᮊ ᮒ ᮔ ᮔ,126,"Sanajan Ambu Warji katarajang gering, tapi lamun manéhna nénjo anakna datang ti pangulinan, sok ngadak- ngadak jagjag jeung pasemonna cénghar, sabab ngan anakna wungkul nu jadi panglilipur kana kalaraanana jeung kana kamasakatanana.",noto
budak_teuneung_fonts/bt_0023_noto.png,budak_teuneung_samsoedi_1930.pdf,ᮝ ᮊ᮪ ᮒᮥ <sp> ᮙ ᮔᮦᮂ ᮔ <sp> ᮍ ᮓᮦ ᮍᮦ <sp> ᮎ ᮛᮤ ᮒ ᮃ ᮔ᮪ <sp> ᮃ ᮔ ᮊ᮪ ᮔ <sp> ᮚᮦ ᮔ᮪ <sp> ᮕ ᮓ <sp> ᮍ ᮑᮨ ᮑᮨ ᮛᮤ <sp> ᮊᮥ <sp> ᮘ ᮘ ᮒᮥ ᮛ ᮔ ᮔ <sp> ᮒᮦ ᮃ <sp> ᮕ ᮞᮨ ᮙᮧ ᮔ᮪ ᮔ <sp> ᮍ ᮓ ᮊ᮪ <sp> ᮍ ᮓ ᮊ᮪ <sp> ᮃ ᮜᮥ ᮙ᮪ <sp> ᮔ ᮜᮀ ᮞ <sp> ᮒ ᮚ <sp> ᮘ ᮔ᮪ ᮓᮤᮀ ᮔ,75,"Waktu manéhna ngadéngé caritaan anakna yén pada nganyenyeri ku babaturanana téa, pasemonna ngadak- ngadak alum, nalangsa taya bandingna.",noto
budak_teuneung_fonts/bt_0024_noto.png,budak_teuneung_samsoedi_1930.pdf,ᮎᮦ ᮊ᮪ <sp> ᮓᮤ ᮔ <sp> ᮕᮤ ᮊᮤᮁ ᮔ <sp> ᮈᮂ <sp> ᮊᮥ ᮒ ᮔ᮪ <sp> ᮊᮤ ᮉ <sp> ᮛ ᮞ ᮔ <sp> ᮃ ᮛᮤ <sp> ᮔᮥ <sp> ᮙ ᮜ ᮛ ᮒ᮪ <sp> ᮌᮩ ᮞ᮪ <sp> ᮕᮥ ᮌᮥᮂ <sp> ᮊᮧ ᮜᮧ ᮒ᮪ <sp> ᮊᮧ ᮜᮧ ᮒ᮪ ᮔ <sp> ᮊ <sp> ᮃ ᮄᮀ <sp> ᮒ ᮚ <sp> ᮔᮥ <sp> ᮙ ᮜᮤ ᮛᮦ <sp> ᮊ <sp> ᮃ ᮔ ᮊ᮪ <sp> ᮃ ᮄᮀ <sp> ᮒ ᮛ <sp> ᮃ ᮚ <sp> ᮔᮥ <sp> ᮙᮤ ᮛᮧ ᮞᮦ ᮃ <sp> ᮓ ᮜᮂ <sp> ᮘ ᮛᮥ ᮓ ᮊ᮪ ᮔ <sp> ᮇ ᮌᮦ <sp> ᮞ ᮊᮤ ᮒᮥ <sp> ᮍ ᮑᮨ ᮑᮨ ᮛᮤ ᮔ,105,"Cék dina pikirna, ""Eh, kutan kieu rasana ari nu malarat, geus puguh kolot- kolotna ka aing taya nu maliré, ka anak aing tara aya nu miroséa, dalah barudakna ogé sakitu nganyenyerina.",noto
budak_teuneung_fonts/bt_0025_noto.png,budak_teuneung_samsoedi_1930.pdf,ᮈᮂ <sp> ᮓᮩ ᮓᮩᮂ <sp> ᮒᮩ ᮄᮀ <sp> ᮃ ᮔ ᮊ᮪ <sp> ᮃ ᮄᮀ,14,"Eh, deudeuh teuing anak aing .....",noto
budak_teuneung_fonts/bt_0026_noto.png,budak_teuneung_samsoedi_1930.pdf,ᮎ ᮎ ᮊ ᮔ᮪ <sp> ᮙᮥ ᮔ᮪ <sp> ᮘ ᮕ ᮔ <sp> ᮃ ᮚ <sp> ᮊᮦ ᮔᮦᮂ <sp> ᮓᮤ <sp> ᮊᮤ ᮉ ᮔ <sp> ᮏᮩᮀ <sp> ᮜ ᮙᮥ ᮔ᮪ <sp> ᮃ ᮄᮀ <sp> ᮃ ᮚ <sp> ᮊ ᮘᮧ ᮌ <sp> ᮃ ᮔ ᮊ᮪ <sp> ᮃ ᮄᮀ <sp> ᮒᮦᮂ <sp> ᮙᮩ ᮛᮩ ᮔ᮪ <sp> ᮙᮧ ᮃ ᮜ᮪ <sp> ᮓᮤ ᮠᮤ ᮔ <sp> ᮠᮤ ᮔ <sp> ᮒᮩ ᮄᮀ <sp> ᮊᮥ <sp> ᮘ ᮛᮥ ᮓ ᮊ᮪ <sp> ᮞ ᮞ <sp> ᮙ ᮔ,79,"Cacakan mun bapana aya kénéh di kieuna jeung lamun aing aya kaboga, anak aing téh meureun moal dihina-hina teuing ku barudak sasa- mana.",noto
budak_teuneung_fonts/bt_0027_noto.png,budak_teuneung_samsoedi_1930.pdf,ᮃ ᮛᮤ <sp> ᮃ ᮚᮩ ᮔ <sp> ᮕ ᮔ᮪ ᮒᮨ ᮞ᮪ <sp> ᮕᮤ ᮞ ᮔ᮪ <sp> ᮛᮦ ᮊ᮪ <sp> ᮕ ᮓ <sp> ᮍ ᮠᮤ ᮔ <sp> ᮇ ᮌᮦ <sp> ᮓ <sp> ᮞ ᮊᮤ ᮒᮥ <sp> ᮞ ᮛᮦ <sp> ᮃ ᮒ᮪ ᮔ <sp> ᮕ ᮕ ᮊᮦ ᮃ ᮔ ᮔ <sp> ᮊᮥ ᮜᮩ ᮠᮩ <sp> ᮏᮩᮀ <sp> ᮒ ᮒ ᮙ᮪ ᮘ ᮜ᮪ <sp> ᮃ ᮔ᮪ <sp> ᮎ ᮜ ᮔ <sp> ᮙᮂ <sp> ᮊᮧ ᮙᮧ <sp> ᮌᮩ ᮞ᮪ <sp> ᮛ ᮝᮤᮀ <sp> ᮒᮩ <sp> ᮘᮩ ᮔᮀ <sp> ᮓᮤ ᮊ ᮕᮥ ᮒ ᮔ᮪,89,"Ari ayeuna pantes pisan rék pada'ngahina ogé, da sakitu saré'atna, papakéanana kuleuheu jeung tatambal- an, calana mah komo geus rawing teu beunang dikaputan.",noto
budak_teuneung_fonts/bt_0028_noto.png,budak_teuneung_samsoedi_1930.pdf,ᮒ ᮕᮤ <sp> ᮊ ᮏᮩ ᮔ᮪ <sp> ᮒᮩ ᮄᮀ <sp> ᮃ ᮛᮤ <sp> ᮊᮥ <sp> ᮓᮤ ᮠᮤ ᮔ <sp> ᮒᮤ ᮔ <sp> ᮠ ᮜ᮪ <sp> ᮕ ᮕ ᮊᮦ ᮃ ᮔ᮪ <sp> ᮏᮩᮀ <sp> ᮒᮤ ᮔ <sp> ᮊ ᮙ ᮜ ᮛ ᮒ ᮔ᮪ <sp> ᮙᮂ <sp> ᮓ <sp> ᮕᮥ ᮌᮥᮂ <sp> ᮌᮩ ᮞ᮪ <sp> ᮞ ᮊᮤ ᮉ <sp> ᮘᮥ ᮊ᮪ ᮒᮤ ᮔ <sp> ᮞ ᮊᮤ ᮉ <sp> ᮞᮤ ᮕ ᮒ᮪ ᮔ <sp> ᮌᮩ ᮔᮤᮀ <sp> ᮎᮦ ᮊ᮪ <sp> ᮄ ᮉ <sp> ᮄ ᮉ <sp> ᮌᮦ <sp> ᮊ ᮙ ᮜ ᮛ ᮒ ᮔ᮪ <sp> ᮙᮂ <sp> ᮙᮧ ᮃ ᮜ᮪ <sp> ᮘᮩ ᮔᮀ <sp> ᮓᮤ ᮞᮥ ᮙ᮪ ᮕᮥ ᮒ᮪ <sp> ᮞᮥ ᮙ᮪ ᮕᮥ ᮒ᮪ <sp> ᮒᮩ <sp> ᮎ ᮛ <sp> ᮊ ᮘᮩᮀ ᮠ ᮛ ᮔ᮪,122,"Tapi kajeun teuing ari ku dihina tina hal papakéan jeung tina kamalaratan mah, da puguh geus sakieu buktina, sakieu sipatna, geuning cék ieu-ieu gé kamalaratan mah moal beunang disumput-sumput, teu cara kabeungharan.",noto
budak_teuneung_fonts/bt_0029_noto.png,budak_teuneung_samsoedi_1930.pdf,ᮍ ᮔ᮪ <sp> ᮆ ᮒ <sp> ᮘ ᮆ <sp> ᮃ ᮒᮥᮂ <sp> ᮃ ᮔ ᮊ᮪ <sp> ᮃ ᮄᮀ <sp> ᮅ ᮜᮂ <sp> ᮕ ᮓ <sp> ᮔᮩᮀ ᮒᮩ ᮄ ᮍ ᮔ ᮔ᮪ <sp> ᮅ ᮜᮂ <sp> ᮊᮦ ᮔ <sp> ᮊᮦ ᮔ <sp> ᮊ <sp> ᮘᮥ ᮓ ᮊ᮪ <sp> ᮚ ᮒᮤ ᮙ᮪ <sp> ᮏᮩᮀ <sp> ᮒ ᮕᮤ <sp> ᮑ <sp> ᮓ ᮜᮂ <sp> ᮓᮤ ᮊᮥ ᮙ ᮠ <sp> ᮓ <sp> ᮌᮩ ᮞ᮪ <sp> ᮊᮤ ᮉ <sp> ᮙ ᮜ ᮛ ᮒ᮪,78,"Ngan éta baé atuh anak aing ulah pada neungteuinganan, ulah kéna-kéna ka budak yatim jeung tapi nya dalah dikumaha, da geus kieu malarat.",noto
budak_teuneung_fonts/bt_0030_noto.png,budak_teuneung_samsoedi_1930.pdf,ᮈᮂ <sp> ᮙᮤ ᮜᮤ ᮊ᮪ <sp> ᮓᮤ ᮛᮤ <sp> ᮃ ᮄᮀ <sp> ᮊᮥ ᮓᮥ <sp> ᮑᮧ ᮛᮀ <sp> ᮞᮨ ᮓᮤᮂ <sp> ᮕᮢᮤ ᮠ ᮒᮤ ᮔ᮪ <sp> ᮙᮧ <sp> ᮘᮤ ᮞ <sp> ᮞᮥ ᮙᮤᮀ ᮊᮤᮁ <sp> ᮓᮩ ᮄ,37,"Eh, milik diri aing, kudu nyorang sedih-prihatin, mo bisa sumingkir deui.",noto
budak_teuneung_fonts/bt_0031_noto.png,budak_teuneung_samsoedi_1930.pdf,ᮍ ᮔ᮪ <sp> ᮙᮥ ᮌᮤ <sp> ᮙᮥ ᮌᮤ <sp> ᮘ ᮆ <sp> ᮃ ᮔ ᮊ᮪ <sp> ᮃ ᮄᮀ <sp> ᮞᮤᮀ <sp> ᮙᮩ ᮔᮀ <sp> ᮛᮂ ᮙ ᮒ᮪ <sp> ᮕ ᮍᮦ ᮛ ᮔ᮪ <sp> ᮘᮤ ᮞ <sp> ᮠᮤ ᮛᮥ ᮕ᮪ <sp> ᮕ ᮛᮧ ᮊ᮪ <sp> ᮏᮩᮀ <sp> ᮘ ᮒᮥᮁ <sp> ᮊᮤ ᮜᮀ ᮘ ᮛ <sp> ᮘᮤ ᮞ <sp> ᮏ ᮓᮤ <sp> ᮏ ᮜ᮪ ᮙ <sp> ᮅ ᮒ ᮙ <sp> ᮙᮂ <sp> ᮕᮤ ᮙ ᮔ ᮉ ᮔ᮪ <sp> ᮃ ᮒᮥᮂ <sp> ᮅ ᮜᮂ <sp> ᮑᮧ ᮛᮀ <sp> ᮑᮧ ᮛᮀ <sp> ᮞᮀ ᮞ ᮛ <sp> ᮕ ᮊᮧ ᮊᮧ ᮜᮧ ᮒ᮪ <sp> ᮊ ᮝ ᮞ᮪ <sp> ᮃ ᮄᮀ <sp> ᮞᮀ ᮌᮩ ᮞ᮪ <sp> ᮍᮧ ᮙᮧᮀ <sp> ᮊᮤ ᮒᮥ <sp> ᮓᮤ ᮔ <sp> ᮠ ᮒᮦ ᮔ <sp> ᮃ ᮙ᮪ ᮘᮥ <sp> ᮝᮁ ᮏᮤ <sp> ᮒᮥ ᮜᮥ ᮚ᮪ <sp> ᮄ ᮔ᮪ ᮓᮤ ᮒ᮪ <sp> ᮊ <sp> ᮓ ᮕᮥᮁ <sp> ᮛᮦ ᮊ᮪ <sp> ᮙᮤ ᮛᮥ ᮔ᮪ <sp> ᮞᮩ ᮔᮩ <sp> ᮛᮦ ᮊ᮪ <sp> ᮍ ᮠ ᮔᮩ ᮒ᮪ ᮊᮩ ᮔ᮪ <sp> ᮞ ᮍᮥ <sp> ᮕᮧ ᮆ <sp> ᮊᮩᮁ <sp> ᮑ ᮓᮤ ᮃ ᮃ ᮔ᮪ <sp> ᮃ ᮔ ᮊ᮪ ᮔ,181,"Ngan mugi-mugi baé anak aing sing meunang rahmat Pangéran, bisa hirup parok jeung batur, kilangbara bisa jadi jalma utama mah, pimanaeun, atuh ulah nyorang-nyorang sangsara pakokolot, kawas aing."" Sanggeus ngomong kitu dina haténa, Ambu Warji tuluy indit ka dapur rék mirun seuneu rék ngahaneutkeun sangu poé, keur nyadiaan anakna.",noto
budak_teuneung_fonts/bt_0032_noto.png,budak_teuneung_samsoedi_1930.pdf,ᮕ ᮞᮧ ᮞᮧ ᮛᮦ <sp> ᮝ ᮊ᮪ ᮒᮥ <sp> ᮃ ᮙ᮪ ᮘᮥ <sp> ᮝᮁ ᮏᮤ <sp> ᮊᮩᮁ <sp> ᮍ ᮊᮩ ᮜ᮪ <sp> ᮏᮧ ᮜ᮪ <sp> ᮃ ᮔ ᮊ᮪ ᮔ <sp> ᮓ ᮒᮀ <sp> ᮒᮤ <sp> ᮕ ᮍᮥ ᮜᮤ ᮔ ᮔ᮪ <sp> ᮘ ᮛᮤ <sp> ᮠ ᮛᮥ ᮠᮂ <sp> ᮠ ᮛᮦ ᮠᮧᮂ <sp> ᮃ ᮙ᮪ ᮘᮨ ᮊ ᮔ ᮔ <sp> ᮍ ᮠᮦ ᮌ ᮊ᮪ <sp> ᮞᮥ ᮊᮥ ᮔ <sp> ᮘᮧ ᮘᮧ ᮜᮧ ᮊᮧ ᮒ᮪ <sp> ᮊᮥ <sp> ᮜᮩ ᮒ ᮊ᮪ <sp> ᮘ ᮛᮤ <sp> ᮍᮧ ᮙᮧᮀ <sp> ᮠ ᮛᮤ ᮝᮩ ᮞ᮪ ᮝᮩ ᮞ᮪ <sp> ᮚ <sp> ᮃ ᮜᮣᮂ <sp> ᮈ ᮙ <sp> ᮃ ᮞᮦ ᮕ᮪ <sp> ᮇ ᮔᮧ ᮔ᮪ <sp> ᮕᮥ ᮒᮢ <sp> ᮏᮥ ᮛ ᮌ ᮔ᮪ <sp> ᮜᮥ ᮛᮂ <sp> ᮒᮦ ᮃ <sp> ᮎᮤ ᮜ ᮊ <sp> ᮎᮤ ᮜ ᮊ <sp> ᮊᮥ <sp> ᮔ ᮇ ᮔ᮪ <sp> ᮎᮦ ᮊ᮪ <sp> ᮄ ᮔ᮪ ᮓᮥᮀ ᮔ <sp> ᮞᮨ ᮙᮥ <sp> ᮊ ᮌᮦ ᮒ᮪,151,"Pasosoré waktu Ambu Warji keur ngakeul, jol anakna datang ti pangulinan, bari haruhah-haréhoh, ambekanana ngahégak, sukuna bobolokot ku leutak bari ngomong hariweusweus, ' 'Ya Allah, Ema, Asép Onon putra Juragan Lurah téa cilaka."" ""Cilaka ku naon?"" cék indungna semu kagét.",noto
budak_teuneung_fonts/bt_0033_noto.png,budak_teuneung_samsoedi_1930.pdf,ᮒᮤ ᮌᮨ ᮘᮢᮥ ᮞ᮪ <sp> ᮊ ᮔ <sp> ᮞᮥ ᮙᮥᮁ <sp> ᮘᮥ ᮛᮥᮀ <sp> ᮓᮤ <sp> ᮊᮨ ᮘᮧ ᮔ᮪ <sp> ᮃ ᮝᮤ <sp> ᮊᮥ <sp> ᮊᮥ ᮛᮤᮀ <sp> ᮌ ᮔ᮪ ᮎᮀ <sp> ᮓᮤ ᮠ ᮔ᮪ ᮏ ᮒ᮪ ᮊᮩ ᮔ᮪ <sp> ᮙ ᮊᮦ <sp> ᮒ ᮛ ᮏᮦ <sp> ᮒᮥ ᮜᮥ ᮚ᮪ <sp> ᮓᮤ ᮌ ᮔ᮪ ᮓᮧᮀ <sp> ᮓᮤ ᮘ ᮝ <sp> ᮊ <sp> ᮘᮥ ᮙᮤ <sp> ᮏᮥ ᮛ ᮌ ᮔ᮪ <sp> ᮜᮥ ᮛᮂ <sp> ᮔ ᮠ <sp> ᮊᮥ <sp> ᮔ ᮇ ᮔ᮪ <sp> ᮞ ᮘ ᮘ᮪ ᮔ <sp> ᮔᮥ <sp> ᮙ ᮒ ᮊ᮪ <sp> ᮒᮤ ᮌᮨ ᮘᮢᮥ ᮞ᮪ <sp> ᮊ ᮔ <sp> ᮞᮥ <sp> ᮓᮥ ᮊ <sp> ᮒᮩ ᮄᮀ <sp> ᮊᮥ ᮙ ᮠ <sp> ᮜ ᮔ᮪ ᮒ ᮛ ᮔ ᮔ <sp> ᮇ ᮙᮧᮀ <sp> ᮞᮤ <sp> ᮝᮁ ᮏᮤ <sp> ᮓ <sp> ᮝ ᮊ᮪ ᮒᮥ <sp> ᮊᮥ ᮛᮤᮀ <sp> ᮛᮦ ᮊ᮪ <sp> ᮍ ᮜ <sp> ᮛᮦ ᮌᮀ <sp> ᮃ ᮝᮤ <sp> ᮊᮩᮁ <sp> ᮘᮨ ᮘᮨ ᮓᮤ ᮜ ᮔ᮪ <sp> ᮊᮥ ᮛᮤᮀ <sp> ᮍ ᮓᮦ ᮍᮦ <sp> ᮔᮥ <sp> ᮠ ᮠ ᮛᮨ ᮌᮥ ᮍ ᮔ᮪ <sp> ᮕ ᮑ ᮔ <sp> ᮊᮥ ᮛᮤᮀ <sp> ᮔᮥ <sp> ᮑᮤᮀ ᮞᮤ ᮉ ᮔ ᮔ᮪ <sp> ᮒ ᮕᮤ <sp> ᮘ ᮛᮀ <sp> ᮓᮤ ᮞᮤ ᮓᮤ ᮊ᮪ ᮊᮩ ᮔ᮪ <sp> ᮙ ᮔ ᮠᮧ ᮛᮦᮀ <sp> ᮃ ᮞᮦ ᮕ᮪ <sp> ᮹ ᮰ <sp> ᮝᮁ ᮏᮤ <sp> ᮔᮥ ᮜᮥ ᮍ ᮔ᮪ <sp> ᮃ ᮞᮦ ᮕ᮪ <sp> ᮇ ᮔᮧ ᮔ᮪ <sp> ᮕᮥ ᮒᮢ <sp> ᮏᮥ ᮛ ᮌ ᮔ᮪ <sp> ᮜᮥ ᮛᮂ,239,"""Tigebrus kana sumur burung di kebon awi, ku kuring gancang dihanjatkeun maké tarajé, tuluy digandong dibawa ka bumi Juragan Lurah."" ""Naha ku naon sababna nu matak tigebrus kana su- ""Duka teuing kumaha lantaranana,"" omong Si Warji, ""da waktu kuring rék ngala régang awi keur bebedilan, kuring ngadéngé nu haharegungan, panyana kuring nu nyingsieunan, tapi barang disidikkeun manahoréng Asép .90 Warji nulungan Asép Onon putra Juragan Lurah.",noto
budak_teuneung_fonts/bt_0034_noto.png,budak_teuneung_samsoedi_1930.pdf,ᮇ ᮔᮧ ᮔ᮪ <sp> ᮍ ᮛᮤᮀ ᮊᮥ ᮊ᮪ <sp> ᮓᮤ ᮔ <sp> ᮜᮧ ᮙ᮪ ᮘᮀ <sp> ᮅ ᮛᮥ ᮒ᮪ <sp> ᮞᮥ ᮙᮧᮁ <sp> ᮔᮥ <sp> ᮓᮩ ᮊᮩ ᮒ᮪ <sp> ᮓ ᮕᮥ ᮛ ᮔ᮪ <sp> ᮃ ᮝᮤ,36,Onon ngaringkuk dina lombang urut sumor nu deukeut dapuran awi.,noto
budak_teuneung_fonts/bt_0035_noto.png,budak_teuneung_samsoedi_1930.pdf,ᮊ ᮝ ᮞ᮪ ᮔ <sp> ᮙᮂ <sp> ᮙ ᮔᮦᮂ ᮔ <sp> ᮒᮦᮂ <sp> ᮒ ᮓᮤ <sp> ᮞᮥ ᮞᮥ ᮙ᮪ <sp> ᮕᮥ ᮒ ᮔ᮪ <sp> ᮏᮩᮀ <sp> ᮘ ᮒᮥᮁ ᮔ <sp> ᮛᮦ ᮊ᮪ <sp> ᮑᮥ ᮙ᮪ ᮕᮥ ᮒ᮪ <sp> ᮊ ᮔ <sp> ᮓ ᮕᮥ ᮛ ᮔ᮪ <sp> ᮃ ᮝᮤ <sp> ᮒᮥ ᮜᮥ ᮚ᮪ <sp> ᮒᮤ ᮌᮨ ᮘᮢᮥ ᮞ᮪ <sp> ᮃ ᮙ᮪ ᮘᮥ <sp> ᮝᮁ ᮏᮤ <sp> ᮕᮧ ᮠ ᮛ <sp> ᮘᮥ ᮍ ᮠᮩ ᮔ ᮔ <sp> ᮓᮥ ᮙᮦᮂ <sp> ᮃ ᮔ ᮊ᮪ ᮔ <sp> ᮌᮩ ᮞ᮪ <sp> ᮊ ᮒᮦ ᮙ᮪ ᮘᮧᮀ <sp> ᮘᮧ ᮌ <sp> ᮝ ᮒᮨ ᮊ᮪ <sp> ᮘᮨ ᮛᮨ ᮞᮤᮂ <sp> ᮠ ᮒᮦ <sp> ᮓ ᮆ ᮊ᮪ <sp> ᮒᮥ ᮒᮥ ᮜᮥᮀ <sp> ᮊ <sp> ᮔᮥ <sp> ᮙᮩ ᮔᮀ <sp> ᮎᮤ ᮜ ᮊ <sp> ᮕ ᮓ ᮠ ᮜ᮪ <sp> ᮞᮤ <sp> ᮝᮁ ᮏᮤ <sp> ᮒᮦᮂ <sp> ᮞᮤ ᮛᮂ ᮔ <sp> ᮇ ᮌᮦ <sp> ᮘ ᮛᮨ ᮔ᮪ ᮏᮥ ᮒ᮪ <sp> ᮊᮦ ᮔᮦᮂ <sp> ᮅ ᮛᮥ ᮒ᮪ <sp> ᮕ ᮓ <sp> ᮔ ᮛᮦ ᮊᮦ ᮃ ᮔ᮪ <sp> ᮏᮩᮀ <sp> ᮓᮤ ᮒ ᮙ᮪ ᮕᮤ ᮜᮤ ᮍ ᮔ᮪ <sp> ᮊᮥ <sp> ᮇ ᮔᮧ ᮔ᮪,180,"Kawasna mah manéhna téh tadi susum- putan jeung baturna, rék nyumput kana dapuran awi, tuluy tigebrus."" Ambu Warji pohara bungaheunana, duméh anakna geus katémbong boga watek beresih haté, daék tutulung ka nu meunang cilaka; padahal Si Warji téh sirahna ogé barenjut kénéh urut pada narékéan jeung ditampilingan ku Onon.",noto
budak_teuneung_fonts/bt_0036_noto.png,budak_teuneung_samsoedi_1930.pdf,ᮒᮂ <sp> ᮕᮤ ᮜᮥ ᮃ ᮍᮩ ᮔ᮪ <sp> ᮃ ᮛᮤ <sp> ᮅ ᮜᮤ ᮔ᮪ <sp> ᮊᮥ ᮓᮥ <sp> ᮃ ᮒᮤ <sp> ᮃ ᮒᮤ <sp> ᮅ ᮜᮂ <sp> ᮊᮦ ᮔ <sp> ᮊᮦ ᮔ <sp> ᮛᮨ ᮞᮨ ᮕ᮪ <sp> ᮙᮥ ᮔ᮪ <sp> ᮜ ᮜ ᮝᮧ ᮛ <sp> ᮓᮩ ᮊᮩ ᮒ᮪ <sp> ᮕᮤ ᮞ ᮔ᮪ <sp> ᮎᮤ ᮜ ᮊ ᮔ <sp> ᮇ ᮙᮧᮀ <sp> ᮃ ᮙ᮪ ᮘᮥ <sp> ᮝᮁ ᮏᮤ,67,"""Tah, piluangeun, ari ulin kudu ati-ati, ulah kéna-kéna resep, mun lalawora deukeut pisan cilakana,"" omong Ambu Warji.",noto
budak_teuneung_fonts/bt_0037_noto.png,budak_teuneung_samsoedi_1930.pdf,ᮜᮂ <sp> ᮊᮥ <sp> ᮜ ᮕᮁ <sp> ᮘᮩ ᮒᮩᮀ <sp> ᮒᮦᮂ <sp> ᮎᮦ ᮊ᮪ <sp> ᮞᮤ <sp> ᮝᮁ ᮏᮤ <sp> ᮌᮩ ᮞ᮪ <sp> ᮓᮤ <sp> ᮃ ᮊᮩ ᮜ᮪ <sp> ᮆ ᮒ <sp> ᮞ ᮍᮥ <sp> ᮒᮦᮂ <sp> ᮈ ᮙ <sp> ᮕᮥ ᮌᮥᮂ <sp> ᮘ ᮆ <sp> ᮒᮦ ᮙ᮪ ᮘ ᮜ᮪ <sp> ᮄ ᮔ᮪ ᮓᮥᮀ ᮔ <sp> ᮕᮦ ᮊ᮪ <sp> ᮌᮩ ᮛ <sp> ᮙ ᮔ᮪ ᮓᮤ <sp> ᮠᮩ ᮜ <sp> ᮊ <sp> ᮓᮤ ᮒᮥ <sp> ᮞᮤᮀ <sp> ᮘᮨ ᮛᮨ ᮞᮤᮂ <sp> ᮃ ᮙ᮪ ᮘᮦᮂ <sp> ᮕᮧ ᮑᮧ <sp> ᮝ ᮊ᮪ ᮒᮥ <sp> ᮞᮤ <sp> ᮝᮁ ᮏᮤ <sp> ᮘ ᮜᮤ ᮊ᮪ <sp> ᮒᮤ <sp> ᮎ ᮄ <sp> ᮒ ᮞ᮪ <sp> ᮙ ᮔ᮪ ᮓᮤ <sp> ᮑ ᮙ᮪ ᮕ ᮊ᮪ <sp> ᮒᮥ ᮃ <sp> ᮊ ᮙ᮪ ᮕᮥᮀ <sp> ᮊᮩᮁ <sp> ᮎ ᮎ ᮛᮤ ᮒ <sp> ᮏᮩᮀ <sp> ᮄ ᮔ᮪ ᮓᮥᮀ ᮔ <sp> ᮙ ᮔᮦᮂ ᮔ <sp> ᮊ <sp> ᮌᮦ ᮒᮩ ᮔ᮪ <sp> ᮕᮤ ᮞ ᮔ᮪ <sp> ᮊ ᮝ ᮔ᮪ ᮒᮥ <sp> ᮞ ᮅ ᮙᮥᮁ ᮔ <sp> ᮇ ᮌᮦ <sp> ᮊ <sp> ᮄ ᮙᮂ ᮔ <sp> ᮙᮂ <sp> ᮒ ᮛ <sp> ᮃ ᮚ <sp> ᮔᮥ <sp> ᮜᮥ ᮙ ᮔ᮪ ᮒᮧ,185,"""Lah, ku lapar beuteung téh,"" cék Si Warji, ""geus di- akeul éta sangu téh, Ema?"" ""Puguh baé,"" témbal indungna, ""pék geura mandi heula ka ditu sing beresih, ambéh ponyo."" Waktu Si Warji balik ti cai tas mandi, nyampak tua kampung keur cacarita jeung indungna, manéhna ka- géteun pisan, kawantu saumurna ogé ka imahna mah tara aya nu lumanto.",noto
budak_teuneung_fonts/bt_0038_noto.png,budak_teuneung_samsoedi_1930.pdf,ᮎᮦ ᮊ᮪ <sp> ᮓᮤ ᮔ <sp> ᮕᮤ ᮊᮤᮁ ᮔ <sp> ᮔ ᮠ <sp> ᮃ ᮚ <sp> ᮔ ᮇ ᮔ᮪ <sp> ᮆ ᮒ <sp> ᮒᮥ ᮃ <sp> ᮊ ᮙ᮪ ᮕᮥᮀ <sp> ᮒᮦᮂ <sp> ᮘᮨ ᮒ᮪ <sp> ᮞᮤ ᮞᮤ ᮔ ᮛᮤ ᮉ ᮔ᮪ <sp> ᮜᮥ ᮔ᮪ ᮒ <sp> ᮜ ᮔ᮪ ᮒᮧ <sp> ᮊ <sp> ᮄ ᮙᮂ <sp> ᮃ ᮄᮀ <sp> ᮜᮩ <sp> ᮃ ᮔ ᮊ᮪ <sp> ᮈ ᮙ᮪ ᮘᮧ ᮊ᮪ <sp> ᮒᮦᮂ <sp> ᮎᮦ ᮊ᮪ <sp> ᮒᮥ ᮃ <sp> ᮊ ᮙ᮪ ᮕᮥᮀ <sp> ᮘ ᮛᮤ <sp> ᮔᮥ ᮔ᮪ ᮏᮥ ᮊ᮪ <sp> ᮊ <sp> ᮞᮤ <sp> ᮝᮁ ᮏᮤ,95,"Cék dina pikirna, ""Naha aya naon éta tua kampung téh, bet sisinarieun lunta-lanto ka imah aing?"" ""leu anak Embok téh?"" cék tua kampung bari nunjuk ka Si Warji.",noto
budak_teuneung_fonts/bt_0039_noto.png,budak_teuneung_samsoedi_1930.pdf,ᮞᮥ ᮙᮥ ᮠᮥ ᮔ᮪ <sp> ᮏ ᮝ ᮘ᮪ <sp> ᮃ ᮙ᮪ ᮘᮥ <sp> ᮝᮁ ᮏᮤ,15,"""Sumuhun,"" jawab Ambu Warji.",noto
budak_teuneung_fonts/bt_0040_noto.png,budak_teuneung_samsoedi_1930.pdf,ᮓᮦ ᮝᮦ ᮊ᮪ <sp> ᮒᮦᮂ <sp> ᮓᮤ ᮕᮤ ᮝ ᮛᮀ <sp> ᮊᮥ <sp> ᮏᮥ ᮛ ᮌ ᮔ᮪ <sp> ᮜᮥ ᮛᮂ <sp> ᮙᮤ <sp> ᮊᮩ ᮔ᮪ <sp> ᮄ ᮉ <sp> ᮘ ᮏᮥ <sp> ᮏᮩᮀ <sp> ᮎ ᮜ ᮔ <sp> ᮜᮥᮀ ᮞᮥ ᮛ ᮔ᮪ <sp> ᮃ ᮞᮦ ᮕ᮪ <sp> ᮇ ᮔᮧ ᮔ᮪ <sp> ᮜᮥ ᮙ <sp> ᮚ ᮔ᮪ <sp> ᮘ ᮆ <sp> ᮉ ᮚ᮪ <sp> ᮇ ᮙᮧᮀ <sp> ᮒᮥ ᮃ <sp> ᮊ ᮙ᮪ ᮕᮥᮀ,72,"Déwék téh dipiwarang ku Juragan Lurah, mi- keun ieu baju jeung calana lungsuran Asép Onon, luma- yan baé euy!"" omong tua kampung.",noto
budak_teuneung_fonts/bt_0041_noto.png,budak_teuneung_samsoedi_1930.pdf,ᮞ ᮏᮧᮀ ᮏᮧ ᮍ ᮔ᮪ <sp> ᮙᮂ <sp> ᮞᮤ <sp> ᮝᮁ ᮏᮤ <sp> ᮒᮩ <sp> ᮍ ᮏ ᮝ ᮘ᮪ <sp> ᮔᮩ ᮒᮩ ᮕ᮪ <sp> ᮘ ᮆ <sp> ᮊ <sp> ᮄ ᮔ᮪ ᮓᮥᮀ ᮔ <sp> ᮊ ᮝ ᮞ᮪ <sp> ᮊ ᮝ ᮞ᮪ <sp> ᮙᮦ ᮔ᮪ ᮒ <sp> ᮓᮤ ᮕᮀ ᮏ ᮝ ᮘ᮪ ᮊᮩ ᮔ᮪,53,"Sajongjongan mah Si Warji teu ngajawab, neuteup baé ka indungna, kawas-kawas ménta dipangjawabkeun.",noto
budak_teuneung_fonts/bt_0042_noto.png,budak_teuneung_samsoedi_1930.pdf,ᮔ ᮠ <sp> ᮞᮤ ᮞᮤ ᮔ ᮛᮤ ᮉ ᮔ᮪ <sp> ᮒᮩ ᮄᮀ <sp> ᮏᮥ ᮛ ᮌ ᮔ᮪ <sp> ᮜᮥ ᮛᮂ <sp> ᮒᮦᮂ <sp> ᮙ ᮊᮦ <sp> ᮙ ᮕ ᮛᮤ ᮔ᮪ <sp> ᮕ ᮕ ᮊᮦ ᮃ ᮔ᮪ <sp> ᮜᮥᮀ ᮞᮥ ᮛ ᮔ᮪ <sp> ᮎᮦ ᮊ᮪ <sp> ᮃ ᮙ᮪ ᮘᮥ <sp> ᮝᮁ ᮏᮤ <sp> ᮊ <sp> ᮒᮥ ᮃ <sp> ᮊ ᮙ᮪ ᮕᮥᮀ,60,"""Naha sisinarieun teuing Juragan Lurah téh maké maparin papakéan lungsuran?"" cék Ambu Warji ka tua kampung.",noto
budak_teuneung_fonts/bt_0043_noto.png,budak_teuneung_samsoedi_1930.pdf,ᮜ᮪ ᮠ᮪ <sp> ᮙᮩ ᮛᮩ ᮔ᮪ <sp> ᮕ ᮔ ᮛᮤ ᮙ <sp> ᮘ ᮆ <sp> ᮕᮦ ᮓᮂ <sp> ᮃ ᮞᮦ ᮕ᮪ <sp> ᮇ ᮔᮧ ᮔ᮪ <sp> ᮌᮩ ᮞ᮪ <sp> ᮓᮤ ᮒᮥ ᮜᮥ ᮍ ᮔ᮪ <sp> ᮊᮥ <sp> ᮄ ᮉ <sp> ᮃ ᮔ ᮊ᮪ <sp> ᮈ ᮙ᮪ ᮘᮧ ᮊ᮪,48,"""lh, meureun panarima baé, pédah Asép Onon geus ditulungan ku ieu anak Embok.",noto
budak_teuneung_fonts/bt_0044_noto.png,budak_teuneung_samsoedi_1930.pdf,ᮓ <sp> ᮎ ᮎ ᮊ ᮔ᮪ <sp> ᮙᮥ ᮔ᮪ <sp> ᮒᮩ <sp> ᮊ ᮒᮥ ᮜᮥ ᮍ ᮔ᮪ <sp> ᮙᮂ <sp> ᮘᮩ <sp> ᮒᮤ ᮝ ᮞ᮪ <sp> ᮙᮩ ᮛᮩ ᮔ᮪ <sp> ᮃ ᮞᮦ ᮕ᮪ <sp> ᮇ ᮔᮧ ᮔ᮪ <sp> ᮙᮧ ᮃ ᮄ <sp> ᮃ ᮚ <sp> ᮓᮤ <sp> ᮊᮤ ᮉ ᮔ <sp> ᮈ ᮙᮀ <sp> ᮊᮥ ᮛᮤᮀ <sp> ᮙᮂ <sp> ᮔᮥ ᮜᮥ ᮍ ᮔ᮪ <sp> ᮞᮧ ᮒᮦᮂ <sp> ᮞ ᮔᮦ ᮞ᮪ <sp> ᮕᮤ ᮞ ᮔ᮪ <sp> ᮃ ᮚ <sp> ᮕ ᮍ ᮛᮂ <sp> ᮝ ᮔ᮪ ᮒᮥ ᮔ᮪ <sp> ᮓᮤ ᮞᮥ ᮙ᮪ ᮕᮂ ᮔ <sp> ᮒᮩ <sp> ᮍ ᮛᮨ ᮕ᮪ <sp> ᮍ ᮛᮨ ᮕ᮪ <sp> ᮊ ᮔ <sp> ᮕ ᮙᮥ ᮜᮀ <sp> ᮒ ᮛᮤ ᮙ <sp> ᮓ ᮞ᮪ <sp> ᮜᮥ ᮎᮥ <sp> ᮉ ᮚ᮪ <sp> ᮘᮥ ᮓ ᮊ᮪ <sp> ᮘᮥ ᮓ ᮊ᮪ <sp> ᮌᮩ ᮞ᮪ <sp> ᮘᮧ ᮌ <sp> ᮕᮤ ᮊᮤ ᮛ ᮔ᮪ <sp> ᮔᮥ <sp> ᮞ ᮊᮤ ᮒᮥ <sp> ᮠ ᮓᮦ ᮔ <sp> ᮇ ᮙᮧᮀ <sp> ᮒᮥ ᮃ <sp> ᮊ ᮙ᮪ ᮕᮥᮀ,161,"Da cacakan mun teu katulungan mah, beu, tiwas, meureun Asép Onon moai aya di kieuna."" ""Emang, kuring mah nulungan sotéh sanés pisan aya pangarah, wantun disumpahna, teu ngarep-ngarep kana pamulang tarima."" ""Édas, lucu euy, budak-budak geus boga pikiran nu sakitu hadéna,"" omong tua kampung.",noto
budak_teuneung_fonts/bt_0045_noto.png,budak_teuneung_samsoedi_1930.pdf,ᮞᮥ ᮊᮥᮁ <sp> ᮏ ᮜᮥ <sp> ᮘᮨ ᮔᮨᮁ <sp> ᮕᮤ ᮞ ᮔ᮪ <sp> ᮆ ᮒ <sp> ᮕᮤ ᮊᮤ ᮛ ᮔ᮪ <sp> ᮙ ᮔᮦᮂ <sp> ᮒᮦᮂ,25,"""Sukur Jalu, bener pisan éta pikiran manéh téh.",noto
budak_teuneung_fonts/bt_0046_noto.png,budak_teuneung_samsoedi_1930.pdf,ᮒ ᮕᮤ <sp> ᮞ ᮊᮥᮁ <sp> ᮏ ᮜ᮪ ᮙ <sp> ᮃ ᮔᮥ <sp> ᮙᮩ <sp> ᮔᮀ <sp> ᮕᮤ ᮒᮥ ᮜᮥᮀ <sp> ᮒᮤ <sp> ᮞ ᮠ <sp> ᮘ ᮆ <sp> ᮆ ᮒ <sp> ᮕᮨᮁ ᮜᮥ <sp> ᮙᮥ ᮜᮀ <sp> ᮒ ᮛᮤ ᮙ <sp> ᮃ ᮒ ᮝ <sp> ᮍ ᮔᮥ ᮠᮥ ᮔ᮪ ᮊᮩ ᮔ᮪,52,"Tapi sakur jalma anu meu- nang pitulung ti saha baé, éta perlu mulang tarima atawa nganuhunkeun.",noto
budak_teuneung_fonts/bt_0047_noto.png,budak_teuneung_samsoedi_1930.pdf,ᮒᮂ <sp> ᮄ ᮉ <sp> ᮇ ᮌᮦ <sp> ᮕ ᮙᮥ ᮜᮀ <sp> ᮒ ᮛᮤ ᮙ <sp> ᮒᮤ <sp> ᮃ ᮞᮦ ᮕ᮪ <sp> ᮇ ᮔᮧ ᮔ᮪ <sp> ᮊᮥ <sp> ᮞᮤ ᮜ ᮄᮀ <sp> ᮕᮨᮁ ᮜᮥ <sp> ᮓᮤ ᮒ ᮙ᮪ ᮕ <sp> ᮞ ᮘ ᮘ᮪ <sp> ᮏ ᮓᮤ <sp> ᮊ ᮝ ᮏᮤ ᮘ ᮔ᮪ <sp> ᮃ ᮞᮦ ᮕ᮪ <sp> ᮇ ᮔᮧ ᮔ᮪ <sp> ᮑ <sp> ᮔᮥ ᮠᮥ ᮔ᮪ <sp> ᮃ ᮛᮤ <sp> ᮊᮤ ᮒᮥ <sp> ᮙᮂ <sp> ᮏ ᮝ ᮘ᮪ <sp> ᮞᮤ <sp> ᮝᮁ ᮏᮤ,83,"Tah, ieu ogé pamulang tarima ti Asép Onon, ku silaing perlu ditampa, sabab jadi kawajiban Asép Onon."" ""Nya nuhun ari kitu mah,"" jawab Si Warji.",noto
budak_teuneung_fonts/bt_0048_noto.png,budak_teuneung_samsoedi_1930.pdf,ᮒᮧ ᮕ᮪ <sp> ᮃ ᮒᮥᮂ <sp> ᮌᮩ ᮛ <sp> ᮛ ᮝ ᮒ ᮔ᮪ <sp> ᮓᮦ ᮝᮦ ᮊ᮪ <sp> ᮛᮦ ᮊ᮪ <sp> ᮘ ᮜᮤ ᮊ᮪ <sp> ᮌᮩ ᮞ᮪ <sp> ᮘᮥ ᮛᮤ ᮒ᮪ <sp> ᮎᮦ ᮊ᮪ <sp> ᮒᮥ ᮃ <sp> ᮊ ᮙ᮪ ᮕᮥᮀ <sp> ᮘ ᮛᮤ <sp> ᮒᮥ ᮜᮥ ᮚ᮪ <sp> ᮄ ᮔ᮪ ᮓᮤ ᮒ᮪,53,"""Top atuh geura rawatan, déwék rék balik, geus burit,"" cék tua kampung bari tuluy indit.",noto
budak_teuneung_fonts/bt_0049_noto.png,budak_teuneung_samsoedi_1930.pdf,ᮞᮀ ᮌᮩ ᮞ᮪ <sp> ᮒᮥ ᮃ <sp> ᮊ ᮙ᮪ ᮕᮥᮀ <sp> ᮘ ᮜᮤ ᮊ᮪ <sp> ᮞᮤ <sp> ᮝᮁ ᮏᮤ <sp> ᮓᮨ ᮊᮨᮁ <sp> ᮘ ᮆ <sp> ᮓ ᮠᮁ <sp> ᮞ ᮘ ᮘ᮪ <sp> ᮌᮩ ᮞ᮪ <sp> ᮊ ᮎᮤ ᮓ <sp> ᮜ ᮕᮁ ᮔ,43,"Sanggeus tua kampung balik, Si Warji deker baé dahar, sabab geus kacida laparna.",noto
budak_teuneung_fonts/bt_0050_noto.png,budak_teuneung_samsoedi_1930.pdf,ᮃ ᮛᮤ <sp> ᮓᮩ ᮍᮩ ᮔ᮪ <sp> ᮞ ᮍᮥ ᮔ <sp> ᮅ ᮚᮂ <sp> ᮜᮨ ᮙ᮪ ᮘᮥ ᮒ᮪ <sp> ᮏᮩᮀ <sp> ᮕᮩ ᮒᮩ ᮚ᮪ <sp> ᮞᮦ ᮜᮧᮀ <sp> ᮍᮧ ᮛ,30,Ari deungeun sanguna uyah lembut jeung peuteuy sélong ngora.,noto
budak_teuneung_fonts/bt_0051_noto.png,budak_teuneung_samsoedi_1930.pdf,ᮘᮤ ᮃ ᮞ ᮔ <sp> ᮙᮥ ᮔ᮪ <sp> ᮙ ᮔᮦᮂ ᮔ <sp> ᮓ ᮓ ᮠ ᮛ ᮔ᮪ <sp> ᮓᮤ ᮔ <sp> ᮊᮩᮁ <sp> ᮙᮩ <sp> ᮏᮩᮂ ᮔ <sp> ᮜ ᮕᮁ <sp> ᮞ ᮔ ᮏ ᮔ᮪ <sp> ᮓᮩ ᮍᮩ ᮔ᮪ <sp> ᮞ ᮍᮥ ᮔ <sp> ᮍ ᮔ᮪ <sp> ᮅ ᮊᮥᮁ <sp> ᮅ ᮚᮂ <sp> ᮇ ᮌᮦ <sp> ᮞᮧ ᮊ᮪ <sp> ᮕᮧ ᮠ ᮛ <sp> ᮕᮧ ᮑᮧ ᮔ,66,"Biasana mun manéhna dadaharan dina keur meu- jeuhna lapar, sanajan deungeun sanguna ngan ukur uyah ogé sok pohara ponyona.",noto
budak_teuneung_fonts/bt_0052_noto.png,budak_teuneung_samsoedi_1930.pdf,ᮒ ᮕᮤ <sp> ᮠ ᮛᮤ ᮒ <sp> ᮙᮂ <sp> ᮓ ᮠᮁ ᮔ <sp> ᮍ ᮔ᮪ <sp> ᮅ ᮊᮥᮁ <sp> ᮘᮦ ᮃ ᮊ᮪ <sp> ᮞ ᮒᮨ ᮍᮂ <sp> ᮕᮤ ᮛᮤᮀ <sp> ᮜ ᮔ᮪ ᮒ ᮛ ᮔ᮪ <sp> ᮞ ᮍᮥ ᮔ <sp> ᮘᮩ ᮉ ᮚ᮪,43,"Tapi harita mah daharna ngan ukur béak satengah piring, lantaran sanguna beueuy.",noto
budak_teuneung_fonts/bt_0053_noto.png,budak_teuneung_samsoedi_1930.pdf,ᮔ ᮠ <sp> ᮈ ᮙ <sp> ᮞ ᮍᮥ <sp> ᮒᮦᮂ <sp> ᮘᮨ ᮒ᮪ <sp> ᮛ ᮓ <sp> ᮠ ᮞᮩ ᮙ᮪ <sp> ᮄᮂ <sp> ᮕ ᮔ᮪ ᮒᮨ ᮞ᮪ <sp> ᮘ ᮆ <sp> ᮓ <sp> ᮕᮥ ᮌᮥᮂ <sp> ᮞ ᮍᮥ <sp> ᮙᮀ ᮊᮥ ᮊ᮪ ᮔ <sp> ᮏ ᮝ ᮘ᮪ <sp> ᮄ ᮔ᮪ ᮓᮥᮀ ᮔ <sp> ᮘ ᮛᮤ <sp> ᮎᮥ ᮙ ᮜᮤ ᮙ᮪ ᮘ,61,"""Naha Ema sangu téh bet rada haseum?"" ""Ih pantes baé da puguh sangu mangkukna,"" jawab indungna bari cumalimba.",noto
budak_teuneung_fonts/bt_0054_noto.png,budak_teuneung_samsoedi_1930.pdf,ᮔ ᮠ <sp> ᮃ ᮒᮥᮂ <sp> ᮈ ᮙ <sp> ᮠᮨ ᮔ᮪ ᮒᮩ <sp> ᮑ ᮍᮥ <sp> ᮓᮩ ᮄ <sp> ᮈᮂ <sp> ᮃ ᮔ ᮊᮤᮀ,24,"""Naha atuh Ema henteu nyangu deui?"" ""Eh anaking .....",noto
budak_teuneung_fonts/bt_0055_noto.png,budak_teuneung_samsoedi_1930.pdf,ᮔ <sp> ᮔ ᮇ ᮔ᮪ <sp> ᮃ ᮔᮥ <sp> ᮓᮤ ᮞ ᮍᮥ,12,na naon anu disangu?,noto
budak_teuneung_fonts/bt_0056_noto.png,budak_teuneung_samsoedi_1930.pdf,ᮃ ᮕ ᮔ᮪ <sp> ᮃ ᮄᮀ <sp> ᮒᮦᮂ <sp> ᮌᮩ ᮞ᮪ <sp> ᮞ ᮘ ᮘ ᮛ ᮠ <sp> ᮕᮧ ᮆ <sp> ᮒᮩ <sp> ᮘ ᮜᮀ ᮞᮤ ᮃᮁ <sp> ᮎᮦ ᮊ᮪ <sp> ᮄ ᮔ᮪ ᮓᮥᮀ ᮔ,35,"Apan aing téh geus sababaraha poé teu balangsiar,"" cék indungna.",noto
budak_teuneung_fonts/bt_0057_noto.png,budak_teuneung_samsoedi_1930.pdf,ᮠᮩ ᮌ᮪ <sp> ᮄ ᮞᮥ ᮊ ᮔ᮪ <sp> ᮙᮂ <sp> ᮅ ᮛᮀ <sp> ᮍᮦ ᮏᮧ <sp> ᮓᮩ ᮄ <sp> ᮞᮥ ᮌ ᮔ᮪ <sp> ᮙᮩ ᮔᮀ <sp> ᮘᮦ ᮃ ᮞ᮪ ᮔ <sp> ᮅ ᮛᮀ <sp> ᮍ ᮔ᮪ ᮏᮥ ᮊ᮪ <sp> ᮠᮩ ᮜ <sp> ᮊ <sp> ᮝ ᮛᮥᮀ <sp> ᮔ ᮔ᮪ ᮓᮧ ᮔ᮪ ᮊᮩ ᮔ᮪ <sp> ᮘ ᮏᮥ <sp> ᮉ ᮞ᮪ <sp> ᮏ ᮓᮤ <sp> ᮊ ᮘᮤ ᮃ ᮞ ᮃ ᮔ᮪ <sp> ᮞ ᮙᮀ ᮞ <sp> ᮙᮀ ᮞ <sp> ᮔᮩ ᮒ᮪ <sp> ᮠᮥ <sp> ᮓᮀ <sp> ᮞᮤ <sp> ᮝᮁ ᮏᮤ <sp> ᮞᮧ ᮊ᮪ <sp> ᮒᮥ ᮜᮥ ᮚ᮪ <sp> ᮊ <sp> ᮎ ᮄ <sp> ᮙ ᮔ᮪ ᮓᮤ <sp> ᮘ ᮜᮤ ᮊ᮪ <sp> ᮒᮤ <sp> ᮎ ᮄ <sp> ᮒᮨ ᮛᮥ ᮞ᮪ <sp> ᮊ <sp> ᮓ ᮕᮥᮁ <sp> ᮍ ᮓᮧ ᮔ᮪ <sp> ᮞᮤ ᮓᮥ ᮛᮥ <sp> ᮘ ᮛᮤ <sp> ᮍ ᮞᮥᮁ <sp> ᮍ ᮞᮥᮁ <sp> ᮞᮩ ᮔᮩ <sp> ᮍ ᮓ ᮌᮧ ᮃ ᮔ᮪ <sp> ᮞ ᮍᮥ <sp> ᮃ ᮞ ᮊ᮪,155,"""Heug, isukan mah urang ngéjo deui, sugan meunang béasna, urang nganjuk heula ka warung."" NANDONKEUN BAJU eus jadi kabiasaan, samangsa-mangsa neut hu- dang Si Warji sok tuluy ka cai, mandi, balik ti cai terus ka dapur ngadon siduru bari ngasur- ngasur seuneu, ngadagoan sangu asak.",noto
budak_teuneung_fonts/bt_0058_noto.png,budak_teuneung_samsoedi_1930.pdf,ᮒ ᮕᮤ <sp> ᮒᮤ <sp> ᮞ ᮘ ᮛᮀ <sp> ᮃ ᮙ᮪ ᮘᮥ <sp> ᮝᮁ ᮏᮤ <sp> ᮌᮨ ᮛᮤᮀ <sp> ᮌᮩ ᮞ᮪ <sp> ᮞ ᮘ ᮘ ᮛ ᮠ <sp> ᮕᮧ ᮆ <sp> ᮒ ᮛ <sp> ᮑ ᮍᮥ <sp> ᮄ ᮞᮥ ᮊ᮪ <sp> ᮄ ᮞᮥ ᮊ᮪ <sp> ᮜ ᮔ᮪ ᮒ ᮛ ᮔ᮪ <sp> ᮒᮩ <sp> ᮃ ᮚ <sp> ᮞ ᮍᮥ ᮉ ᮔ ᮔ,61,"Tapi ti sabarang Ambu Warji gering, geus sababaraha poé tara nyangu isuk-isuk, lantaran teu aya sangueunana.",noto
budak_teuneung_fonts/bt_0059_noto.png,budak_teuneung_samsoedi_1930.pdf,ᮞᮤ <sp> ᮝᮁ ᮏᮤ <sp> ᮕᮧ ᮠ ᮛ <sp> ᮍ ᮛ ᮞ <sp> ᮊ ᮜᮥ ᮙ ᮔᮩ ᮔ ᮔ <sp> ᮔᮦ ᮔ᮪ ᮏᮧ <sp> ᮓ ᮕᮥᮁ <sp> ᮔ <sp> ᮎ ᮙᮦ ᮇ ᮊ᮪ <sp> ᮒᮤ ᮄ ᮞᮩ ᮔ᮪ <sp> ᮒᮩ <sp> ᮍ ᮓᮦ ᮍᮦ <sp> ᮓᮦ ᮍᮦ <sp> ᮞᮦ ᮆᮀ <sp> ᮑᮦᮀ ᮞᮢᮦᮀ <sp> ᮊ ᮝ ᮞ᮪ <sp> ᮞ ᮞ ᮛᮤ,61,"Si Warji pohara ngarasa kalumaneunana nénjo dapur- na caméok tiiseun, teu ngadéngé-déngé sééng nyéngsréng kawas sasari.",noto
budak_teuneung_fonts/bt_0060_noto.png,budak_teuneung_samsoedi_1930.pdf,ᮊᮥ <sp> ᮞ ᮘ ᮘ᮪ <sp> ᮆ ᮒ <sp> ᮕᮧ ᮊ᮪ <sp> ᮙ ᮔᮦᮂ ᮔ <sp> ᮔ ᮑ <sp> ᮊ <sp> ᮄ ᮔ᮪ ᮓᮥᮀ ᮔ <sp> ᮈ ᮙ <sp> ᮒᮦᮂ <sp> ᮜ ᮄ ᮔ᮪ <sp> ᮛᮦ ᮊ᮪ <sp> ᮔᮤ ᮒᮂ <sp> ᮊᮥ ᮛᮤᮀ <sp> ᮒᮦ ᮃ <sp> ᮊ <sp> ᮝ ᮛᮥᮀ <sp> ᮙ <sp> ᮄ ᮏᮨ ᮙ᮪ <sp> ᮙᮩ ᮜᮤ <sp> ᮘᮦ ᮃ ᮞ᮪ <sp> ᮄᮂ <sp> ᮜ ᮄ ᮔ᮪ <sp> ᮛᮦ ᮊ᮪ <sp> ᮙᮩ ᮜᮤ <sp> ᮏ ᮝ ᮘ᮪ <sp> ᮄ ᮔ᮪ ᮓᮥᮀ ᮔ <sp> ᮛᮦ ᮊ᮪ <sp> ᮍ ᮔ᮪ ᮏᮥ ᮊ᮪ <sp> ᮞᮥ ᮌ ᮔ᮪ <sp> ᮓᮤ ᮘᮨ ᮛᮨ,101,"Ku sabab éta, pok manéhna nanya ka indungna, ""Ema téh lain rék nitah kuring téa ka warung Ma Ijem meuli béas?"" ""Ih, lain rék meuli,"" jawab indungna, ""rék nganjuk, sugan dibere.",noto
budak_teuneung_fonts/bt_0061_noto.png,budak_teuneung_samsoedi_1930.pdf,ᮔ ᮠ <sp> ᮈ ᮙ <sp> ᮙ ᮊᮦ <sp> ᮍ ᮔ᮪ ᮏᮥ ᮊ᮪,13,"""Naha Ema maké nganjuk?",noto
budak_teuneung_fonts/bt_0062_noto.png,budak_teuneung_samsoedi_1930.pdf,ᮃ ᮕ ᮔ᮪ <sp> ᮎ ᮛᮦ ᮊ᮪ <sp> ᮈ ᮙ <sp> ᮒᮩ <sp> ᮠ ᮓᮦ <sp> ᮊ ᮎᮤ ᮓ <sp> ᮏ ᮜ᮪ ᮙ <sp> ᮔᮥ <sp> ᮞᮧ ᮊ᮪ <sp> ᮅ ᮔ᮪ ᮏ ᮊ᮪ <sp> ᮃ ᮔ᮪ ᮏᮥ ᮊ᮪ <sp> ᮒᮦᮂ <sp> ᮜ ᮄ ᮔ᮪ <sp> ᮈ ᮑ <sp> ᮘᮨ ᮔᮨᮁ <sp> ᮒᮩ <sp> ᮠ ᮓᮦ <sp> ᮒᮦ ᮃ <sp> ᮙᮂ <sp> ᮎᮦ ᮊ᮪ <sp> ᮄ ᮔ᮪ ᮓᮥᮀ ᮔ <sp> ᮘ ᮛᮤ <sp> ᮍ ᮜᮤ ᮙ᮪ ᮘ <sp> ᮒ ᮕᮤ <sp> ᮃ ᮚᮩ ᮔ <sp> ᮙᮂ <sp> ᮊ ᮕ ᮊ᮪ ᮞ <sp> ᮞ ᮘ ᮘ᮪ <sp> ᮒ ᮚ <sp> ᮊᮩᮁ <sp> ᮙᮩ ᮜᮤ ᮔ <sp> ᮃᮂ <sp> ᮊᮩ ᮔ᮪ <sp> ᮘ ᮆ <sp> ᮙ <sp> ᮒᮧᮀ <sp> ᮅ ᮔ᮪ ᮏ ᮊ᮪ <sp> ᮃ ᮔ᮪ ᮏᮥ ᮊ᮪ <sp> ᮒᮩ ᮄᮀ <sp> ᮎᮦ ᮊ᮪ <sp> ᮞᮤ <sp> ᮝᮁ ᮏᮤ <sp> ᮞ ᮍᮥ <sp> ᮔᮥ <sp> ᮊ ᮙ ᮛᮤ <sp> ᮒᮦ ᮃ <sp> ᮘ ᮆ <sp> ᮞᮩ ᮕ ᮔ᮪ ᮊᮩ ᮔ᮪ <sp> ᮓᮩ ᮄ <sp> ᮊᮩ ᮔ᮪ <sp> ᮘ ᮆ <sp> ᮠ ᮞᮩ ᮙ᮪ <sp> ᮠ ᮞᮩ ᮙ᮪ <sp> ᮇ ᮌᮦ <sp> ᮜᮥ ᮙ ᮚ ᮔ᮪ <sp> ᮄᮂ <sp> ᮞ ᮍᮥ <sp> ᮔᮥ <sp> ᮌᮩ ᮞ᮪ <sp> ᮠ ᮞᮩ ᮙ᮪ <sp> ᮙᮂ <sp> ᮞᮧ ᮊ᮪ <sp> ᮏ ᮓᮤ <sp> ᮊ ᮞ ᮊᮤ ᮒ᮪ <sp> ᮎᮦ ᮊ᮪ <sp> ᮄ ᮔ᮪ ᮓᮥᮀ ᮔ,217,"Apan carék Ema teu hadé kacida jalma nu sok unjak-anjuk téh, lain?"" ""Enya bener teu hadé téa mah,"" cék indungna bari ngalimba, ""tapi ayeuna mah kapaksa ..., sabab taya keur meulina."" ""Ah, keun baé Ma, tong unjak-anjuk teuing,"" cék Si Warji, ""sangu nu kamari téa baé seupankeun deui, keun baé haseum-haseum ogé lumayan."" ""Ih, sangu nu geus haseum mah sok jadi kasakit,"" cék indungna.",noto
budak_teuneung_fonts/bt_0063_noto.png,budak_teuneung_samsoedi_1930.pdf,ᮙᮨ ᮔ᮪ ᮓᮤᮀ <sp> ᮍ ᮔ᮪ ᮏᮥ ᮊ᮪ <sp> ᮘ ᮆ <sp> ᮘᮦ ᮃ ᮞ᮪ ᮔ <sp> ᮞ ᮘ ᮒᮧ ᮊ᮪ <sp> ᮙᮂ <sp> ᮊ <sp> ᮝ ᮛᮥᮀ <sp> ᮈᮀ ᮊᮦ <sp> ᮇ ᮌᮦ <sp> ᮃ ᮛᮤ <sp> ᮌᮩ ᮞ᮪ <sp> ᮘᮧ ᮌ <sp> ᮓᮥ ᮜ᮪ ᮒ᮪ <sp> ᮙᮧ <sp> ᮘᮥ ᮛᮥᮀ <sp> ᮓᮤ <sp> ᮘ ᮚᮁ <sp> ᮞᮤ <sp> ᮝᮁ ᮏᮤ <sp> ᮜᮦ ᮇ ᮞ᮪ <sp> ᮄ ᮔ᮪ ᮓᮤ ᮒ᮪ <sp> ᮊ <sp> ᮝ ᮛᮥᮀ <sp> ᮘ ᮛᮤ <sp> ᮙ ᮝ <sp> ᮘᮧ ᮘᮧ ᮊᮧ <sp> ᮜᮩ ᮒᮤ ᮊ᮪ <sp> ᮊᮩᮁ <sp> ᮝ ᮓᮂ <sp> ᮘᮦ ᮃ ᮞ᮪,99,"""Mending nganjuk baé béasna sabatok mah ka warung, engké ogé ari geus boga dult mo burung di- bayar."" Si Warji léos indit ka warung bari mawa boboko leutik keur wadah béas.",noto
budak_teuneung_fonts/bt_0064_noto.png,budak_teuneung_samsoedi_1930.pdf,ᮓᮨ ᮙᮤ <sp> ᮒᮥ ᮊᮀ <sp> ᮝ ᮛᮥᮀ <sp> ᮃ ᮔᮥ <sp> ᮛᮦ ᮊ᮪ <sp> ᮓᮤ ᮃ ᮔ᮪ ᮏᮥ ᮊ ᮔ᮪ <sp> ᮒᮦᮂ <sp> ᮏ ᮜ᮪ ᮙ <sp> ᮕᮧ ᮠ ᮛ <sp> ᮎᮨ ᮎᮨ ᮜ᮪ ᮔ <sp> ᮏᮩᮀ <sp> ᮊᮧ ᮛᮦ ᮒ᮪ <sp> ᮓᮩ ᮄᮂ <sp> ᮎ ᮓᮥ <sp> ᮊ ᮔ <sp> ᮒᮥ ᮒᮥ ᮜᮥᮀ <sp> ᮒ ᮛ <sp> ᮕᮤ ᮞ ᮔ᮪ <sp> ᮄ ᮘ ᮓᮂ <sp> ᮊ <sp> ᮕ ᮕ ᮓ <sp> ᮊ ᮅ ᮜ <sp> ᮃ ᮔᮥ <sp> ᮓᮤ ᮄ ᮍᮨ ᮒ᮪ ᮊᮩ ᮔ᮪ <sp> ᮊᮥ <sp> ᮙ ᮔᮦ ᮠ ᮔ ᮔ <sp> ᮞ ᮜᮤ ᮜ ᮔ <sp> ᮍ ᮔ᮪ <sp> ᮒᮤ ᮔ <sp> ᮕᮨᮁ ᮊ ᮛ <sp> ᮊ ᮅ ᮔ᮪ ᮒᮥ ᮍ ᮔ᮪ <sp> ᮘ ᮆ,119,"Demi tukang warung anu rék dianjukan téh jalma pohara cecelna jeung korét deuih, cadu kana tutulung, tara pisan ibadah ka papada kaula, anu diingetkeun ku manéhanana salilana ngan tina perkara kauntungan baé.",noto
budak_teuneung_fonts/bt_0065_noto.png,budak_teuneung_samsoedi_1930.pdf,ᮒ ᮕᮤ <sp> ᮞ ᮔ ᮏ ᮔ᮪ <sp> ᮃ ᮙ᮪ ᮘᮥ <sp> ᮄ ᮏᮨ ᮙ᮪ <sp> ᮞ ᮊᮤ ᮒᮥ <sp> ᮎᮨ ᮎᮨ ᮜ᮪ ᮔ <sp> ᮏᮨ ᮜᮨ ᮙ <sp> ᮒᮦᮂ <sp> ᮒᮩ <sp> ᮘᮥ ᮛᮥᮀ <sp> ᮛ ᮘᮥ ᮜ᮪ <sp> ᮘ ᮆ <sp> ᮘ ᮛᮀ ᮘᮩ ᮜᮤ <sp> ᮊ <sp> ᮙ ᮔᮦ ᮠ ᮔ ᮔ <sp> ᮜ ᮔ᮪ ᮒ ᮛ ᮔ᮪ <sp> ᮍ ᮝ ᮛᮥᮀ ᮔ <sp> ᮒ ᮚ <sp> ᮙᮥ ᮞᮥᮂ <sp> ᮊ ᮝᮥ ᮝᮥᮂ <sp> ᮞᮦ ᮛᮦ ᮝᮦ ᮜ᮪ <sp> ᮘᮤ ᮞ <sp> ᮑ ᮛᮤ ᮒ <sp> ᮘᮤ ᮞ <sp> ᮍᮧ ᮜᮧ <sp> ᮍᮧ ᮜᮧ <sp> ᮔᮥ <sp> ᮘ ᮛᮀ <sp> ᮘᮩ ᮜᮤ <sp> ᮏ ᮘ <sp> ᮒᮤ <sp> ᮊᮤ ᮒᮥ <sp> ᮒᮦᮂ <sp> ᮊᮥ ᮃ ᮒ᮪ <sp> ᮞᮥ ᮙ᮪ ᮕᮂ <sp> ᮓᮩ ᮄ,126,"Tapi sanajan Ambu Ijem sakitu cecelna, jelema téh teu burung rabul baé barangbeuli ka manéhanana, lantaran ngawarungna taya musuh, kawuwuh séréwél bisa nyarita, bisa ngolo-ngolo nu barang beuli, jaba ti kitu téh kuat sumpah deui.",noto
budak_teuneung_fonts/bt_0066_noto.png,budak_teuneung_samsoedi_1930.pdf,ᮅ ᮕ ᮙ <sp> ᮓ ᮌ ᮍ ᮔ ᮔ <sp> ᮃ ᮚ <sp> ᮔᮥ <sp> ᮑᮨ ᮘᮥ ᮒ᮪ <sp> ᮊᮩ ᮔ᮪ <sp> ᮙ ᮠ ᮜ᮪ <sp> ᮒᮩ ᮄᮀ <sp> ᮙ ᮔᮦᮂ ᮔ <sp> ᮞᮧ ᮊ᮪ <sp> ᮒ ᮛ <sp> ᮄᮀ ᮌᮤ ᮞ᮪ <sp> ᮞᮥ ᮙ᮪ ᮕᮂ <sp> ᮊᮤ ᮉ <sp> ᮓ ᮆ ᮊ᮪ <sp> ᮙᮨ ᮓᮥ <sp> ᮓ ᮆ ᮊ᮪ <sp> ᮘᮥ ᮞᮥᮀ <sp> ᮓ ᮆ ᮊ᮪ <sp> ᮓᮤ ᮘᮦ ᮔ᮪ ᮒᮁ <sp> ᮌᮨ ᮜ ᮕ᮪ <sp> ᮄ ᮉ <sp> ᮒᮦᮂ <sp> ᮕ ᮙᮩ ᮜᮤ ᮃ ᮔ ᮔ <sp> ᮇ ᮌᮦ <sp> ᮙ ᮠ ᮜ᮪ <sp> ᮃ ᮙ᮪ ᮘᮥ <sp> ᮄ ᮏᮨ ᮙ᮪ <sp> ᮌᮩ ᮞ᮪ <sp> ᮃ ᮕ ᮜᮩ ᮔ᮪ <sp> ᮕᮤ ᮞ ᮔ᮪ <sp> ᮊ <sp> ᮞ ᮊᮥᮁ <sp> ᮔᮥ <sp> ᮞᮧ ᮊ᮪ <sp> ᮍ <sp> ᮜᮀ ᮌ ᮔ᮪ <sp> ᮘ ᮛᮀ <sp> ᮘᮩ ᮜᮤ <sp> ᮊ <sp> ᮙ ᮔᮦᮂ ᮔ <sp> ᮊᮧ ᮙᮧ <sp> ᮊ <sp> ᮃ ᮙ᮪ ᮘᮥ <sp> ᮝᮁ ᮏᮤ <sp> ᮏᮩᮀ <sp> ᮊ <sp> ᮞᮤ <sp> ᮝᮁ ᮏᮤ <sp> ᮙᮂ <sp> ᮕᮧ ᮠ ᮛ <sp> ᮄ ᮇ ᮙ ᮔ <sp> ᮘᮥ ᮘᮥ ᮠ ᮔ᮪ <sp> ᮒ ᮒᮀ ᮌ <sp> ᮏᮩᮀ <sp> ᮞᮧ ᮊ᮪ <sp> ᮛᮨ ᮙᮨ ᮔ᮪ <sp> ᮒᮥ ᮒᮂ <sp> ᮒᮤ ᮒᮂ <sp> ᮓᮩ ᮄᮂ,202,"Upama daganganana aya nu nyebut- keun mahal teuing, manéhna sok tara inggis sumpah kieu, ""Daék medu, daék busung, daék dibéntar gelap, ieu téh pameulianana ogé mahal."" Ambu Ijem geus apaleun pisan ka sakur nu sok nga- langgan barang beuli ka manéhna, komo ka Ambu Warji jeung ka Si Warji mah pohara Iomana, bubuhan tatangga jeung sok remen tutah-titah deuih.",noto
budak_teuneung_fonts/bt_0067_noto.png,budak_teuneung_samsoedi_1930.pdf,ᮒᮂ <sp> ᮞᮤ <sp> ᮏ ᮜᮥ <sp> ᮊ ᮊ ᮛ <sp> ᮊ ᮏᮩ ᮉᮀ <sp> ᮎᮦ ᮊ᮪ <sp> ᮃ ᮙ᮪ ᮘᮥ <sp> ᮄ ᮏᮨ ᮙ᮪ <sp> ᮊ <sp> ᮞᮤ <sp> ᮝᮁ ᮏᮤ,32,"""Tah Si Jalu kakara kajeueung!"" cék Ambu Ijem ka Si Warji.",noto
budak_teuneung_fonts/bt_0068_noto.png,budak_teuneung_samsoedi_1930.pdf,ᮔ <sp> ᮊ <sp> ᮙ ᮔ <sp> ᮈ ᮜᮥ <sp> ᮘᮨ ᮒ᮪ <sp> ᮌᮩ ᮞ᮪ <sp> ᮞ ᮘ ᮘ ᮛ ᮠ <sp> ᮕᮧ ᮆ <sp> ᮒ ᮚ <sp> ᮒᮦ ᮙ᮪ ᮘᮧᮀ <sp> ᮒᮦ ᮙ᮪ ᮘᮧᮀ <sp> ᮘ ᮜ ᮔ᮪ ᮏ <sp> ᮊ <sp> ᮓᮤ ᮉ <sp> ᮄᮂ <sp> ᮃ ᮕ ᮔ᮪ <sp> ᮄ ᮔ᮪ ᮓᮥᮀ <sp> ᮊᮥ ᮛᮤᮀ <sp> ᮒᮦᮂ <sp> ᮌᮨ ᮛᮤᮀ <sp> ᮎᮦ ᮊ᮪ <sp> ᮞᮤ <sp> ᮝᮁ ᮏᮤ,71,"""Na ka mana Elu, bet geus sababaraha poé taya témbong-témbong balanja ka dieu?"" ""Ih, apan indung kuring téh gering,"" cék Si Warji.",noto
budak_teuneung_fonts/bt_0069_noto.png,budak_teuneung_samsoedi_1930.pdf,ᮉᮂ <sp> ᮃ ᮒᮥᮂ <sp> ᮕ ᮄ ᮍ ᮔ᮪ <sp> ᮌᮩ ᮞ᮪ <sp> ᮞ ᮘ ᮘ ᮛ ᮠ <sp> ᮕᮧ ᮆ <sp> ᮒ ᮚ <sp> ᮈ ᮙ᮪ ᮘᮧ ᮜ᮪ <sp> ᮈ ᮙ᮪ ᮘᮧ ᮜ᮪ <sp> ᮓ ᮒᮀ <sp> ᮙ ᮚᮁ <sp> ᮠᮥ ᮒᮀ <sp> ᮘ ᮜ ᮔ᮪ ᮏ ᮃ ᮔ᮪ <sp> ᮊ <sp> ᮓᮤ ᮉ <sp> ᮎᮦ ᮊ᮪ <sp> ᮃ ᮙ᮪ ᮘᮥ <sp> ᮄ ᮏᮨ ᮙ᮪ <sp> ᮘ ᮛᮤ <sp> ᮞᮨ ᮙᮥ <sp> ᮠ ᮔ᮪ ᮓᮩ ᮉ ᮜ᮪,78,"""Euh, atuh paingan geus sababaraha poé taya embol- embol datang, mayar hutang balanjaan ka dieu,"" cék Ambu Ijem bari semu handeueul.",noto
budak_teuneung_fonts/bt_0070_noto.png,budak_teuneung_samsoedi_1930.pdf,ᮃ ᮛᮤ <sp> ᮈ ᮜᮥ <sp> ᮃ ᮚᮩ ᮔ <sp> ᮊ <sp> ᮓᮤ ᮉ <sp> ᮒᮦᮂ <sp> ᮓᮤ ᮒᮤ ᮒᮂ <sp> ᮙ ᮚᮁ <sp> ᮠᮥ ᮒᮀ <sp> ᮄᮂ <sp> ᮜ ᮄ ᮔ᮪ <sp> ᮓᮤ ᮒᮤ ᮒᮂ <sp> ᮙ ᮚᮁ <sp> ᮠᮥ ᮒᮀ <sp> ᮒ ᮕᮤ,45,"""Ari Elu ayeuna ka dieu téh dititah mayar hutang?"" ""Ih, lain dititah mayar hutang, tapi ....",noto
budak_teuneung_fonts/bt_0071_noto.png,budak_teuneung_samsoedi_1930.pdf,ᮓᮤ ᮒᮤ ᮒᮂ <sp> ᮍ ᮔ᮪ ᮏᮥ ᮊ᮪ <sp> ᮘᮦ ᮃ ᮞ᮪ <sp> ᮞ ᮘ ᮒᮧ ᮊ᮪ <sp> ᮃᮂ <sp> ᮕᮤ ᮛ ᮊᮥ <sp> ᮍ ᮠ ᮚᮧᮂ <sp> ᮘ ᮆ <sp> ᮎᮦ ᮊ᮪ <sp> ᮃ ᮙ᮪ ᮘᮥ <sp> ᮄ ᮏᮨ ᮙ᮪ <sp> ᮃ ᮛᮤ <sp> ᮔ ᮅᮁ ᮔ <sp> ᮎ ᮔ᮪ <sp> ᮞ ᮕᮦ ᮞᮦᮁ <sp> ᮕᮦ ᮞᮦᮁ <sp> ᮃ ᮎ ᮔ᮪ <sp> ᮈᮀ ᮊᮦ <sp> ᮇ ᮌᮦ <sp> ᮃ ᮛᮤ <sp> ᮈ ᮙ <sp> ᮌᮩ ᮞ᮪ <sp> ᮎ ᮌᮩᮁ <sp> ᮞᮁ ᮒ <sp> ᮌᮩ ᮞ᮪ <sp> ᮘᮤ ᮞ <sp> ᮓᮩ ᮄ <sp> ᮊᮥ ᮜᮤ <sp> ᮙᮧ ᮃ ᮜ᮪ <sp> ᮘᮥ ᮛᮥᮀ <sp> ᮓᮤ ᮘ ᮚᮁ <sp> ᮇ ᮙᮧᮀ <sp> ᮞᮤ <sp> ᮝᮁ ᮏᮤ,114,"dititah nganjuk béas sabatok."" ""Ah, piraku ngahayoh baé,"" cék Ambu Ijem, ""ari naurna can sapésér-pésér acan."" ""Engké ogé ari Ema geus cageur sarta geus bisa deui kuli, moal burung dibayar,"" omong Si Warji.",noto
budak_teuneung_fonts/bt_0072_noto.png,budak_teuneung_samsoedi_1930.pdf,ᮃᮂ <sp> ᮙᮧ ᮃ ᮜ᮪ <sp> ᮙᮧ ᮃ ᮜ᮪ <sp> ᮓᮤ ᮘᮦ ᮛᮦ <sp> ᮍ ᮔ᮪ ᮏᮥ ᮊ᮪ <sp> ᮓᮩ ᮄ <sp> ᮃ ᮛᮤ <sp> ᮒ ᮎ ᮔ᮪ <sp> ᮍ <sp> ᮜᮥ ᮔ ᮞ ᮔ᮪ <sp> ᮠᮥ ᮒᮀ <sp> ᮔᮥ <sp> ᮒᮤ <sp> ᮠᮩ ᮜ <sp> ᮙᮂ <sp> ᮔ ᮠ <sp> ᮞ ᮘ ᮛ ᮠ <sp> ᮠᮥ ᮒᮀ <sp> ᮄ ᮔ᮪ ᮓᮥᮀ <sp> ᮊᮥ ᮛᮤᮀ <sp> ᮒᮦᮂ <sp> ᮎᮦ ᮊ᮪ <sp> ᮞᮤ <sp> ᮝᮁ ᮏᮤ <sp> ᮊ <sp> ᮃ ᮙ᮪ ᮘᮥ <sp> ᮄ ᮏᮨ ᮙ᮪,85,"""Ah, moal, moal dibéré nganjuk deui, ari tacan nga- lunasan hutang nu ti heula mah."" ""Naha sabaraha hutang indung kuring téh?"" cék Si Warji ka Ambu Ijem.",noto
budak_teuneung_fonts/bt_0073_noto.png,budak_teuneung_samsoedi_1930.pdf,ᮄᮂ <sp> ᮌᮨ ᮓᮦ <sp> ᮎᮦ ᮊ᮪ <sp> ᮃ ᮙ᮪ ᮘᮥ <sp> ᮄ ᮏᮨ ᮙ᮪,15,"""Ih, gedé,"" cék Ambu Ijem.",noto
budak_teuneung_fonts/bt_0074_noto.png,budak_teuneung_samsoedi_1930.pdf,ᮠᮥ ᮒᮀ <sp> ᮘᮦ ᮃ ᮞ᮪ <sp> ᮜᮤ ᮙ <sp> ᮘᮦᮀ ᮌᮧ ᮜ᮪ <sp> ᮠᮥ ᮒᮀ <sp> ᮞ ᮙ᮪ ᮘᮨ ᮜᮩ ᮔ᮪ <sp> ᮓᮥ ᮃ <sp> ᮞᮦ ᮔ᮪ <sp> ᮏ ᮓᮤ <sp> ᮇ ᮕ ᮒ᮪ <sp> ᮝᮨ ᮜ ᮞ᮪ <sp> ᮞᮦ ᮔ᮪ <sp> ᮞ ᮕᮨ ᮞᮨᮁ,46,"""Hutang béas lima bénggol, hutang sambeleun dua sén jadi opat welas sén sapeser.",noto
budak_teuneung_fonts/bt_0075_noto.png,budak_teuneung_samsoedi_1930.pdf,ᮞᮤ <sp> ᮝᮁ ᮏᮤ <sp> ᮍ ᮠᮥ ᮜᮨᮀ <sp> ᮍ ᮓᮦ ᮍᮦ <sp> ᮇ ᮙᮧᮀ <sp> ᮃ ᮙ᮪ ᮘᮥ <sp> ᮄ ᮏᮨ ᮙ᮪ <sp> ᮊᮤ ᮒᮥ <sp> ᮒᮦᮂ <sp> ᮓᮤ ᮔ <sp> ᮠ ᮒᮦ ᮔ <sp> ᮕᮧ ᮠ ᮛ <sp> ᮍᮨ ᮔᮨ ᮞᮩ ᮔ ᮔ <sp> ᮕᮦ ᮓᮂ <sp> ᮊ ᮊ ᮛ <sp> ᮇ ᮌᮦ <sp> ᮘᮧ ᮌ <sp> ᮠᮥ ᮒᮀ <sp> ᮞ ᮊᮤ ᮒᮥ <sp> ᮌᮩ ᮞ᮪ <sp> ᮒᮩ <sp> ᮓᮤ ᮘᮦ ᮛᮦ <sp> ᮍ ᮔ᮪ ᮏᮥ ᮊ᮪ <sp> ᮓᮩ ᮄ <sp> ᮕ ᮓ ᮠ ᮜ᮪ <sp> ᮎ ᮔ᮪ <sp> ᮒᮀ ᮒᮥ <sp> ᮒᮩ <sp> ᮓᮤ ᮘ ᮚᮁ,99,"Si Warji ngahuleng ngadéngé omong Ambu Ijem kitu téh, dina haténa pohara ngeneseunana, pédah kakara ogé boga hutang sakitu, geus teu dibéré nganjuk deui, padahal can tangtu teu dibayar.",noto
budak_teuneung_fonts/bt_0076_noto.png,budak_teuneung_samsoedi_1930.pdf,ᮈ ᮙ᮪ ᮘᮤ <sp> ᮎᮦ ᮊ᮪ <sp> ᮞᮤ <sp> ᮝᮁ ᮏᮤ <sp> ᮃ ᮒᮥᮂ <sp> ᮃ ᮛᮤ <sp> ᮞᮤ ᮉ ᮔ᮪ <sp> ᮒᮩ <sp> ᮓᮤ ᮘ ᮚᮁ <sp> ᮙᮂ <sp> ᮄ ᮉ <sp> ᮘ ᮆ <sp> ᮘ ᮏᮥ <sp> ᮊᮥ ᮛᮤᮀ <sp> ᮒ ᮔ᮪ ᮓᮧ ᮔ᮪ ᮔ <sp> ᮘ ᮏᮥ <sp> ᮒ ᮔ᮪ ᮓᮧ ᮔ᮪ ᮔ <sp> ᮎᮦ ᮊ᮪ <sp> ᮃ ᮙ᮪ ᮘᮥ <sp> ᮄ ᮏᮨ ᮙ᮪ <sp> ᮘ ᮛᮤ <sp> ᮔᮩ ᮒᮩ ᮕ᮪ <sp> ᮊ ᮔ <sp> ᮘ ᮏᮥ <sp> ᮞᮤ <sp> ᮝᮁ ᮏᮤ,85,"""Embi,"" cék Si Warji, ""atuh ari sieun teu dibayar mah, ieu baé baju kuring tandonna."" ""Baju tandonna?"" cék Ambu Ijem bari neuteup kana baju Si Warji.",noto
budak_teuneung_fonts/bt_0077_noto.png,budak_teuneung_samsoedi_1930.pdf,ᮃᮂ <sp> ᮘ ᮏᮥ <sp> ᮊᮤ ᮒᮥ <sp> ᮙᮂ <sp> ᮙᮧ ᮃ ᮜ᮪ <sp> ᮞ ᮘ ᮛ ᮠ <sp> ᮠᮁ ᮌ ᮔ,22,"""Ah, baju kitu mah moal sabaraha hargana.",noto
budak_teuneung_fonts/bt_0078_noto.png,budak_teuneung_samsoedi_1930.pdf,ᮒᮤ <sp> ᮙ ᮔ <sp> ᮈ ᮜᮥ <sp> ᮙᮩ ᮔᮀ <sp> ᮘ ᮏᮥ <sp> ᮊᮤ ᮒᮥ <sp> ᮕ ᮕ ᮛᮤ ᮔ᮪ <sp> ᮏᮥ ᮛ ᮌ ᮔ᮪ <sp> ᮜᮥ ᮛᮂ <sp> ᮊ ᮙ ᮛᮤ <sp> ᮜᮥᮀ ᮞᮥ ᮛ ᮔ᮪ <sp> ᮃ ᮞᮦ ᮕ᮪ <sp> ᮇ ᮔᮧ ᮔ᮪ <sp> ᮘᮩ ᮜᮤ <sp> ᮘ ᮆ <sp> ᮃ ᮒᮥᮂ <sp> ᮊᮥ <sp> ᮈ ᮙ᮪ ᮘᮤ <sp> ᮞ ᮒ ᮜᮦ ᮔ᮪ <sp> ᮑ <sp> ᮎᮦ ᮊ᮪ <sp> ᮃ ᮙ᮪ ᮘᮥ <sp> ᮄ ᮏᮨ ᮙ᮪,79,"Ti mana Elu meunang baju kitu?"" ""Paparin Juragan Lurah, kamari, lungsuran Asép Onon."" ""Beuli baé atuh ku Embi satalén, nya?"" cék Ambu Ijem.",noto
budak_teuneung_fonts/bt_0079_noto.png,budak_teuneung_samsoedi_1930.pdf,ᮜᮥ ᮙ ᮚ ᮔ᮪ <sp> ᮞᮥ ᮌ ᮔ᮪ <sp> ᮙᮩ ᮏᮩᮂ ᮔ <sp> ᮊᮩᮁ <sp> ᮞᮤ <sp> ᮅ ᮒᮥ ᮔ᮪ <sp> ᮃᮂ <sp> ᮙᮧ ᮃ ᮜ᮪ <sp> ᮓᮤ ᮏᮥ ᮃ ᮜ᮪ <sp> ᮎᮦ ᮊ᮪ <sp> ᮞᮤ <sp> ᮝᮁ ᮏᮤ <sp> ᮊᮥ ᮛᮀ <sp> ᮠ ᮓᮦ <sp> ᮍ ᮏᮥ ᮃ ᮜ᮪ <sp> ᮘ ᮛᮀ <sp> ᮕ ᮙᮦ ᮛᮦ <sp> ᮙᮂ <sp> ᮕ ᮙ ᮜᮤ,63,"""Lumayan sugan meujeuhna keur Si Utun."" ""Ah, moal dijual,"" cék Si Warji, ""kurang hadé ngajual barang paméré mah, pamali.",noto
budak_teuneung_fonts/bt_0080_noto.png,budak_teuneung_samsoedi_1930.pdf,ᮙᮥ ᮔ᮪ <sp> ᮓᮤ ᮒ ᮛᮤ ᮙ <sp> ᮊᮩᮁ <sp> ᮒ ᮔ᮪ ᮓᮧ ᮔ᮪ <sp> ᮙᮂ <sp> ᮑ <sp> ᮓᮤ ᮒ ᮔ᮪ ᮓᮧ ᮔ᮪ ᮊᮩ ᮔ᮪ <sp> ᮘ ᮆ <sp> ᮠᮩ ᮌ᮪ <sp> ᮘ ᮆ <sp> ᮛᮦ ᮊ᮪ <sp> ᮓᮤ ᮒ ᮔ᮪ ᮓᮧ ᮔ᮪ ᮊᮩ ᮔ᮪ <sp> ᮇ ᮌᮦ <sp> ᮎᮦ ᮊ᮪ <sp> ᮃ ᮙ᮪ ᮘᮥ <sp> ᮄ ᮏᮨ ᮙ᮪ <sp> ᮒ ᮕᮤ <sp> ᮜ ᮙᮥ ᮔ᮪ <sp> ᮓᮤ ᮔ <sp> ᮏᮨ ᮛᮧ <sp> ᮞ ᮙᮤᮀ ᮌᮥ <sp> ᮠᮥ ᮒᮀ ᮔ <sp> ᮎ ᮔ᮪ <sp> ᮓᮤ ᮘ ᮚᮁ <sp> ᮊᮦ ᮔᮦᮂ <sp> ᮘ ᮆ <sp> ᮆ ᮒ <sp> ᮘ ᮏᮥ <sp> ᮊ ᮕᮤ ᮙᮤ ᮜᮤ ᮊ᮪ <sp> ᮊᮥ <sp> ᮈ ᮙ᮪ ᮘᮤ <sp> ᮑ <sp> ᮊᮤ ᮒᮥ <sp> ᮑ <sp> ᮊᮤ ᮒᮥ <sp> ᮎᮦ ᮊ᮪ <sp> ᮞᮤ <sp> ᮝᮁ ᮏᮤ,130,"Mun ditarima keur tandon mah nya ditandonkeun baé."" ""Heug baé rék ditandonkeun ogé,"" cék Ambu Ijem, ""tapi lamun dina jero saminggu hutangna can dibayar kénéh baé, éta baju kapimilik ku Embi, nya?"" ""Kitu, nya kitu,"" cék Si Warji.",noto
budak_teuneung_fonts/bt_0081_noto.png,budak_teuneung_samsoedi_1930.pdf,ᮊ ᮓᮤ ᮉ ᮊᮩ ᮔ᮪ <sp> ᮃ ᮒᮥᮂ <sp> ᮘᮧ ᮘᮧ ᮊᮧ ᮔ <sp> ᮅ ᮛᮀ <sp> ᮉ ᮞᮤ ᮃ ᮔ᮪ <sp> ᮘᮦ ᮃ ᮞ᮪ <sp> ᮎᮦ ᮊ᮪ <sp> ᮃ ᮙ᮪ ᮘᮥ <sp> ᮄ ᮏᮨ ᮙ᮪ <sp> ᮕᮦ ᮊ᮪ <sp> ᮌᮩ ᮛ <sp> ᮜ ᮃ ᮔ᮪ <sp> ᮘ ᮏᮥ ᮔ <sp> ᮞᮤ <sp> ᮝᮁ ᮏᮤ <sp> ᮒᮥ ᮜᮥ ᮚ᮪ <sp> ᮍ ᮜ ᮃ ᮔ᮪ <sp> ᮘ ᮏᮥ ᮔ <sp> ᮞᮧ ᮊ᮪ <sp> ᮓᮤ ᮘᮤ ᮊᮩ ᮔ᮪ <sp> ᮊ <sp> ᮒᮥ ᮊᮀ <sp> ᮝ ᮛᮥᮀ,84,"""Kadieukeun atuh bobokona urang eusian béas!"" cék Ambu Ijem, ""Pék geura laan bajuna!"" Si Warji tuluy ngalaan bajuna, sok dibikeun ka tukang warung.",noto
budak_teuneung_fonts/bt_0082_noto.png,budak_teuneung_samsoedi_1930.pdf,ᮊᮦ <sp> ᮅ ᮛᮀ <sp> ᮞᮤ ᮔ <sp> ᮓᮤ ᮃ ᮏ ᮛ ᮔ᮪ <sp> ᮠᮩ ᮜ <sp> ᮊᮥ <sp> ᮞᮤ <sp> ᮅ ᮒᮥ ᮔ᮪ <sp> ᮎᮦ ᮊ᮪ <sp> ᮃ ᮙ᮪ ᮘᮥ <sp> ᮄ ᮏᮨ ᮙ᮪ <sp> ᮘ ᮛᮤ <sp> ᮒᮥ ᮜᮥ ᮚ᮪ <sp> ᮑᮨ ᮜᮥ ᮊ ᮔ᮪ <sp> ᮃ ᮔ ᮊ᮪ ᮔ <sp> ᮅ ᮒᮥ ᮔ᮪,56,"ké urang sina diajaran heula ku Si Utun,"" cék Ambu Ijem bari tuluy nyelukan anakna: ""Utun!",noto
budak_teuneung_fonts/bt_0083_noto.png,budak_teuneung_samsoedi_1930.pdf,ᮎᮤᮀ <sp> ᮄ ᮉ <sp> ᮃ ᮏ ᮛ ᮔ᮪ <sp> ᮘ ᮏᮥ <sp> ᮞᮤ <sp> ᮅ ᮒᮥ ᮔ᮪ <sp> ᮔᮧ ᮛᮧ ᮏᮧ ᮜ᮪ <sp> ᮒᮤ <sp> ᮓ ᮕᮥᮁ <sp> ᮘ ᮛᮤ <sp> ᮑᮦ ᮛᮦ ᮍᮦᮂ <sp> ᮞᮨ ᮙᮥ <sp> ᮃ ᮒᮧᮂ,41,"Cing ieu ajaran baju!"" Si Utun norojol ti dapur bari nyéréngéh semu atoh.",noto
budak_teuneung_fonts/bt_0084_noto.png,budak_teuneung_samsoedi_1930.pdf,ᮔ ᮇ ᮔ᮪ <sp> ᮈ ᮙ <sp> ᮘ ᮛᮥ ᮊ᮪ <sp> ᮘ ᮏᮥ <sp> ᮠᮩ ᮉᮂ <sp> ᮄ ᮉ <sp> ᮘ ᮏᮥ <sp> ᮃ ᮏ ᮛ ᮔ᮪ <sp> ᮎᮦ ᮊ᮪ <sp> ᮄ ᮔ᮪ ᮓᮥᮀ ᮔ,35,"""Naon Ema, baruk baju?"" ""Heueuh, ieu baju ajaran,"" cék indungna.",noto
budak_teuneung_fonts/bt_0085_noto.png,budak_teuneung_samsoedi_1930.pdf,ᮒᮥ ᮜᮥ ᮚ᮪ <sp> ᮘ ᮏᮥ ᮔ <sp> ᮊᮥ <sp> ᮞᮤ <sp> ᮅ ᮒᮥ ᮔ᮪ <sp> ᮓᮤ ᮃ ᮏ ᮛ ᮔ᮪,21,Tuluy bajuna ku Si Utun diajaran.,noto
budak_teuneung_fonts/bt_0086_noto.png,budak_teuneung_samsoedi_1930.pdf,ᮉ ᮜᮩᮂ <sp> ᮙᮩ ᮏᮩᮂ ᮔ <sp> ᮕᮤ ᮞ ᮔ᮪ <sp> ᮙ,12,"""Euleuh meujeuhna pisan Ma.",noto
budak_teuneung_fonts/bt_0087_noto.png,budak_teuneung_samsoedi_1930.pdf,ᮒ ᮕᮤ <sp> ᮔ ᮠ <sp> ᮘᮨ ᮒ᮪ <sp> ᮏᮤ ᮌ <sp> ᮏᮤ ᮌ <sp> ᮘ ᮏᮥ <sp> ᮃ ᮞᮦ ᮕ᮪ <sp> ᮇ ᮔᮧ ᮔ᮪ <sp> ᮈ ᮑ <sp> ᮜᮥᮀ ᮞᮥ ᮛ ᮔ᮪ <sp> ᮃ ᮞᮦ ᮕ᮪ <sp> ᮇ ᮔᮧ ᮔ᮪ <sp> ᮓᮤ ᮘᮤ ᮊᮩ ᮔ᮪ <sp> ᮊ <sp> ᮞᮤ <sp> ᮝᮁ ᮏᮤ <sp> ᮊᮥ <sp> ᮞᮤ <sp> ᮝᮁ ᮏᮤ <sp> ᮓᮤ ᮒ ᮔ᮪ ᮓᮧ ᮔ᮪ ᮊᮩ ᮔ᮪ <sp> ᮊᮩᮁ <sp> ᮙ ᮚᮁ <sp> ᮠᮥ ᮒᮀ <sp> ᮘᮦ ᮃ ᮞ᮪ <sp> ᮊ <sp> ᮅ ᮛᮀ <sp> ᮎᮦ ᮊ᮪ <sp> ᮄ ᮔ᮪ ᮓᮥᮀ ᮔ,93,"Tapi naha bet jiga-jiga baju Asép Onon?"" ""Enya, lungsuran Asép Onon dibikeun ka Si Warji, ku Si Warji ditandonkeun, keur mayar hutang béas ka urang,"" cék indungna.",noto
budak_teuneung_fonts/bt_0088_noto.png,budak_teuneung_samsoedi_1930.pdf,ᮃᮂ <sp> ᮘᮧ ᮠᮧᮀ <sp> ᮙ <sp> ᮕᮤ ᮛ ᮊᮥ <sp> ᮒᮩ ᮄᮀ <sp> ᮃ ᮞᮦ ᮕ᮪ <sp> ᮇ ᮔᮧ ᮔ᮪ <sp> ᮙᮦ ᮛᮦ <sp> ᮜᮥᮀ ᮞᮥ ᮛ ᮔ᮪ <sp> ᮊ <sp> ᮞᮤ <sp> ᮝᮁ ᮏᮤ,36,"""Ah, bohong Ma, piraku teuing Asép Onon méré lungsuran ka Si Warji?",noto
budak_teuneung_fonts/bt_0089_noto.png,budak_teuneung_samsoedi_1930.pdf,ᮙᮥ ᮔ᮪ <sp> ᮛᮦ ᮊ᮪ <sp> ᮙᮦ ᮛᮦ <sp> ᮇ ᮌᮦ <sp> ᮊ <sp> ᮊᮥ ᮛᮤᮀ <sp> ᮓ <sp> ᮊᮥ ᮛᮤᮀ <sp> ᮞᮧ ᮘ ᮒ᮪ ᮔ,26,"Mun rék méré ogé ka kuring, da kuring sobatna.",noto
budak_teuneung_fonts/bt_0090_noto.png,budak_teuneung_samsoedi_1930.pdf,ᮒᮩ <sp> ᮑ ᮠᮧ <sp> ᮒᮩ ᮄᮀ <sp> ᮎᮦ ᮊ᮪ <sp> ᮄ ᮔ᮪ ᮓᮥᮀ ᮔ,15,"""Teu nyaho teuing ..!"" cék indungna.",noto
budak_teuneung_fonts/bt_0091_noto.png,budak_teuneung_samsoedi_1930.pdf,ᮘᮧ ᮃ <sp> ᮙᮩ ᮔᮀ <sp> ᮙ ᮜᮤᮀ <sp> ᮄ ᮉ <sp> ᮙᮂ <sp> ᮙ <sp> ᮞᮤ <sp> ᮝᮁ ᮏᮤ <sp> ᮓᮤ ᮔ <sp> ᮠ ᮒᮦ ᮔ <sp> ᮞᮤ ᮛᮤ ᮊ᮪ ᮔ <sp> ᮒᮩ <sp> ᮍ ᮏᮨ ᮛᮤ ᮒ᮪ <sp> ᮘ ᮝ ᮔᮤᮀ <sp> ᮊᮥ <sp> ᮍᮨ ᮔᮨ ᮞ᮪ <sp> ᮍ ᮓᮦ ᮍᮦ <sp> ᮇ ᮙᮧ ᮍ ᮔ᮪ <sp> ᮞᮤ <sp> ᮅ ᮒᮥ ᮔ᮪ <sp> ᮊᮤ ᮒᮥ <sp> ᮒᮦᮂ,69,"""Boa meunang maling ieu mah, Ma?"" Si Warji dina haténa sirikna teu ngajerit, bawaning ku ngenes, ngadéngé omongan Si Utun kitu téh.",noto
budak_teuneung_fonts/bt_0092_noto.png,budak_teuneung_samsoedi_1930.pdf,ᮈᮂ <sp> ᮔ ᮠ <sp> ᮊ ᮘᮤ ᮔ <sp> ᮘᮤ ᮔ <sp> ᮒᮩ ᮄᮀ <sp> ᮞᮤ ᮜ ᮄᮀ <sp> ᮍ ᮠᮤ ᮔ <sp> ᮊ <sp> ᮓᮦ ᮝᮦ ᮊ᮪ <sp> ᮅ ᮒᮥ ᮔ᮪ <sp> ᮎᮦ ᮊ᮪ <sp> ᮞᮤ <sp> ᮝᮁ ᮏᮤ <sp> ᮘ ᮛᮤ <sp> ᮑᮥ ᮞᮥ ᮒ ᮔ᮪ <sp> ᮎᮤ ᮕ ᮔᮧ ᮔ᮪,53,"""Eh, naha kabina-bina teuing silaing ngahina ka déwék, Utun!"" cék Si Warji bari nyusutan cipanon.",noto
budak_teuneung_fonts/bt_0093_noto.png,budak_teuneung_samsoedi_1930.pdf,ᮃ ᮒᮥᮂ <sp> ᮓ <sp> ᮈ ᮑ <sp> ᮕᮤ ᮛ ᮊᮥ <sp> ᮘ ᮆ <sp> ᮃ ᮞᮦ ᮕ᮪ <sp> ᮇ ᮔᮧ ᮔ᮪ <sp> ᮘ ᮛᮀ ᮘᮦ ᮛᮦ <sp> ᮊ <sp> ᮞᮤ ᮜ ᮄᮀ <sp> ᮎᮦ ᮊ᮪ <sp> ᮅ ᮒᮥ ᮔ᮪ <sp> ᮘ ᮛᮤ <sp> ᮞᮩ ᮛᮤ,46,"""Atuh da enya, piraku baé Asép Onon barangbéré ka silaing?"" cék Utun bari seuri.",noto
budak_teuneung_fonts/bt_0094_noto.png,budak_teuneung_samsoedi_1930.pdf,ᮃᮂ <sp> ᮊᮩ ᮔ᮪ <sp> ᮘ ᮆ <sp> ᮙ ᮞᮤᮀ <sp> ᮘᮩ ᮔᮀ <sp> ᮙ ᮜᮤᮀ <sp> ᮇ ᮌᮦ <sp> ᮎᮦ ᮊ᮪ <sp> ᮃ ᮙ᮪ ᮘᮥ <sp> ᮄ ᮏᮨ ᮙ᮪ <sp> ᮓ <sp> ᮅ ᮛᮀ <sp> ᮙᮂ <sp> ᮔ ᮛᮤ ᮙ <sp> ᮒ ᮔ᮪ ᮓᮧ ᮔ᮪ <sp> ᮒᮤ <sp> ᮞᮤ <sp> ᮝᮁ ᮏᮤ <sp> ᮊᮥ ᮙ ᮠ <sp> ᮊᮥ ᮙ ᮠ ᮔ <sp> ᮙᮂ <sp> ᮙᮀ ᮞ <sp> ᮘᮧ ᮓᮧ <sp> ᮞᮤ <sp> ᮝᮁ ᮏᮤ <sp> ᮘ ᮆ <sp> ᮍᮧ <sp> ᮙᮧᮀ ᮔ <sp> ᮊᮤ ᮒᮥ <sp> ᮒᮦᮂ <sp> ᮘ ᮛᮤ <sp> ᮑᮧ ᮓᮧᮁ ᮊᮩ ᮔ᮪ <sp> ᮘᮧ ᮘᮧ ᮊᮧ <sp> ᮔᮥ <sp> ᮘᮩ ᮔᮀ <sp> ᮍᮩ ᮞᮤ ᮃ ᮔ᮪ <sp> ᮊᮥ <sp> ᮘᮦ ᮃ ᮞ᮪ <sp> ᮞ ᮘ ᮒᮧ ᮊ᮪ <sp> ᮊ <sp> ᮞᮤ <sp> ᮝᮁ ᮏᮤ,128,"""Ah, keun baé masing beunang maling ogé,"" cék Ambu Ijem, ""da urang mah narima tandon ti Si Warji, kumaha-kumahana mah mangsa bodo Si Warji baé,"" ngo- mongna kitu téh bari nyodorkeun boboko nu beunang ngeusian ku béas sabatok ka Si Warji.",noto
budak_teuneung_fonts/bt_0095_noto.png,budak_teuneung_samsoedi_1930.pdf,ᮞᮀ ᮌᮩ ᮞ᮪ <sp> ᮔ ᮙ᮪ ᮕ ᮔ ᮔ᮪ <sp> ᮘᮧ ᮘᮧ ᮊᮧ <sp> ᮞᮤ <sp> ᮝᮁ ᮏᮤ <sp> ᮒᮥ ᮜᮥ ᮚ᮪ <sp> ᮘ ᮜᮤ ᮊ᮪ <sp> ᮞᮁ ᮒ <sp> ᮓᮤ ᮔ <sp> ᮠ ᮒᮦ ᮔ <sp> ᮕᮧ ᮠ ᮛ <sp> ᮍ ᮌᮨ ᮛᮨ ᮙᮨ ᮒ᮪ ᮔ <sp> ᮍᮨ ᮔᮨ ᮞ᮪ <sp> ᮊᮥ <sp> ᮞ ᮘ ᮘ᮪ <sp> ᮓᮤ <sp> ᮠᮤ ᮔ <sp> ᮓᮤ ᮍ ᮍ ᮛ ᮔ ᮔ᮪ <sp> ᮙ ᮜᮤᮀ <sp> ᮘ ᮏᮥ,75,"Sanggeus nampanan boboko, Si Warji tuluy balik sarta dina haténa pohara ngageremetna, ngenes ku sabab di- hina, dingangaranan maling baju.",noto
budak_teuneung_fonts/bt_0096_noto.png,budak_teuneung_samsoedi_1930.pdf,ᮈᮂ <sp> ᮠ ᮑ ᮊ ᮜ᮪ <sp> ᮃ ᮄᮀ <sp> ᮓᮤ ᮎ ᮛᮦ ᮊ᮪ <sp> ᮌᮨ ᮜᮥ ᮒ᮪ <sp> ᮎᮦ ᮊ᮪ <sp> ᮓᮤ ᮔ <sp> ᮠ ᮒᮦ ᮔ <sp> ᮓ <sp> ᮜ ᮙᮥ ᮔ᮪ <sp> ᮒ ᮎ ᮔ᮪ <sp> ᮓᮤ ᮝ ᮛᮂ <sp> ᮊᮥ <sp> ᮃ ᮄᮀ <sp> ᮙᮂ <sp> ᮆ ᮒ <sp> ᮅ ᮙ ᮒ᮪ <sp> ᮒᮦᮂ <sp> ᮙᮧ ᮃ ᮜ᮪ <sp> ᮝᮨ ᮜᮦᮂ <sp> ᮍ ᮠᮤ ᮔ <sp> ᮙᮧ ᮃ ᮜ᮪ <sp> ᮝᮨ ᮜᮦᮂ <sp> ᮍ ᮌᮧ ᮓ <sp> ᮊ ᮔ <sp> ᮠ ᮒᮦ <sp> ᮃ ᮄᮀ,89,"""Eh, hanyakal aing dicarék gelut,"" cék dina haténa, ""da lamun tacan diwarah ku aing mah, éta umat téh moal weléh ngahina, moal weléh ngagoda kana haté aing.",noto
budak_teuneung_fonts/bt_0097_noto.png,budak_teuneung_samsoedi_1930.pdf,ᮕ ᮄ ᮍ ᮔ᮪ <sp> ᮎᮦ ᮊ᮪ <sp> ᮕ ᮛᮤ ᮘ ᮞ <sp> ᮅ ᮚᮂ <sp> ᮙᮂ <sp> ᮒ ᮛ <sp> ᮒᮦ ᮆ ᮞ᮪ <sp> ᮊ <sp> ᮜᮥ ᮠᮥᮁ <sp> ᮄ ᮔ᮪ ᮓᮥᮀ ᮔ <sp> ᮔᮥ ᮛᮥ ᮞ᮪ ᮒᮥ ᮔ᮪ ᮏᮥᮀ <sp> ᮃ ᮔ ᮊ᮪ ᮔ <sp> ᮇ ᮌᮦ <sp> ᮕᮤ ᮊ ᮞᮨ ᮘᮨ ᮜᮩ ᮔ᮪ <sp> ᮘ ᮛᮀ <sp> ᮞᮤ <sp> ᮝᮁ ᮏᮤ <sp> ᮓ ᮒᮀ <sp> ᮊ <sp> ᮄ ᮙᮂ ᮔ <sp> ᮄ ᮔ᮪ ᮓᮥᮀ ᮔ <sp> ᮊ ᮌᮦ ᮒᮩ ᮔ᮪ <sp> ᮕᮤ ᮞ ᮔ᮪ <sp> ᮛᮦᮂ <sp> ᮞᮤ <sp> ᮝᮁ ᮏᮤ <sp> ᮃ ᮝ ᮊ᮪ ᮔ <sp> ᮘᮥ ᮜᮤ ᮌᮤᮁ <sp> ᮏᮩᮀ <sp> ᮕ ᮔᮧ ᮔ᮪ ᮔ <sp> ᮛ ᮙ᮪ <sp> ᮘᮤ ᮞ ᮊ᮪,117,"paingan cék paribasa uyah mah tara téés ka luhur, indungna nurustunjung, anakna ogé pikasebeleun."" Barang Si Warji datang ka imahna, indungna kagéteun pisan, réh Si Warji awakna buligir jeung panonna ram- bisak.",noto
budak_teuneung_fonts/bt_0098_noto.png,budak_teuneung_samsoedi_1930.pdf,ᮊᮥ <sp> ᮔ ᮇ ᮔ᮪ <sp> ᮞᮤ ᮃ <sp> ᮒᮦᮂ <sp> ᮝᮁ ᮏᮤ <sp> ᮙ ᮊᮦ <sp> ᮎᮩ ᮛᮤ ᮊ᮪,20,"""Ku naon sia téh Warji, maké ceurik?",noto
budak_teuneung_fonts/bt_0099_noto.png,budak_teuneung_samsoedi_1930.pdf,ᮏᮩᮀ <sp> ᮔ ᮠ <sp> ᮘᮥ <sp> ᮘᮥ ᮜᮤ ᮌᮤ ᮛ ᮔ᮪ <sp> ᮓᮤ ᮊ ᮙ ᮔ ᮊᮩ ᮔ᮪ <sp> ᮘ ᮏᮥ <sp> ᮞᮤ ᮃ <sp> ᮓᮤ ᮒ ᮔ᮪ ᮓᮧ ᮔ᮪ ᮊᮩ ᮔ᮪ <sp> ᮊ ᮔ <sp> ᮠᮥ ᮒᮀ <sp> ᮎᮦ ᮊ᮪ <sp> ᮞᮤ <sp> ᮝᮁ ᮏᮤ <sp> ᮘ ᮛᮤ <sp> ᮓᮥ <sp> ᮙ ᮛᮩ ᮓ,56,"Jeung naha bu- buligiran, dikamanakeun baju Sia?"" ""Ditandonkeun kana hutang,"" cék Si Warji bari du- mareuda.",noto
budak_teuneung_fonts/bt_0100_noto.png,budak_teuneung_samsoedi_1930.pdf,ᮓᮤ ᮒ ᮔ᮪ ᮓᮧ ᮔ᮪ ᮊᮩ ᮔ᮪ <sp> ᮊᮥ ᮙ ᮠ <sp> ᮎᮦ ᮊ᮪ <sp> ᮄ ᮔ᮪ ᮓᮥᮀ ᮔ <sp> ᮞᮨ ᮙᮥ <sp> ᮠᮦ ᮛ ᮔ᮪,26,"""Ditandonkeun kumaha?"" cék indungna semu héran.",noto
budak_teuneung_fonts/bt_0101_noto.png,budak_teuneung_samsoedi_1930.pdf,ᮜ ᮙᮥ ᮔ᮪ <sp> ᮈ ᮙ <sp> ᮒᮩ <sp> ᮙ ᮚᮁ <sp> ᮠᮥ ᮒᮀ <sp> ᮓᮤ ᮔ <sp> ᮏᮨ ᮛᮧ <sp> ᮞ ᮙᮤᮀ ᮌᮥ <sp> ᮘ ᮏᮥ <sp> ᮊᮥ ᮛᮤᮀ <sp> ᮜ ᮕᮥᮁ <sp> ᮃ ᮘᮧᮀ <sp> ᮃ ᮘᮧᮀ <sp> ᮊ <sp> ᮔᮥ <sp> ᮙ ᮜ ᮛ ᮒ᮪ <sp> ᮕᮤ ᮜ ᮊ ᮓᮁ <sp> ᮎᮦ ᮊ᮪ <sp> ᮍ ᮔ᮪ ᮏᮥ ᮊ᮪ <sp> ᮘᮦ ᮃ ᮞ᮪ <sp> ᮞ ᮘ ᮒᮧ ᮊ᮪ <sp> ᮔᮨ ᮕᮤ <sp> ᮊ <sp> ᮒᮩ <sp> ᮓᮤ ᮕᮨᮁ ᮎ ᮚ <sp> ᮃ ᮙ᮪ ᮘᮥ <sp> ᮝᮁ ᮏᮤ <sp> ᮘ ᮛᮤ <sp> ᮘᮤ ᮏᮤ ᮜ ᮔ᮪ <sp> ᮎᮤ ᮕ ᮔᮧ ᮔ᮪,102,"""Lamun Ema teu mayar hutang dina jero saminggu, baju kuring lapur."" abong-abong ka nu malarat, pilakadar cék nganjuk béas sabatok, nepi ka teu dipercaya Ambu Warji bari bijilan cipanon.",noto
budak_teuneung_fonts/bt_0102_noto.png,budak_teuneung_samsoedi_1930.pdf,ᮑ <sp> ᮓ ᮜᮂ <sp> ᮓᮤ <sp> ᮊᮥ ᮙ ᮠ <sp> ᮓ <sp> ᮌᮩ ᮞ᮪ <sp> ᮞ ᮊᮤ ᮉ <sp> ᮑ <sp> ᮙ ᮛ ᮓᮥ ᮊᮩ ᮔ᮪ <sp> ᮜᮥ ᮃᮀ <sp> ᮜᮥ ᮙᮢᮂ ᮔ <sp> ᮘ ᮛᮥ ᮓ ᮊ᮪ <sp> ᮜ ᮙᮥ ᮔ᮪ <sp> ᮃ ᮚ <sp> ᮊ ᮊᮩ ᮠᮩ ᮜ᮪ <sp> ᮃ ᮒ ᮝ <sp> ᮊ ᮒᮩ ᮍᮩ ᮔᮂ <sp> ᮊ <sp> ᮘ ᮘ ᮒᮥ ᮛ ᮔ ᮔ <sp> ᮞᮧ ᮊ᮪ <sp> ᮌ ᮔ᮪ <sp> ᮎᮀ <sp> ᮘᮦ ᮘᮦ ᮏ <sp> ᮊ <sp> ᮊᮧ ᮜᮧ ᮒ᮪ ᮔ <sp> ᮍ ᮛᮂ <sp> ᮓᮤ ᮕᮀ ᮙᮩ ᮔᮀ <sp> ᮊᮩ ᮔ᮪,99,"nya dalah di kumaha da geus sakieu nya MARADUKEUN Luang lumrahna barudak, lamun aya kakeuheul atawa kateungeunah ka babaturanana, sok gan- cang bébéja ka kolotna, ngarah dipangmeunang- keun.",noto
budak_teuneung_fonts/bt_0103_noto.png,budak_teuneung_samsoedi_1930.pdf,ᮞᮤ <sp> ᮝᮁ ᮏᮤ <sp> ᮇ ᮌᮦ <sp> ᮞ ᮊ ᮕᮩᮀ <sp> ᮙᮂ <sp> ᮑ <sp> ᮊᮤ ᮒᮥ <sp> ᮜ ᮙᮥ ᮔ᮪ <sp> ᮃ ᮚ <sp> ᮊ ᮃ ᮙ᮪ ᮘᮨ ᮊ᮪ <sp> ᮒᮦᮂ <sp> ᮞᮧ ᮊ᮪ <sp> ᮘᮦ ᮘᮦ ᮏ <sp> ᮊ <sp> ᮄ ᮔ᮪ ᮓᮥᮀ ᮔ,47,Si Warji ogé sakapeung mah nya kitu lamun aya kaambek téh sok bébéja ka indungna.,noto
budak_teuneung_fonts/bt_0104_noto.png,budak_teuneung_samsoedi_1930.pdf,ᮒ ᮕᮤ <sp> ᮊᮥ <sp> ᮄ ᮔ᮪ ᮓᮥᮀ ᮔ <sp> ᮒ ᮛ <sp> ᮓᮤ ᮝ ᮛᮧ <sp> ᮞᮥ ᮙ ᮝᮧ ᮔ᮪ ᮔ <sp> ᮙᮥ ᮔ᮪ <sp> ᮓᮤ ᮕᮀ ᮙᮩ ᮔᮀ ᮊᮩ ᮔ᮪ <sp> ᮘᮨ ᮒ᮪ <sp> ᮊ ᮜᮂ <sp> ᮞᮤ <sp> ᮝᮁ ᮏᮤ <sp> ᮞᮧ ᮛ ᮍ ᮔ᮪ <sp> ᮔᮥ <sp> ᮓᮤ ᮌᮨ ᮜᮨ ᮔ᮪ ᮓᮨᮀ <sp> ᮏᮩᮀ <sp> ᮓᮤ ᮔ ᮞᮦ ᮠ ᮒ ᮔ᮪ <sp> ᮞᮀ ᮊ ᮔ᮪ <sp> ᮞ ᮘᮁ <sp> ᮏᮩᮀ <sp> ᮠᮨ ᮔ᮪ ᮒᮩ <sp> ᮍ ᮔ᮪ ᮓᮥᮀ <sp> ᮠ ᮒᮦ,85,"Tapi ku indungna tara diwaro, sumawonna mun dipangmeunangkeun, bet kalah Si Warji sorangan nu digelendeng jeung dinaséhatan sangkan sabar jeung henteu ngandung haté.",noto
budak_teuneung_fonts/bt_0105_noto.png,budak_teuneung_samsoedi_1930.pdf,ᮊᮥ <sp> ᮞ ᮘ ᮘ᮪ <sp> ᮆ ᮒ <sp> ᮃ ᮚᮩ ᮔ <sp> ᮙᮂ <sp> ᮅ ᮕ ᮙ <sp> ᮞᮤ <sp> ᮝᮁ ᮏᮤ <sp> ᮙᮀ ᮌᮤᮂ <sp> ᮊ ᮒᮩ ᮍᮩ ᮔᮂ <sp> ᮠ ᮒᮦ <sp> ᮒ ᮛ <sp> ᮎ ᮎ ᮛᮤ ᮒ <sp> ᮊ <sp> ᮄ ᮔ᮪ ᮓᮥᮀ ᮔ <sp> ᮞ ᮘ ᮘ᮪ <sp> ᮎᮦ ᮊ᮪ <sp> ᮕᮤ ᮕᮤ ᮊᮤ ᮛ ᮔ ᮔ <sp> ᮒ ᮚ <sp> ᮌᮥ ᮔ ᮔ <sp> ᮙᮥ ᮕᮥ ᮜᮤᮂ ᮊᮩ ᮔ᮪ <sp> ᮊ ᮌᮧ ᮛᮦ ᮍ ᮔ᮪ <sp> ᮘ ᮒᮥᮁ <sp> ᮊ <sp> ᮄ ᮔ᮪ ᮓᮥᮀ,91,"Ku sabab éta, ayeuna mah upama Si Warji manggih kateungeunah haté, tara cacarita ka indungna, sabab cék pipikiranana taya gunana mupulihkeun kagoréngan batur ka indung.",noto
budak_teuneung_fonts/bt_0106_noto.png,budak_teuneung_samsoedi_1930.pdf,ᮓᮤ ᮔ <sp> ᮠᮤ ᮏᮤ <sp> ᮙᮀ ᮞ <sp> ᮝ ᮊ᮪ ᮒᮥ <sp> ᮞᮤ <sp> ᮝᮁ ᮏᮤ <sp> ᮊᮩᮁ <sp> ᮍ ᮜ <sp> ᮞᮥ ᮜᮥᮂ <sp> ᮓᮤ <sp> ᮊᮨ ᮘᮧ ᮔ᮪ <sp> ᮃ ᮝᮤ <sp> ᮏᮧ ᮜ᮪ <sp> ᮓ ᮒᮀ <sp> ᮞᮤ <sp> ᮅ ᮒᮥ ᮔ᮪ <sp> ᮏᮩᮀ <sp> ᮘ ᮒᮥᮁ ᮔ <sp> ᮔᮥ <sp> ᮍ ᮛ ᮔ᮪ <sp> ᮞᮤ <sp> ᮘᮨ ᮌᮥ <sp> ᮙ ᮝ <sp> ᮊᮨ ᮒᮨ ᮕᮦ ᮜ᮪ <sp> ᮛᮦ ᮊ᮪ <sp> ᮍᮨ ᮒᮨ ᮕᮦ ᮜ ᮔ᮪ <sp> ᮙ ᮔᮥ ᮊ᮪,84,"Dina hiji mangsa waktu Si Warji keur ngala suluh di kebon awi, jol datang Si Utun jeung baturna nu ngaran Si Begu, mawa ketepél rék ngetepélan manuk.",noto
budak_teuneung_fonts/bt_0107_noto.png,budak_teuneung_samsoedi_1930.pdf,ᮘ ᮛᮀ <sp> ᮞᮤ <sp> ᮅ ᮒᮥ ᮔ᮪ <sp> ᮔᮦ ᮔ᮪ ᮏᮧ <sp> ᮊ <sp> ᮞᮤ <sp> ᮝᮁ ᮏᮤ <sp> ᮕᮧ ᮊ᮪ <sp> ᮙ ᮔᮦᮂ ᮔ <sp> ᮍᮧ <sp> ᮙᮧᮀ <sp> ᮍ ᮠ ᮛᮦ ᮝᮧ ᮞ᮪ <sp> ᮊ <sp> ᮞᮤ <sp> ᮘᮨ ᮌᮥ <sp> ᮌᮥ <sp> ᮒᮥᮂ <sp> ᮒᮦ ᮔ᮪ ᮏᮧ <sp> ᮉ ᮚ᮪ <sp> ᮞᮤ <sp> ᮘᮀ <sp> ᮞ ᮒ᮪ <sp> ᮘ ᮏᮥ <sp> ᮒᮦᮂ <sp> ᮊᮩᮁ <sp> ᮍ ᮜ <sp> ᮞᮥ ᮜᮥᮂ <sp> ᮔ ᮠ <sp> ᮙ ᮜᮤᮀ <sp> ᮘ ᮏᮥ <sp> ᮒᮤ <sp> ᮞ ᮠ <sp> ᮎᮦ ᮊ᮪ <sp> ᮞᮤ <sp> ᮘᮨ ᮌᮥ,96,"Barang Si Utun nénjo ka Si Warji, pok manéhna ngo- mong ngaharéwos ka Si Begu, ""Gu, tuh ténjo euy, si bang- sat baju téh keur ngala suluh."" ""Naha maling baju ti saha?"" cék Si Begu.",noto
budak_teuneung_fonts/bt_0108_noto.png,budak_teuneung_samsoedi_1930.pdf,ᮜ᮪ ᮠ᮪ <sp> ᮕᮥ ᮌᮥᮂ <sp> ᮙ ᮜᮤᮀ <sp> ᮘ ᮏᮥ <sp> ᮒᮤ <sp> ᮃ ᮞᮦ ᮕ᮪ <sp> ᮇ ᮔᮧ ᮔ᮪ <sp> ᮙ ᮜᮂ <sp> ᮘ ᮏᮥ ᮔ <sp> ᮇ ᮌᮦ <sp> ᮓᮤ ᮏᮥ ᮃ ᮜ᮪ <sp> ᮊ <sp> ᮄ ᮔ᮪ ᮓᮥᮀ <sp> ᮓᮦ ᮝᮦ ᮊ᮪ <sp> ᮔ ᮠ <sp> ᮌᮩ ᮔᮤᮀ <sp> ᮘᮨ ᮒ᮪ <sp> ᮒᮩ <sp> ᮓᮤ ᮒᮀ ᮊᮨ ᮕ᮪ <sp> ᮄ ᮞ᮪ <sp> ᮙᮩ ᮛᮩ ᮔ᮪ <sp> ᮘ ᮆ <sp> ᮒᮩ <sp> ᮊ ᮑ ᮠᮧ ᮃ ᮔ᮪ <sp> ᮊᮥ <sp> ᮏᮥ ᮛ ᮌ ᮔ᮪ <sp> ᮜᮥ ᮛᮂ <sp> ᮎᮦ ᮊ᮪ <sp> ᮞᮤ <sp> ᮅ ᮒᮥ ᮔ᮪,99,"""lh, puguh maling baju ti Asép Onon, malah bajuna ogé dijual ka indung déwék."" ""Naha geuning bet teu ditangkep?"" ""Is, meureun baé teu kanyahoan ku Juragan Lurah,"" cék Si Utun.",noto
budak_teuneung_fonts/bt_0109_noto.png,budak_teuneung_samsoedi_1930.pdf,ᮃᮂ <sp> ᮕᮤ ᮛ ᮊᮥ <sp> ᮉ ᮚ᮪ <sp> ᮘᮥ ᮓ ᮊ᮪ <sp> ᮞ ᮌᮨ ᮓᮦ <sp> ᮊᮤ ᮒᮥ <sp> ᮌᮩ ᮞ᮪ <sp> ᮝ ᮔᮤ <sp> ᮙ ᮜᮤᮀ <sp> ᮘ ᮏᮥ,31,"""Ah, piraku euy, budak sagedé kitu geuS wani maling baju.",noto
budak_teuneung_fonts/bt_0110_noto.png,budak_teuneung_samsoedi_1930.pdf,ᮓᮦ ᮝᮦ ᮊ᮪ <sp> ᮙᮂ <sp> ᮈ ᮑ <sp> ᮇ ᮌᮦ <sp> ᮞᮧ ᮊ᮪ <sp> ᮕᮥ ᮜᮀ <sp> ᮕ ᮜᮤᮀ <sp> ᮎ ᮔ᮪ <sp> ᮝ ᮔᮤ <sp> ᮃ ᮛᮤ <sp> ᮙ ᮜᮤᮀ <sp> ᮘ ᮏᮥ <sp> ᮙᮂ <sp> ᮊᮧ ᮙᮧ <sp> ᮓᮩ ᮄ <sp> ᮄ ᮉ <sp> ᮙ ᮜᮤᮀ <sp> ᮒᮤ <sp> ᮏᮥ ᮛ ᮌ ᮔ᮪ <sp> ᮜᮥ ᮛᮂ <sp> ᮎᮦ ᮊ᮪ <sp> ᮞᮤ <sp> ᮘᮨ ᮌᮥ,67,"Déwék mah enya ogé sok pulang-paling, can wani ari maling baju mah, komo deui ieu maling ti Juragan Lurah,"" cék Si Begu.",noto
budak_teuneung_fonts/bt_0111_noto.png,budak_teuneung_samsoedi_1930.pdf,ᮄᮂ <sp> ᮃ ᮛᮤ <sp> ᮞᮤ ᮜ ᮄᮀ <sp> ᮘᮨ ᮒ᮪ <sp> ᮙ ᮊᮦ <sp> ᮑᮨ ᮘᮥ ᮒ᮪ <sp> ᮕᮤ ᮛ ᮊᮥ <sp> ᮎᮦ ᮊ᮪ <sp> ᮞᮤ <sp> ᮅ ᮒᮥ ᮔ᮪,31,"""Ih, ari silaing, bet maké nyebut piraku,"" cék Si Utun.",noto
budak_teuneung_fonts/bt_0112_noto.png,budak_teuneung_samsoedi_1930.pdf,ᮜ ᮙᮥ ᮔ᮪ <sp> ᮞᮤ <sp> ᮝᮁ ᮏᮤ <sp> ᮒᮩ <sp> ᮙ ᮇ ᮊ᮪ <sp> ᮔ <sp> ᮒᮤ <sp> ᮙ ᮔ <sp> ᮘ ᮛᮀ ᮠ ᮊ ᮔ᮪ ᮔ,28,"""Lamun Si Warji teu maok, na ti mana baranghakanna?",noto
budak_teuneung_fonts/bt_0113_noto.png,budak_teuneung_samsoedi_1930.pdf,ᮊ ᮔ <sp> ᮍ ᮔ᮪ ᮏᮥ ᮊ᮪ <sp> ᮌᮩ ᮞ᮪ <sp> ᮒ ᮚ <sp> ᮔᮥ <sp> ᮙᮨᮁ ᮎ ᮚ <sp> ᮙ ᮜᮂ <sp> ᮊ <sp> ᮄ ᮔ᮪ ᮓᮥᮀ <sp> ᮓᮦ ᮝᮦ ᮊ᮪ <sp> ᮌᮦ <sp> ᮌᮩ ᮞ᮪ <sp> ᮌᮨ ᮓᮦ <sp> ᮠᮥ ᮒᮀ ᮔ <sp> ᮒ ᮎ ᮔ᮪ <sp> ᮘᮤ ᮞ ᮉ ᮔ᮪ <sp> ᮙ ᮚᮁ <sp> ᮞ <sp> ᮕᮦ ᮞᮦᮁ <sp> ᮌᮧ ᮝᮦᮀ <sp> ᮉᮂ <sp> ᮃ ᮒᮥᮂ <sp> ᮜ ᮙᮥ ᮔ᮪ <sp> ᮊᮤ ᮒᮥ <sp> ᮙᮂ <sp> ᮜᮩ ᮝᮤᮂ <sp> ᮠ ᮓᮦ <sp> ᮊᮥ <sp> ᮅ ᮛᮀ <sp> ᮘ ᮆ <sp> ᮃ ᮚᮩ ᮔ <sp> ᮕᮥ ᮕᮥ ᮜᮤᮂ ᮊᮩ ᮔ᮪ <sp> ᮊ <sp> ᮏᮥ ᮛ ᮌ ᮔ᮪ <sp> ᮜᮥ ᮛᮂ <sp> ᮠ ᮚᮥ <sp> ᮎᮦ ᮊ᮪ <sp> ᮞᮤ <sp> ᮘᮨ ᮌᮥ,123,"Kana nganjuk geus taya nu mercaya, malah ka indung déwék gé geus gedé hutangna, tacan bisaeun mayar sa- pésér gowéng."" ""Euh atuh lamun kitu mah, leuwih hadé ku urang baé ayeuna pupulihkeun ka Juragan Lurah, hayu!"" cék Si Begu.",noto
budak_teuneung_fonts/bt_0114_noto.png,budak_teuneung_samsoedi_1930.pdf,ᮞ ᮘ ᮘ᮪ <sp> ᮜ ᮙᮥ ᮔ᮪ <sp> ᮓᮤ ᮃ ᮔ᮪ ᮒᮨ ᮕ᮪ <sp> ᮙ ᮒ ᮊ᮪ <sp> ᮓᮩ ᮓᮩ ᮄ ᮉ ᮔ᮪ <sp> ᮊ ᮊ ᮛ <sp> ᮞ ᮊᮤ ᮒᮥ <sp> ᮞᮤ <sp> ᮅ ᮒᮥ ᮔ᮪ <sp> ᮏᮩᮀ <sp> ᮞᮤ <sp> ᮘᮨ ᮌᮥ <sp> ᮍ ᮛᮧ ᮙᮧᮀ ᮔ <sp> ᮏᮧ ᮜ᮪ <sp> ᮞᮤ <sp> ᮝᮁ ᮏᮤ <sp> ᮑ ᮙ᮪ ᮕᮩᮁ ᮊᮩ ᮔ᮪ <sp> ᮊ <sp> ᮠ ᮛᮩ ᮕᮩ ᮔ᮪ <sp> ᮆ ᮒ <sp> ᮓᮥ ᮃ <sp> ᮘᮥ ᮓ ᮊ᮪,80,"""Sabab lamun diantep, matak deudeuieun."" Kakara sakitu Si Utun jeung Si Begu ngaromongna, jol Si Warji nyampeurkeun ka hareupeun éta dua budak.",noto
budak_teuneung_fonts/bt_0115_noto.png,budak_teuneung_samsoedi_1930.pdf,ᮔ ᮠ <sp> ᮞᮤ ᮜ ᮄᮀ <sp> ᮒᮦᮂ <sp> ᮙ ᮔ <sp> ᮊ ᮘᮤ ᮔ <sp> ᮘᮤ ᮔ <sp> ᮒᮩ ᮄᮀ <sp> ᮍ ᮌᮧ <sp> ᮛᮦᮀ ᮊᮩ ᮔ᮪ <sp> ᮊ <sp> ᮓᮦ ᮝᮦ ᮊ᮪ <sp> ᮒᮦᮂ <sp> ᮍᮧ ᮙᮧᮀ ᮔ <sp> ᮊᮤ ᮒᮥ <sp> ᮞᮤ <sp> ᮝᮁ ᮏᮤ <sp> ᮘ ᮛᮤ <sp> ᮙᮨ ᮔ᮪ ᮎᮢᮧᮀ <sp> ᮊ <sp> ᮆ ᮒ <sp> ᮓᮥ ᮃ <sp> ᮘᮥ ᮓ ᮊ᮪ <sp> ᮘᮩ ᮍᮩ ᮒ᮪ ᮔ <sp> ᮙᮥᮀ ᮌᮂ <sp> ᮘᮩ <sp> ᮛᮩ ᮙ᮪ <sp> ᮠᮥ ᮔ᮪ ᮒᮥ ᮔ <sp> ᮒᮤ ᮊᮨ ᮊᮨ ᮛᮨ ᮊᮨ ᮒ᮪ <sp> ᮔ ᮠ ᮔ᮪ <sp> ᮃ ᮙ ᮛᮂ,100,"""Naha silaing téh mana kabina-bina teuing ngago- réngkeun ka déwék téh?"" ngomongna kitu Si Warji bari mencrong ka éta dua budak, beungeutna munggah beu- reum, huntuna tikekereket nahan amarah.",noto
budak_teuneung_fonts/bt_0116_noto.png,budak_teuneung_samsoedi_1930.pdf,ᮃ ᮒᮥᮂ <sp> ᮓ <sp> ᮈ ᮑ <sp> ᮙᮦ ᮙᮀ <sp> ᮞᮤ ᮜ ᮄᮀ <sp> ᮒᮦᮂ <sp> ᮘᮀ ᮞ ᮒ᮪ <sp> ᮎᮦ ᮊ᮪ <sp> ᮞᮤ <sp> ᮅ ᮒᮥ ᮔ᮪,29,"""Atuh da enya, mémang silaing téh bangsat,"" cék Si Utun.",noto
budak_teuneung_fonts/bt_0117_noto.png,budak_teuneung_samsoedi_1930.pdf,ᮙ ᮜᮤᮀ <sp> ᮔ ᮇ ᮔ᮪ <sp> ᮓᮦ ᮝᮦ ᮊ᮪ <sp> ᮒᮦᮂ <sp> ᮒᮤ <sp> ᮞᮤ ᮜ ᮄᮀ <sp> ᮎᮦ ᮊ᮪ <sp> ᮞᮤ <sp> ᮝᮁ ᮏᮤ,26,"""Maling naon déwék téh ti silaing?"" cék Si Warji.",noto
budak_teuneung_fonts/bt_0118_noto.png,budak_teuneung_samsoedi_1930.pdf,ᮜ ᮄ ᮔ᮪ <sp> ᮙ ᮜᮤᮀ <sp> ᮒᮤ <sp> ᮓᮦ ᮝᮦ ᮊ᮪ <sp> ᮒᮤ <sp> ᮃ ᮞᮦ ᮕ᮪ <sp> ᮇ ᮔᮧ ᮔ᮪ <sp> ᮙ ᮜᮤᮀ <sp> ᮘ ᮏᮥ,28,"""Lain maling ti déwék, ti Asép Onon maling baju.",noto
budak_teuneung_fonts/bt_0119_noto.png,budak_teuneung_samsoedi_1930.pdf,ᮜᮁ ᮔᮥ ᮔ᮪ <sp> ᮞᮤ ᮜ ᮄᮀ <sp> ᮊᮥ ᮙ ᮝ ᮔᮤ <sp> ᮕᮥ ᮜᮀ <sp> ᮕ ᮜᮤᮀ <sp> ᮒᮤ <sp> ᮓᮦ ᮝᮦ ᮊ᮪ <sp> ᮙᮂ <sp> ᮈ ᮔ᮪ ᮒᮧᮀ <sp> ᮞᮤ ᮉ ᮔ᮪ <sp> ᮒᮩ <sp> ᮓᮤ ᮘ ᮛᮧ ᮌᮧ ᮓ᮪ <sp> ᮊᮧ ᮊᮧ ᮓ᮪ <sp> ᮞᮤ ᮜ ᮄᮀ <sp> ᮝ ᮏᮤ ᮒ᮪ <sp> ᮎᮦ ᮊ᮪ <sp> ᮞᮤ <sp> ᮘᮨ ᮌᮥ,62,"Larnun silaing kumawani pulang-paling ti déwék mah, entong sieun teu dibarogod kokod silaing."" ""Wajit!"" cék Si Begu.",noto
budak_teuneung_fonts/bt_0120_noto.png,budak_teuneung_samsoedi_1930.pdf,ᮒᮤ <sp> ᮘ ᮒ ᮔ᮪ <sp> ᮞᮤ ᮜ ᮄᮀ <sp> ᮕᮧ ᮕᮧ ᮛᮧ ᮍᮧ ᮞ᮪ <sp> ᮊᮤ ᮒᮥ <sp> ᮙᮂ <sp> ᮜᮩ ᮝᮤᮂ <sp> ᮠ ᮓᮦ <sp> ᮍ ᮊᮥ <sp> ᮘ ᮆ <sp> ᮞᮁ ᮒ <sp> ᮙᮦ ᮔ᮪ ᮒ <sp> ᮓᮤ ᮠ ᮙ᮪ ᮕᮥ ᮛ <sp> ᮊ <sp> ᮃ ᮞᮦ ᮕ᮪ <sp> ᮇ ᮔᮧ ᮔ᮪ <sp> ᮉ ᮚ᮪ <sp> ᮊᮩᮁ <sp> ᮔ ᮇ ᮔ᮪ <sp> ᮞᮤ ᮜ ᮄᮀ <sp> ᮙ ᮊᮦ <sp> ᮕᮤ ᮕᮤ ᮜᮥ ᮉ ᮔ᮪ <sp> ᮍᮧ ᮙᮧᮀ <sp> ᮎᮦ ᮊ᮪ <sp> ᮞᮤ <sp> ᮝᮁ ᮏᮤ,88,"""Ti batan silaing poporongos kitu mah, leuwih hadé ngaku baé sarta ménta dihampura ka Asép Onon, euy!"" ""Keur naon silaing maké pipilueun ngomong?"" cék Si Warji.",noto
budak_teuneung_fonts/bt_0121_noto.png,budak_teuneung_samsoedi_1930.pdf,ᮠ᮪ <sp> ᮜ ᮙᮥ ᮔ᮪ <sp> ᮞᮤ ᮜ ᮄᮀ <sp> ᮘᮨ ᮓᮨ ᮌᮧᮀ <sp> ᮊᮥ <sp> ᮓᮦ ᮝᮦ ᮊ᮪ <sp> ᮃ ᮚᮩ ᮔ <sp> ᮓᮤ ᮜ ᮕᮧᮁ ᮊᮩ ᮔ᮪ <sp> ᮊ <sp> ᮏᮥ ᮛ ᮌ ᮔ᮪ <sp> ᮜᮥ ᮛᮂ <sp> ᮏᮧᮁ <sp> ᮊ <sp> ᮓᮤ ᮒᮥ <sp> ᮙ ᮞᮤᮀ <sp> ᮓᮤ ᮜ ᮕᮧᮁ ᮊᮩ ᮔ᮪ <sp> ᮊ <sp> ᮝ ᮓ ᮔ <sp> ᮇ ᮌᮦ <sp> ᮓᮦ ᮝᮦ ᮊ᮪ <sp> ᮒᮩ <sp> ᮞᮤ ᮉ ᮔ᮪ <sp> ᮒᮩ <sp> ᮌᮤ ᮙᮤᮁ <sp> ᮎᮦ ᮊ᮪ <sp> ᮞᮤ <sp> ᮝᮁ ᮏᮤ <sp> ᮘ ᮛᮤ <sp> ᮙᮧ ᮛᮧ ᮍᮧ ᮞ᮪,95,"""Éh, lamun silaing bedegong, ku déwék ayeuna dilaporkeun ka Juragan Lurah."" ""Jor ka ditu, masing dilaporkeun ka wadana ogé, déwék teu sieun, teu gimir,"" cék Si Warji bari morongos.",noto
budak_teuneung_fonts/bt_0122_noto.png,budak_teuneung_samsoedi_1930.pdf,ᮑ <sp> ᮘᮨ ᮔᮨᮁ <sp> ᮘᮨ ᮓᮨ ᮌᮧᮀ <sp> ᮄ ᮉ <sp> ᮅ ᮙ ᮒ᮪ <sp> ᮒᮦᮂ <sp> ᮎᮦ ᮊ᮪ <sp> ᮞᮤ <sp> ᮘᮨ ᮌᮥ <sp> ᮅ ᮒᮥ ᮔ᮪ <sp> ᮒᮥᮀ ᮌᮥ ᮃ ᮔ᮪ <sp> ᮊᮥ <sp> ᮞᮤ ᮜ ᮄᮀ <sp> ᮄ ᮉ <sp> ᮘᮀ ᮞ ᮒ᮪ <sp> ᮒᮦᮂ <sp> ᮘᮤ ᮞᮤ <sp> ᮊ ᮘᮥᮁ <sp> ᮓᮦ ᮝᮦ ᮊ᮪ <sp> ᮛᮦ ᮊ᮪ <sp> ᮊ <sp> ᮏᮥ ᮛ ᮌ ᮔ᮪ <sp> ᮜᮥ ᮛᮂ <sp> ᮘ ᮛᮤ <sp> ᮒᮨ ᮛᮥ ᮞ᮪ <sp> ᮞᮤ <sp> ᮘᮨ ᮌᮥ <sp> ᮄ ᮔ᮪ ᮓᮤ ᮒ᮪ <sp> ᮞ ᮒᮨ ᮍᮂ <sp> ᮜᮥ ᮙ᮪ ᮕ ᮒ᮪,98,"""Nya bener bedegong ieu umat téh,"" cék Si Begu, ""Utun, tungguan ku silaing ieu bangsat téh, bisi kabur, déwék rék ka Juragan Lurah,"" bari terus Si Begu indit satengah lumpat.",noto
budak_teuneung_fonts/bt_0123_sunda_unicode2013.png,budak_teuneung_samsoedi_1930.pdf,ᮅ ᮒᮥ ᮔ᮪ <sp> ᮓᮦ ᮝᮦ ᮊ᮪ <sp> ᮒᮦᮂ <sp> ᮌᮩ ᮞ᮪ <sp> ᮕᮧ ᮠ ᮛ <sp> ᮓᮤ ᮑᮨ ᮑᮨ ᮛᮤ <sp> ᮏᮩᮀ <sp> ᮓᮤ <sp> ᮝᮤ ᮝᮤ ᮛᮀ ᮔ <sp> ᮊᮥ <sp> ᮞᮤ ᮜ ᮄᮀ <sp> ᮔ ᮠ <sp> ᮞᮤ ᮜ ᮄᮀ <sp> ᮒᮦᮂ <sp> ᮙᮧ ᮃ ᮜ᮪ <sp> ᮃ ᮚ <sp> ᮉ ᮄᮂ <sp> ᮉ ᮄᮂ ᮔ <sp> ᮆ <sp> ᮆᮂ <sp> ᮞᮤ ᮜ ᮄᮀ <sp> ᮒᮦᮂ <sp> ᮍ ᮜ ᮝ ᮔ᮪ <sp> ᮊ <sp> ᮓᮦ ᮝᮦ ᮊ᮪ <sp> ᮎᮦ ᮊ᮪ <sp> ᮞᮤ <sp> ᮅ ᮒᮥ ᮔ᮪,89,"""Utun, déwék téh geus pohara dinyenyeri jeung di- wiwirangna ku silaing, naha silaing téh moal aya euih- euihna?"" ""É — é — éh, silaing téh ngalawan ka déwék?"" cék Si Utun.",sunda_unicode2013
budak_teuneung_fonts/bt_0124_sunda_unicode2013.png,budak_teuneung_samsoedi_1930.pdf,ᮞᮤ ᮉ ᮔ᮪ <sp> ᮊᮥ <sp> ᮔ ᮇ ᮔ᮪ <sp> ᮌᮤ ᮙᮤᮁ <sp> ᮊᮥ <sp> ᮔ ᮇ ᮔ᮪ <sp> ᮓᮦ ᮝᮦ ᮊ᮪ <sp> ᮊᮥ <sp> ᮕ ᮔ᮪ ᮒᮁ <sp> ᮞᮤ ᮜ ᮄᮀ,32,"Sieun ku naon, gimir ku naon, déwék ku pantar silaing?",sunda_unicode2013
budak_teuneung_fonts/bt_0125_sunda_unicode2013.png,budak_teuneung_samsoedi_1930.pdf,ᮕᮦ ᮓᮂ <sp> ᮆ ᮒ <sp> ᮘᮩ ᮒᮩᮀ <sp> ᮞᮤ ᮜ ᮄᮀ <sp> ᮘᮥ <sp> ᮛᮩ ᮒᮩ <sp> ᮍᮧ ᮙᮧᮀ ᮔ <sp> ᮊᮤ ᮒᮥ <sp> ᮒᮦᮂ <sp> ᮞᮤ <sp> ᮝᮁ ᮏᮤ <sp> ᮘ ᮛᮤ <sp> ᮍᮀ ᮞᮨ ᮌ᮪ <sp> ᮊ <sp> ᮠ ᮛᮩ ᮕᮩ ᮔ᮪ <sp> ᮞᮤ <sp> ᮅ ᮒᮥ ᮔ᮪ <sp> ᮓ ᮓ ᮔ <sp> ᮙᮦᮂ <sp> ᮃ ᮔ᮪ ᮒᮨ ᮜ᮪ <sp> ᮏᮩᮀ <sp> ᮕᮩ ᮛᮩ ᮕ᮪ ᮔ <sp> ᮓᮤ ᮊᮩ ᮕᮩ ᮜ᮪ ᮊᮩ ᮔ᮪ <sp> ᮒᮤ ᮕᮨ ᮕᮨ ᮛᮨ ᮊᮨ ᮒ᮪,83,"Pédah éta beuteung silaing bu- reuteu?"" ngomongna kitu téh Si Warji bari ngangseg ka hareupeun Si Utun, dadana méh antel, jeung peureupna dikeupeulkeun tipepereket.",sunda_unicode2013
budak_teuneung_fonts/bt_0126_sunda_unicode2013.png,budak_teuneung_samsoedi_1930.pdf,ᮓᮦ ᮝᮦ ᮊ᮪ <sp> ᮒᮩ <sp> ᮞᮤ ᮉ ᮔ᮪ <sp> ᮊᮥ <sp> ᮏ ᮜ᮪ ᮙ <sp> ᮌᮧ ᮛᮦᮀ <sp> ᮕᮥ ᮎᮥ ᮞ᮪ <sp> ᮊ ᮝ ᮞ᮪ <sp> ᮞᮤ ᮜ ᮄᮀ,30,"""Déwék teu sieun ku jalma goréng pucus kawas silaing .....",sunda_unicode2013
budak_teuneung_fonts/bt_0127_sunda_unicode2013.png,budak_teuneung_samsoedi_1930.pdf,ᮑ <sp> ᮃ ᮚᮩ ᮔ <sp> ᮞᮤ ᮜ ᮄᮀ <sp> ᮍ ᮓᮥ <sp> ᮕᮩ ᮛᮩ ᮕ᮪ <sp> ᮠ ᮔᮩ ᮒ᮪ <sp> ᮍ ᮓᮥ <sp> ᮒ ᮔ ᮌ <sp> ᮏᮩᮀ <sp> ᮓᮦ ᮝᮦ ᮊ᮪ <sp> ᮒᮦᮂ <sp> ᮃᮂ <sp> ᮙᮩ ᮛᮩ ᮔ᮪ <sp> ᮘ ᮆ <sp> ᮞᮤ ᮜ ᮄᮀ <sp> ᮙᮂ <sp> ᮝ ᮔᮤ <sp> ᮞᮧ ᮒᮦᮂ <sp> ᮓ <sp> ᮙ ᮝ <sp> ᮕᮦ ᮞᮧ <sp> ᮎᮦ ᮊ᮪ <sp> ᮞᮤ <sp> ᮅ ᮒᮥ ᮔ᮪ <sp> ᮍᮧ ᮙᮧᮀ ᮔ <sp> ᮃ ᮛ ᮕ ᮕ᮪ <sp> ᮉ ᮛᮩ ᮕᮩ ᮕ᮪ <sp> ᮏᮩᮀ <sp> ᮘ ᮛᮤ <sp> ᮍ ᮓᮦ ᮌ᮪ ᮓᮦ ᮌ᮪ <sp> ᮊ ᮝ ᮞ᮪ <sp> ᮔᮥ <sp> ᮙᮥ ᮛᮤ ᮃᮀ <sp> ᮊᮩᮁ <sp> ᮔᮤ ᮛᮤ ᮞ ᮔ᮪,115,"Nya ayeuna silaing ngadu peureup haneut, ngadu tanaga jeung déwék téh."" ""Ah, meureun baé silaing mah wani sotéh da mawa péso,"" cék Si Utun ngomongna arapap-eureupeup jeung bari ngadégdég kawas nu muriang keur nirisan.",sunda_unicode2013
budak_teuneung_fonts/bt_0128_sunda_unicode2013.png,budak_teuneung_samsoedi_1930.pdf,ᮕᮦ ᮞᮧ <sp> ᮕ ᮛ ᮌᮤ <sp> ᮍ ᮜ <sp> ᮞᮥ ᮜᮥᮂ <sp> ᮒᮦᮂ <sp> ᮜᮥᮀ <sp> ᮓᮤ ᮃ ᮜᮥᮀ ᮊᮩ ᮔ᮪ <sp> ᮊᮥ <sp> ᮞᮤ <sp> ᮝᮁ ᮏᮤ <sp> ᮏ ᮅᮂ <sp> ᮕᮤ ᮞ ᮔ᮪,36,Péso paragi ngala suluh téh lung dialungkeun ku Si Warji jauh pisan.,sunda_unicode2013
budak_teuneung_fonts/bt_0129_sunda_unicode2013.png,budak_teuneung_samsoedi_1930.pdf,ᮒᮥᮂ <sp> ᮒᮦ ᮔ᮪ ᮏᮧ <sp> ᮕᮦ ᮞᮧ ᮔ <sp> ᮌᮩ ᮞ᮪ <sp> ᮓᮤ ᮘ ᮜᮀ ᮊᮩ ᮔ᮪ <sp> ᮊᮥ <sp> ᮓᮦ ᮝᮦ ᮊ᮪ <sp> ᮠ ᮚᮧᮂ <sp> ᮞᮤ ᮜ ᮄᮀ <sp> ᮌᮩ ᮛ <sp> ᮞᮤᮀ ᮊᮤ ᮜ᮪,38,"""Tuh, ténjo, pésona geus dibalangkeun ku déwék, hayoh silaing geura singkil!",sunda_unicode2013
budak_teuneung_fonts/bt_0130_sunda_unicode2013.png,budak_teuneung_samsoedi_1930.pdf,ᮓᮤ <sp> ᮙ ᮔ <sp> ᮠ ᮚᮀ <sp> ᮌᮨ ᮜᮥ ᮒ᮪ <sp> ᮒᮦᮂ <sp> ᮞᮤ <sp> ᮅ ᮒᮥ ᮔ᮪ <sp> ᮠ ᮒᮦ ᮔ <sp> ᮍ ᮜᮨ ᮊᮨ ᮒᮨ ᮚ᮪ <sp> ᮏᮩᮀ <sp> ᮍ ᮓ ᮊ᮪ <sp> ᮍ ᮓ ᮊ᮪ <sp> ᮙᮤ ᮛᮤ ᮞ᮪ <sp> ᮕ ᮔᮧ ᮔ᮪ ᮔ <sp> ᮊᮥ ᮛ ᮙ᮪ <sp> ᮊᮤ ᮛᮩ ᮙ᮪ <sp> ᮒᮩ <sp> ᮝ ᮔᮤ ᮉ ᮔ᮪ <sp> ᮔᮩ ᮒᮩ ᮕ᮪ <sp> ᮘᮩ ᮍᮩ ᮒ᮪ <sp> ᮞᮤ <sp> ᮝᮁ ᮏᮤ <sp> ᮒᮥᮀ ᮒᮥᮀ ᮔ <sp> ᮕᮥ ᮕᮥ ᮔ᮪ ᮓᮥ ᮛ ᮔ᮪ <sp> ᮕᮥ ᮕᮥ ᮔ᮪ ᮓᮥ ᮛ ᮔ᮪ <sp> ᮘᮨ ᮜᮨ ᮑᮨᮀ <sp> ᮘ ᮆ <sp> ᮜᮥ ᮙ᮪ ᮕ ᮒ᮪ <sp> ᮒᮤ ᮕ ᮕ ᮛᮦ ᮒᮧ ᮒ᮪ <sp> ᮊ ᮝ ᮞ᮪ <sp> ᮔᮥ <sp> ᮓᮤ ᮅ ᮓ ᮌ᮪ <sp> ᮙᮦ ᮇᮀ,127,"Di mana hayang gelut téh?"" Si Utun haténa ngaleketey jeung ngadak-ngadak miris, panonna kuram-kireum teu wanieun neuteup beungeut Si Warji, tungtungna pupunduran-pupunduran belenyeng baé lumpat tipaparétot, kawas nu diudag méong.",sunda_unicode2013
budak_teuneung_fonts/bt_0131_sunda_unicode2013.png,budak_teuneung_samsoedi_1930.pdf,ᮜᮥ ᮙ᮪ ᮕ ᮒ᮪ ᮔ <sp> ᮒᮩ <sp> ᮔᮦ ᮔ᮪ ᮏᮧ <sp> ᮊ ᮔ <sp> ᮒᮤ ᮔ᮪ ᮎ ᮊᮩ ᮔ᮪ <sp> ᮓ <sp> ᮃ ᮞ <sp> ᮘᮨ ᮊ᮪ <sp> ᮃ ᮞ <sp> ᮘᮨ ᮊ᮪ <sp> ᮘ ᮆ <sp> ᮓᮤ ᮒᮧ ᮔ᮪ ᮏᮧ ᮊ᮪ <sp> ᮊᮥ <sp> ᮞᮤ <sp> ᮝᮁ ᮏᮤ <sp> ᮒᮥᮀ ᮒᮥᮀ ᮔ <sp> ᮏᮨ ᮒᮢᮥ ᮊ᮪ <sp> ᮒᮤ ᮒ <sp> ᮏᮧᮀ <sp> ᮊ ᮔ <sp> ᮒᮥᮀ ᮌᮥ ᮜ᮪ <sp> ᮃ ᮝᮤ <sp> ᮌᮨ ᮘᮥ ᮒ᮪ <sp> ᮜ ᮘᮥᮂ <sp> ᮄ ᮛᮥᮀ ᮔ <sp> ᮒᮤ ᮞᮥ ᮞᮥ ᮒ᮪ <sp> ᮊ ᮔ <sp> ᮘ ᮒᮥ <sp> ᮔᮨ ᮕᮤ <sp> ᮊ <sp> ᮘ ᮜᮧ ᮘᮧ ᮛ ᮔ᮪ <sp> ᮌᮨ ᮒᮤᮂ <sp> ᮏᮩᮀ <sp> ᮒ ᮛᮀ ᮔ <sp> ᮓ ᮒᮀ <sp> ᮊ <sp> ᮏ ᮔ᮪ ᮒᮧ ᮝᮧᮁ,125,"Lumpatna teu nénjo kana tincakeun, da asa bek, asa bek baé ditonjok ku Si Warji, tungtungna jetruk tita- jong kana tunggul awi, gebut labuh, irungna tisusut kana batu, nepi ka baloboran getih jeung tarangna datang ka jantowor.",sunda_unicode2013
budak_teuneung_fonts/bt_0132_sunda_unicode2013.png,budak_teuneung_samsoedi_1930.pdf,ᮠ ᮌ᮪ <sp> ᮞᮤ ᮃ <sp> ᮊ ᮛ ᮞ <sp> ᮎᮦ ᮊ᮪ <sp> ᮞᮤ <sp> ᮝᮁ ᮏᮤ <sp> ᮌᮩ ᮔᮤᮀ <sp> ᮊ ᮜᮂ <sp> ᮊ <sp> ᮍᮀ ᮊᮢᮀ ᮔ <sp> ᮘ ᮆ <sp> ᮆ ᮒ <sp> ᮅ ᮙ ᮒ᮪ <sp> ᮒᮦᮂ <sp> ᮠ ᮒᮦ ᮔ <sp> ᮙᮂ <sp> ᮘᮧ ᮛ ᮍ ᮔ᮪ <sp> ᮘ ᮓᮤ ᮞ᮪ <sp> ᮘ ᮆ <sp> ᮠ ᮚ ᮙ᮪ <sp> ᮜᮤ ᮞᮥᮀ <sp> ᮒ ᮎ ᮔ᮪ <sp> ᮔ ᮇ ᮔ᮪ <sp> ᮔ ᮇ ᮔ᮪ <sp> ᮌᮩ ᮞ᮪ <sp> ᮍ ᮎᮤᮁ <sp> ᮞᮤ <sp> ᮅ ᮒᮥ ᮔ᮪ <sp> ᮊᮨ ᮘ ᮒ᮪ <sp> ᮜᮥ ᮙ᮪ ᮕ ᮒ᮪ <sp> ᮊ <sp> ᮄ ᮙᮂ ᮔ <sp> ᮘ ᮛᮤ <sp> ᮎᮩ ᮛᮤ ᮊ᮪ <sp> ᮃ ᮅ ᮊ᮪ <sp> ᮃ ᮅ ᮊ᮪ <sp> ᮃ ᮔ᮪ <sp> ᮌᮨ ᮌᮨ ᮛᮧ ᮃ ᮔ᮪ <sp> ᮙᮦ ᮔ᮪ ᮒ <sp> ᮒᮥ ᮜᮥᮀ <sp> ᮊ <sp> ᮄ ᮔ᮪ ᮓᮥᮀ ᮔ <sp> ᮕᮧ ᮊ᮪ ᮔ <sp> ᮃ ᮓᮥᮂ <sp> ᮃ ᮓᮥᮂ <sp> ᮒᮥ ᮜᮥᮀ <sp> ᮈ ᮙ <sp> ᮊᮥ ᮛᮤᮀ <sp> ᮓᮤ ᮒᮩᮀ ᮌᮩ ᮜ ᮔ᮪ <sp> ᮊᮥ <sp> ᮞᮤ <sp> ᮝᮁ ᮏᮤ <sp> ᮄ ᮉ <sp> ᮘᮩ ᮍᮩ ᮒ᮪ <sp> ᮊᮥ ᮛᮤᮀ <sp> ᮔᮨ ᮕᮤ <sp> ᮊ <sp> ᮌᮨ ᮒᮤ ᮠ ᮔ᮪,195,"""Hag sia karasa,"" cék Si Warji, ""geuning kalah ka ngangkrangna baé éta umat téh, haténa mah borangan, badis baé hayam lisung, tacan naon-naon geus ngacir."" Si Utun kebat lumpat ka imahna bari ceurik auk-auk- an, gegeroan ménta tulung ka indungna, pokna, ""Aduh, aduh tulung Ema, kuring diteunggeulan ku Si Warji, ieu beungeut kuring nepi ka getihan!",sunda_unicode2013
budak_teuneung_fonts/bt_0133_sunda_unicode2013.png,budak_teuneung_samsoedi_1930.pdf,ᮃ ᮓᮥᮂ <sp> ᮒᮥ ᮜᮥᮀ <sp> ᮝ ᮊ᮪ ᮒᮥ <sp> ᮠ ᮛᮤ ᮒ <sp> ᮄ ᮔ᮪ ᮓᮥᮀ <sp> ᮞᮤ <sp> ᮅ ᮒᮥ ᮔ᮪ <sp> ᮊᮩᮁ <sp> ᮓᮤ <sp> ᮓ ᮕᮥᮁ <sp> ᮕᮧ ᮕᮧ ᮜᮂ <sp> ᮏᮩᮀ <sp> ᮌᮥ ᮛᮀ <sp> ᮌᮧ ᮛᮦᮀ <sp> ᮓ ᮌᮀ ᮊᮩ ᮔᮩ ᮔ᮪,48,"Aduh tulung!"" Waktu harita indung Si Utun keur di dapur popolah jeung gurang-goréng dagangkeuneun.",sunda_unicode2013
budak_teuneung_fonts/bt_0134_sunda_unicode2013.png,budak_teuneung_samsoedi_1930.pdf,ᮘ ᮛᮀ <sp> ᮍ ᮓᮦ ᮍᮦ <sp> ᮃ ᮔ ᮊ᮪ ᮔ <sp> ᮎᮩ ᮛᮤ ᮊ᮪ <sp> ᮃ ᮓᮥᮂ <sp> ᮃ ᮓᮥ ᮠ ᮔ᮪ <sp> ᮏᮩᮀ <sp> ᮒᮥ ᮜᮥᮀ <sp> ᮒᮥ ᮜᮥ ᮍ ᮔ᮪ <sp> ᮌ ᮔ᮪ <sp> ᮎᮀ <sp> ᮜᮥ ᮙ᮪ ᮕ ᮒ᮪ <sp> ᮔᮧ ᮛᮧ ᮏᮧ ᮜ᮪ <sp> ᮊ ᮜᮥ ᮃᮁ,52,"Barang ngadéngé anakna ceurik aduh-aduhan jeung tulung-tulungan, gan- cang lumpat norojol kaluar.",sunda_unicode2013
budak_teuneung_fonts/bt_0135_sunda_unicode2013.png,budak_teuneung_samsoedi_1930.pdf,ᮊᮥ <sp> ᮜ ᮔ᮪ ᮒ ᮛ ᮔ᮪ <sp> ᮌᮥ ᮌᮥ ᮕ᮪ <sp> ᮔᮨ ᮕᮤ <sp> ᮊ <sp> ᮞ ᮌ ᮜ <sp> ᮓᮤ ᮒ ᮏᮧᮀ <sp> ᮃ ᮍᮩ ᮔ᮪ <sp> ᮜᮧ ᮓᮦᮂ <sp> ᮔᮨ ᮕᮤ <sp> ᮊ <sp> ᮘ ᮠᮦ,39,"Ku lantaran gugup, nepi ka sagala ditajong, angeun lodéh nepi ka bahé.",sunda_unicode2013
budak_teuneung_fonts/bt_0136_sunda_unicode2013.png,budak_teuneung_samsoedi_1930.pdf,ᮙ ᮞ <sp> ᮃ ᮜᮣᮂ <sp> ᮊᮥ <sp> ᮔ ᮇ ᮔ᮪ <sp> ᮃ ᮔ ᮊᮤᮀ <sp> ᮆ ᮒ <sp> ᮘᮩ ᮍᮩ ᮒ᮪ <sp> ᮞᮤ ᮃ <sp> ᮜ ᮙᮧ ᮊᮧ ᮒ᮪ <sp> ᮊᮥ <sp> ᮌᮨ ᮒᮤᮂ <sp> ᮠᮂ <sp> ᮃ ᮅᮂ <sp> ᮃ ᮅᮂ <sp> ᮃ ᮅᮂ <sp> ᮈ ᮙ,49,"""Masa Allah, ku naon anaking, éta beungeut sia lamokot ku getih, hah?"" ""Auh — auh — auh, Ema!",sunda_unicode2013
budak_teuneung_fonts/bt_0137_sunda_unicode2013.png,budak_teuneung_samsoedi_1930.pdf,ᮒᮩᮀ ᮌᮩ ᮜ ᮔ᮪ <sp> ᮊᮥ <sp> ᮞᮤ,8,teunggeulan ku Si ....,sunda_unicode2013
budak_teuneung_fonts/bt_0138_sunda_unicode2013.png,budak_teuneung_samsoedi_1930.pdf,ᮌᮥ ᮞ᮪ ᮒᮤ ᮄ ᮄ ᮄ <sp> ᮔ ᮃ ᮃ <sp> ᮃ ᮚ <sp> ᮅ ᮙ ᮒ᮪ <sp> ᮘᮀ ᮊ ᮝ ᮛᮂ <sp> ᮒᮩ ᮄᮀ,25,"""Gustiiii ..., naaa aya umat bangkawarah teuing!",sunda_unicode2013
budak_teuneung_fonts/bt_0139_sunda_unicode2013.png,budak_teuneung_samsoedi_1930.pdf,ᮒᮨ ᮜᮨ <sp> ᮍᮨ ᮞ᮪ <sp> ᮒᮩ ᮄᮀ,8,Tele- nges teuing!,sunda_unicode2013
budak_teuneung_fonts/bt_0140_sunda_unicode2013.png,budak_teuneung_samsoedi_1930.pdf,ᮊᮩ ᮔ᮪ <sp> ᮈᮀ ᮊᮦ <sp> ᮓᮤ ᮝ ᮛᮂ <sp> ᮞᮤ ᮃ <sp> ᮊᮥ <sp> ᮃ ᮄᮀ <sp> ᮓᮤ ᮜ ᮕᮧᮁ ᮊᮩ ᮔ᮪ <sp> ᮊ <sp> ᮕᮥ ᮜᮤ ᮞᮤ,29,"Keun engké diwarah sia ku aing, dilaporkeun ka pulisi.",sunda_unicode2013
budak_teuneung_fonts/bt_0141_sunda_unicode2013.png,budak_teuneung_samsoedi_1930.pdf,ᮃ ᮒᮤ <sp> ᮃ ᮒᮤ <sp> ᮙᮧ ᮃ ᮜ᮪ <sp> ᮓᮤ ᮘᮦ ᮛᮦ <sp> ᮓᮩ ᮄ <sp> ᮍ ᮔ᮪ ᮏᮥ ᮊ᮪ <sp> ᮘᮦ ᮃ ᮞ᮪ <sp> ᮔ ᮏ ᮔ᮪ <sp> ᮔᮨ ᮕᮤ <sp> ᮊ <sp> ᮜᮀ ᮜ ᮚᮩ ᮞᮩ ᮔ᮪ <sp> ᮇ ᮌᮦ <sp> ᮎᮦ ᮊ᮪ <sp> ᮃ ᮙ᮪ ᮘᮥ <sp> ᮄ ᮏᮨ ᮙ᮪ <sp> ᮘ ᮛᮤ <sp> ᮔᮥᮀ ᮒᮥ ᮔ᮪ <sp> ᮃ ᮔ ᮊ᮪ ᮔ <sp> ᮊ <sp> ᮕ ᮔ᮪ ᮎᮥ ᮛ ᮔ᮪ <sp> ᮒᮨ ᮛᮥ ᮞ᮪ <sp> ᮓᮤ ᮞᮤ ᮘᮩ ᮍᮩ ᮒ ᮔ᮪ <sp> ᮌᮩ ᮞ᮪ <sp> ᮊᮤ ᮒᮥ <sp> ᮓᮤ ᮘ ᮜᮥ ᮛ ᮔ᮪ <sp> ᮊᮥ <sp> ᮘ ᮜᮥᮁ <sp> ᮊᮨ ᮒ ᮔ᮪ <sp> ᮠᮤ ᮓᮩᮀ <sp> ᮏᮩᮀ <sp> ᮎᮤ ᮊᮥᮁ,114,"Ati-ati, moal dibéré deui nganjuk béas, najan nepi ka langlayeuseun ogé!"" cék Ambu Ijem bari nungtun anakna ka pancuran terus disibeungeutan, geus kitu dibaluran ku balur ketan hideung jeung cikur.",sunda_unicode2013
budak_teuneung_fonts/bt_0142_sunda_unicode2013.png,budak_teuneung_samsoedi_1930.pdf,ᮔ ᮠ <sp> ᮃ ᮒᮥᮂ <sp> ᮊᮥ <sp> ᮞᮤ ᮃ <sp> ᮠᮨ ᮔ᮪ ᮒᮩ <sp> ᮓᮤ ᮜ ᮝ ᮔ᮪ <sp> ᮎᮦ ᮊ᮪ <sp> ᮃ ᮙ᮪ ᮘᮥ <sp> ᮄ ᮏᮨ ᮙ᮪,30,"Naha atuh ku sia henteu dilawan?"" cék Ambu Ijem.",sunda_unicode2013
budak_teuneung_fonts/bt_0143_sunda_unicode2013.png,budak_teuneung_samsoedi_1930.pdf,ᮞᮤ ᮃ <sp> ᮒᮦᮂ <sp> ᮒᮩ <sp> ᮝ ᮔᮤ,9,"""Sia téh teu wani?",sunda_unicode2013
budak_teuneung_fonts/bt_0144_sunda_unicode2013.png,budak_teuneung_samsoedi_1930.pdf,ᮃ ᮕ ᮔ᮪ <sp> ᮌᮨ ᮓᮦ <sp> ᮊᮦ ᮔᮦᮂ <sp> ᮃ ᮝ ᮊ᮪ <sp> ᮞᮤ ᮃ <sp> ᮘ ᮒ ᮔ᮪ <sp> ᮞᮤ <sp> ᮝᮁ ᮏᮤ <sp> ᮄᮂ <sp> ᮜ ᮄ ᮔ᮪ <sp> ᮒᮩ <sp> ᮝ ᮔᮤ <sp> ᮓ <sp> ᮞᮤ <sp> ᮝᮁ ᮏᮤ <sp> ᮙᮂ <sp> ᮙ ᮝ <sp> ᮕᮦ ᮞᮧ <sp> ᮃ ᮛᮤ <sp> ᮊᮥ ᮛᮤᮀ <sp> ᮜᮦ ᮍᮧᮂ <sp> ᮃ ᮙ᮪ ᮘᮥ <sp> ᮃ ᮙ᮪ ᮘᮥ <sp> ᮔ <sp> ᮃ ᮚ <sp> ᮅ ᮙ ᮒ᮪,77,"Apan gedé kénéh awak sia batan Si Warji!"" ""Ih, lain teu wani, da Si Warji mah mawa péso, ari kuring léngoh."" ""Ambu-ambu, na aya umat ....",sunda_unicode2013
budak_teuneung_fonts/bt_0145_sunda_unicode2013.png,budak_teuneung_samsoedi_1930.pdf,ᮊᮩᮁ <sp> ᮙ ᮜ ᮛ ᮒ᮪ <sp> ᮙ ᮞ ᮊ ᮒ᮪ <sp> ᮒᮦᮂ <sp> ᮒᮩ <sp> ᮍ ᮛᮥ ᮙ ᮞ ᮊᮩ ᮔ᮪ <sp> ᮙ ᮔᮦᮂ <sp> ᮞᮀ ᮌᮩ ᮞ᮪ <sp> ᮞᮤ <sp> ᮅ ᮒᮥ ᮔ᮪ <sp> ᮛᮦ ᮕᮦᮂ <sp> ᮎᮩ ᮛᮤ ᮊ᮪ ᮔ <sp> ᮘᮨ ᮜᮨ ᮑᮨᮀ <sp> ᮃ ᮙ᮪ ᮘᮥ <sp> ᮄ ᮏᮨ ᮙ᮪ <sp> ᮄ ᮔ᮪ ᮓᮤ ᮒ᮪ <sp> ᮊ <sp> ᮄ ᮙᮂ <sp> ᮃ ᮙ᮪ ᮘᮥ <sp> ᮝᮁ ᮏᮤ <sp> ᮊ ᮛᮨ ᮕ᮪ ᮔ <sp> ᮛᮦ ᮊ᮪ <sp> ᮍᮧ ᮔ᮪ ᮒᮢᮧ ᮌ᮪ <sp> ᮞᮤ <sp> ᮝᮁ ᮏᮤ <sp> ᮃ ᮛᮤ <sp> ᮌᮧ ᮌᮧ ᮛᮦ ᮍ ᮔ᮪ <sp> ᮙᮂ <sp> ᮓᮤ <sp> ᮓ ᮕᮥᮁ <sp> ᮎᮥ ᮜ᮪ <sp> ᮘ ᮆ <sp> ᮔᮨ ᮕᮤ <sp> ᮊ <sp> ᮒ ᮛᮥ <sp> ᮒᮥᮀ ᮔ,123,"Keur malarat, masakat téh teu ngarumasakeun manéh."" Sanggeus Si Utun répéh ceurikna, belenyeng Ambu Ijem indit ka imah Ambu Warji, karepna rék ngontrog Si Warji, ari gogoréngan mah di dapur cul baé nepi ka taru- tungna.",sunda_unicode2013
budak_teuneung_fonts/bt_0146_sunda_unicode2013.png,budak_teuneung_samsoedi_1930.pdf,ᮞ ᮓ ᮒᮀ <sp> ᮓ ᮒᮀ <sp> ᮌ ᮔ᮪ ᮒ ᮝᮀ <sp> ᮃ ᮙ᮪ ᮘᮥ <sp> ᮄ ᮏᮨ ᮙ᮪ <sp> ᮙᮨ ᮔ᮪ ᮒᮧ ᮌ᮪ <sp> ᮒᮤ <sp> ᮜ ᮝᮀ <sp> ᮄ ᮙᮂ <sp> ᮃ ᮙ᮪ ᮘᮥ <sp> ᮝᮁ ᮏᮤ <sp> ᮘ ᮛᮤ <sp> ᮔᮥ ᮜ ᮊ᮪ <sp> ᮎᮀ ᮊᮦᮀ <sp> ᮏᮩᮀ <sp> ᮒᮥ <sp> ᮒᮥ ᮔ᮪ ᮏᮥ ᮊ᮪ <sp> ᮕᮧ ᮊ᮪ ᮔ <sp> ᮈ ᮙ᮪ ᮘᮧ ᮊ᮪ <sp> ᮙ ᮔ <sp> ᮞᮤ <sp> ᮝᮁ ᮏᮤ <sp> ᮃ ᮔ ᮊ᮪ <sp> ᮈ ᮙ᮪ ᮘᮧ ᮊ᮪,84,"Sadatang-datang, gantawang Ambu Ijem mentog ti lawang imah Ambu Warji bari nulak cangkéng jeung tu- tunjuk, pokna, ""Embok, mana Si Warji anak Embok?",sunda_unicode2013
budak_teuneung_fonts/bt_0147_sunda_unicode2013.png,budak_teuneung_samsoedi_1930.pdf,ᮘᮀ ᮊ ᮝ ᮛᮂ <sp> ᮊᮥ ᮛᮀ <sp> ᮃ ᮏᮁ <sp> ᮆ ᮒ <sp> ᮘᮥ ᮓ ᮊ᮪ <sp> ᮒᮦᮂ <sp> ᮊᮥ ᮙ ᮝ ᮔᮤ <sp> ᮙᮨᮁ <sp> ᮌ ᮞ <sp> ᮃ ᮔ ᮊ᮪ <sp> ᮓᮩ ᮍᮩ ᮔ᮪ <sp> ᮒᮥᮂ <sp> ᮃ ᮔ ᮊ᮪ <sp> ᮊᮥ ᮜ <sp> ᮘᮩ ᮍᮩ ᮒ᮪ ᮔ <sp> ᮙ ᮔᮤ <sp> ᮛᮥ ᮊ᮪ ᮞ ᮊ᮪ <sp> ᮓᮤ ᮒᮩᮀ ᮌᮩ ᮜ ᮔ᮪ <sp> ᮃ ᮙ᮪ ᮘᮥ <sp> ᮝᮁ ᮏᮤ <sp> ᮙᮧ ᮜᮧ ᮒᮧ ᮒ᮪ <sp> ᮙ ᮒ <sp> ᮞᮤ ᮙᮩ ᮒᮩ ᮔ᮪ <sp> ᮒᮤ ᮔ <sp> ᮊ ᮌᮦ ᮒ᮪ ᮔ <sp> ᮒᮩ <sp> ᮌᮥ ᮌᮥᮁ <sp> ᮒᮩ <sp> ᮃ ᮍᮤ ᮔ᮪ <sp> ᮅ ᮏᮥ ᮌ᮪ <sp> ᮅ ᮏᮥ ᮌ᮪ <sp> ᮃ ᮚ <sp> ᮔᮥ <sp> ᮍ ᮌ ᮘᮢᮂ <sp> ᮘ ᮆ,124,"Bangkawarah, kurang ajar éta budak téh, kumawani mer- gasa anak deungeun, tuh, anak kula beungeutna mani ruksak diteunggeulan!"" Ambu Warji molotot mata simeuteun, tina kagétna, teu gugur teu angin ujug-ujug aya nu ngagabrah baé.",sunda_unicode2013
budak_teuneung_fonts/bt_0148_sunda_unicode2013.png,budak_teuneung_samsoedi_1930.pdf,ᮜ᮪ ᮠ᮪ <sp> ᮓᮥ ᮊ <sp> ᮑᮤ ᮙ ᮞ᮪,9,"""lh, duka Nyimas .",sunda_unicode2013
budak_teuneung_fonts/bt_0149_sunda_unicode2013.png,budak_teuneung_samsoedi_1930.pdf,ᮎᮦ ᮊ᮪ <sp> ᮃ ᮙ᮪ ᮘᮥ <sp> ᮝᮁ ᮏᮤ <sp> ᮍᮧ ᮙᮧᮀ ᮔ <sp> ᮍ ᮌᮨ ᮒᮨᮁ <sp> ᮓ <sp> ᮒ ᮓᮤ <sp> ᮙᮂ <sp> ᮎᮨ ᮔᮂ <sp> ᮛᮦ ᮊ᮪ <sp> ᮍ ᮜ <sp> ᮞᮥ ᮜᮥᮂ <sp> ᮃ ᮚᮩ ᮔ <sp> ᮒ ᮎ ᮔ᮪ <sp> ᮙᮥ ᮜᮀ <sp> ᮃᮂ <sp> ᮜ ᮄ ᮔ᮪ <sp> ᮛᮦ ᮊ᮪ <sp> ᮍ ᮜ <sp> ᮞᮥ ᮜᮥᮂ <sp> ᮛᮦ ᮊ᮪ <sp> ᮙᮨᮁ ᮌ ᮞ <sp> ᮃ ᮔ ᮊ᮪ <sp> ᮊᮥ ᮜ <sp> ᮊᮩ ᮔ᮪ <sp> ᮊᮥ <sp> ᮊᮥ ᮜ <sp> ᮒᮀ ᮒᮥ <sp> ᮓᮤ ᮜ ᮕᮧᮁ ᮊᮩ ᮔ᮪ <sp> ᮊ <sp> ᮕᮥ ᮜᮤ ᮞᮤ <sp> ᮞᮀ ᮌᮩ ᮞ᮪ <sp> ᮍᮧ ᮙᮧᮀ <sp> ᮊᮤ ᮒᮥ <sp> ᮜᮦ ᮇ ᮞ᮪ <sp> ᮃ ᮙ᮪ ᮘᮥ <sp> ᮄ ᮏᮨ ᮙ᮪ <sp> ᮘ ᮜᮤ ᮊ᮪,125,"cék Ambu Warji, ngomongna ngageter, ""da tadi mah cenah rék ngala suluh, ayeuna tacan mulang."" ""Ah, lain rék ngala suluh, rék mergasa anak kula, keun ku kula tangtu dilaporkeun ka pulisi."" Sanggeus ngomong kitu, léos Ambu Ijem balik.",sunda_unicode2013
budak_teuneung_fonts/bt_0150_sunda_unicode2013.png,budak_teuneung_samsoedi_1930.pdf,ᮃ ᮙ᮪ ᮘᮥ <sp> ᮝᮁ ᮏᮤ <sp> ᮌᮩ ᮞ᮪ <sp> ᮜ ᮄ ᮔ᮪ <sp> ᮓᮤ ᮊᮤ ᮉ ᮔ <sp> ᮘ ᮆ <sp> ᮛᮩ ᮝ ᮞᮩ ᮔ ᮔ <sp> ᮏᮩᮀ <sp> ᮞᮥ ᮞ ᮠᮩ ᮔ ᮔ <sp> ᮍ ᮓᮦ ᮍᮦ <sp> ᮃ ᮔ ᮊ᮪ ᮔ <sp> ᮛᮦ ᮊ᮪ <sp> ᮓᮤ ᮜ ᮕᮧᮁ ᮊᮩ ᮔ᮪ <sp> ᮊ <sp> ᮕᮥ ᮜᮤ ᮞᮤ <sp> ᮒᮦᮂ <sp> ᮃ ᮝ ᮊ᮪ ᮔ <sp> ᮍ ᮓ ᮊ᮪ <sp> ᮍ ᮓ ᮊ᮪ <sp> ᮜᮨ ᮞᮥ <sp> ᮔᮨ ᮕᮤ <sp> ᮊ <sp> ᮒᮩ <sp> ᮊᮥ ᮃ ᮒᮩ ᮔ᮪ <sp> ᮔᮀ ᮒᮥᮀ <sp> ᮔᮀ ᮒᮥᮀ <sp> ᮃ ᮎ ᮔ᮪,99,"Ambu Warji geus lain dikieuna baé reuwaseunana jeung susaheunana, ngadéngé anakna rék dilaporkeun ka pulisi téh, awakna ngadak-ngadak lesu, nepi ka teu kuateun nangtung-nangtung acan.",sunda_unicode2013
budak_teuneung_fonts/bt_0151_sunda_unicode2013.png,budak_teuneung_samsoedi_1930.pdf,ᮉ ᮊᮩᮁ <sp> ᮙᮂ <sp> ᮘᮧ ᮌ <sp> ᮊ ᮞ ᮊᮤ ᮒ᮪ <sp> ᮒᮥ ᮛᮥ ᮌ᮪ <sp> ᮒᮥ ᮛᮥ ᮌ᮪ <sp> ᮙᮀ ᮌᮤᮂ <sp> ᮊ ᮛᮩ ᮝ ᮞ᮪ <sp> ᮃ ᮒᮥᮂ <sp> ᮊ ᮞ ᮊᮤ ᮒ᮪ ᮔ <sp> ᮍ ᮓ ᮊ᮪ <sp> ᮍ ᮓ ᮊ᮪ <sp> ᮍ ᮛᮧ ᮞ ᮃ ᮔ᮪,51,"Eukeur mah boga kasakit, turug-turug manggih kareuwas, atuh kasakitna ngadak-ngadak ngarosaan.",sunda_unicode2013
budak_teuneung_fonts/bt_0152_sunda_unicode2013.png,budak_teuneung_samsoedi_1930.pdf,ᮈᮂ <sp> ᮒᮧ ᮘ ᮒ᮪ <sp> ᮌᮥ ᮞ᮪ ᮒᮤ <sp> ᮊᮥ ᮙ ᮠ <sp> ᮘ ᮆ <sp> ᮄ ᮉ <sp> ᮃ ᮝ ᮊ᮪ <sp> ᮒᮦᮂ <sp> ᮎᮦ ᮊ᮪ <sp> ᮃ ᮙ᮪ ᮘᮥ <sp> ᮝᮁ ᮏᮤ <sp> ᮘ ᮛᮤ <sp> ᮎᮩ ᮛᮤ ᮊ᮪ <sp> ᮍ ᮘ ᮍᮤ ᮍᮤ ᮊ᮪,48,"""Eh, tobat Gusti, kumaha baé ieu awak téh?"" cék Ambu Warji bari ceurik ngabangingik.",sunda_unicode2013
budak_teuneung_fonts/bt_0153_sunda_unicode2013.png,budak_teuneung_samsoedi_1930.pdf,ᮘ ᮛᮤ <sp> ᮔ ᮠ <sp> ᮆ ᮒ <sp> ᮞᮤ <sp> ᮝᮁ ᮏᮤ <sp> ᮙ ᮔ <sp> ᮒᮩ <sp> ᮘᮩ ᮔᮀ <sp> ᮒᮩ ᮄᮀ <sp> ᮓᮤ ᮇ ᮙᮧ ᮍ ᮔ᮪ <sp> ᮞ ᮘᮧ ᮒ᮪ <sp> ᮃ ᮙ᮪ ᮘᮥ <sp> ᮝᮁ ᮏᮤ <sp> ᮊᮩᮁ <sp> ᮎᮩ ᮛᮤ ᮊ᮪ <sp> ᮒᮩ <sp> ᮊᮥᮀ ᮞᮤ <sp> ᮜᮤ ᮜ <sp> ᮏᮧ ᮜ᮪ <sp> ᮞᮤ <sp> ᮝᮁ ᮏᮤ <sp> ᮓ ᮒᮀ <sp> ᮘ ᮛᮤ <sp> ᮙᮀ ᮌᮥ ᮜ᮪ <sp> ᮞᮥ ᮜᮥᮂ <sp> ᮛᮦ ᮌᮀ <sp> ᮃ ᮝᮤ <sp> ᮌ ᮛᮤᮀ,85,"""Bari naha éta Si Warji, mana teu beunang teuing diomongan!"" Sabot Ambu Warji keur ceurik, teu kungsi lila jol Si Warji datang, bari manggul suluh, régang awi garing.",sunda_unicode2013
budak_teuneung_fonts/bt_0154_sunda_unicode2013.png,budak_teuneung_samsoedi_1930.pdf,ᮘ ᮛᮀ <sp> ᮙ ᮔᮦᮂ ᮔ <sp> ᮃ ᮞᮥ ᮕ᮪ <sp> ᮊ <sp> ᮄ ᮙᮂ <sp> ᮊ ᮎᮤ ᮓ <sp> ᮛᮩ ᮝ ᮞᮩ ᮔ ᮔ <sp> ᮔᮦ ᮔ᮪ ᮏᮧ <sp> ᮄ ᮔ᮪ ᮓᮥᮀ ᮔ <sp> ᮍ ᮌᮧ ᮜᮦᮁ <sp> ᮓᮤ <sp> ᮒᮨ ᮍᮂ <sp> ᮄ ᮙᮂ <sp> ᮘ ᮛᮤ <sp> ᮎᮩ ᮛᮤ ᮊ᮪,53,"Barang manéhna asup ka imah, kacida reuwaseunana nénjo indungna ngagolér di tengah imah bari ceurik.",sunda_unicode2013
budak_teuneung_fonts/bt_0155_sunda_unicode2013.png,budak_teuneung_samsoedi_1930.pdf,ᮈ ᮙ <sp> ᮈ ᮙ <sp> ᮊᮥ <sp> ᮔ ᮇ ᮔ᮪ <sp> ᮈ ᮙ <sp> ᮒᮦᮂ <sp> ᮎᮦ ᮊ᮪ <sp> ᮞᮤ <sp> ᮝᮁ ᮏᮤ <sp> ᮞᮨ ᮙᮥ <sp> ᮌᮥ <sp> ᮌᮥ ᮕ᮪ <sp> ᮈ ᮙ <sp> ᮄ ᮉ <sp> ᮊᮥ ᮛᮤᮀ <sp> ᮓ ᮒᮀ <sp> ᮔ <sp> ᮞᮤ ᮃ <sp> ᮒᮦᮂ <sp> ᮙ ᮔ <sp> ᮑᮤ ᮊ᮪ ᮞ <sp> ᮒᮩ ᮄᮀ <sp> ᮊ <sp> ᮃ ᮄᮀ <sp> ᮒᮦᮂ <sp> ᮎᮦ ᮊ᮪ <sp> ᮄ ᮔ᮪ ᮓᮥᮀ ᮔ,76,"""Ema, Ema, ku naon Ema, téh?"" cék Si Warji semu gu- gup, ""Ema, ieu kuring datang!"" ""Na sia téh mana nyiksa teuing ka aing téh?"" cék indungna.",sunda_unicode2013
budak_teuneung_fonts/bt_0156_sunda_unicode2013.png,budak_teuneung_samsoedi_1930.pdf,ᮚ <sp> ᮃ ᮜᮣᮂ <sp> ᮔ <sp> ᮊᮥ <sp> ᮔ ᮇ ᮔ᮪ <sp> ᮈ ᮙ <sp> ᮒᮦᮂ <sp> ᮔ ᮠ <sp> ᮞᮤ ᮃ <sp> ᮒᮦᮂ <sp> ᮙ ᮔ <sp> ᮒᮩ <sp> ᮔᮥ ᮛᮥ ᮒ᮪ <sp> ᮊ ᮔ <sp> ᮇ ᮙᮧ ᮍ ᮔ᮪ <sp> ᮃ ᮄᮀ,45,"""Ya Allah, na ku naon Ema téh?"" ""Naha sia téh mana teu nurut kana omongan aing?",sunda_unicode2013
budak_teuneung_fonts/bt_0157_sunda_unicode2013.png,budak_teuneung_samsoedi_1930.pdf,ᮃ ᮛᮤ <sp> ᮌᮩ ᮞ᮪ <sp> ᮊᮤ ᮉ <sp> ᮊᮥ ᮙ ᮠ,12,Ari geus kieu kumaha?,sunda_unicode2013
budak_teuneung_fonts/bt_0158_sunda_unicode2013.png,budak_teuneung_samsoedi_1930.pdf,ᮞ ᮠ <sp> ᮔᮥ <sp> ᮕᮤ ᮔᮥ ᮜᮥ ᮍᮩ ᮔ᮪ <sp> ᮃ ᮄᮀ <sp> ᮙᮥ ᮔ᮪ <sp> ᮞᮤ ᮃ <sp> ᮓᮤ ᮠᮥ ᮊᮥ ᮙ᮪ <sp> ᮎᮦ ᮊ᮪ <sp> ᮃ ᮙ᮪ ᮘᮥ <sp> ᮝᮁ ᮏᮤ,34,"Saha nu pinulungeun aing, mun sia dihukum?"" cék Ambu Warji.",sunda_unicode2013
budak_teuneung_fonts/bt_0159_sunda_unicode2013.png,budak_teuneung_samsoedi_1930.pdf,ᮈ ᮙ <sp> ᮃ ᮕ ᮔ᮪ <sp> ᮞ ᮜ ᮝ ᮞ᮪ ᮔ <sp> ᮇ ᮌᮦ <sp> ᮊᮥ ᮛᮤᮀ <sp> ᮙᮂ <sp> ᮒ ᮎ ᮔ᮪ <sp> ᮑᮧ ᮛᮀ <sp> ᮙᮥᮀ ᮕᮀ <sp> ᮊ ᮔ <sp> ᮕᮤ ᮝᮨ ᮏᮀ <sp> ᮈ ᮙ <sp> ᮔ ᮠ <sp> ᮞᮤ ᮃ <sp> ᮊᮥ ᮙ ᮝ ᮔᮤ <sp> ᮙᮨᮁ ᮌ ᮞ <sp> ᮃ ᮔ ᮊ᮪ <sp> ᮃ ᮙ᮪ ᮘᮥ <sp> ᮄ ᮏᮨ ᮙ᮪ <sp> ᮙᮨᮁ ᮌ ᮞ <sp> ᮊᮥ ᮙ ᮠ <sp> ᮎᮦ ᮊ᮪ <sp> ᮞᮤ <sp> ᮝᮁ ᮏᮤ <sp> ᮞᮨ ᮙᮥ <sp> ᮊ ᮌᮦ ᮒ᮪,90,"""Ema, apan salawasna ogé kuring mah tacan nyorang mungpang kana piwejang Ema."" ""Naha sia kumawani mergasa anak Ambu Ijem?"" ""Mergasa kumaha?"" cék Si Warji semu kagét.",sunda_unicode2013
budak_teuneung_fonts/bt_0160_sunda_unicode2013.png,budak_teuneung_samsoedi_1930.pdf,ᮎᮨ ᮔᮂ <sp> ᮞᮤ <sp> ᮅ ᮒᮥ ᮔ᮪ <sp> ᮊᮥ <sp> ᮞᮤ ᮃ <sp> ᮓᮤ ᮒᮩᮀ ᮌᮩ ᮜ ᮔ᮪ <sp> ᮘᮩ ᮍᮩ ᮒ᮪ ᮔ <sp> ᮔᮨ ᮕᮤ <sp> ᮊ <sp> ᮛᮥ ᮊ᮪ ᮞ ᮊ᮪ <sp> ᮞᮤ <sp> ᮝᮁ ᮏᮤ <sp> ᮔᮥ <sp> ᮊᮩᮁ <sp> ᮞ ᮊᮤ ᮒᮥ <sp> ᮛᮩ ᮝ ᮞ᮪ ᮔ <sp> ᮘ ᮛᮀ <sp> ᮍ ᮓᮦ ᮍᮦ <sp> ᮇ ᮙᮧᮀ <sp> ᮄ ᮔ᮪ ᮓᮥᮀ ᮔ <sp> ᮊᮤ ᮒᮥ <sp> ᮅ ᮏᮥ ᮌ᮪ <sp> ᮅ ᮏᮥ ᮌ᮪ <sp> ᮎᮤ ᮊᮤ ᮊᮤ ᮊ᮪ <sp> ᮘ ᮆ <sp> ᮞᮩ ᮛᮤ,89,"""Cenah Si Utun ku sia diteunggeulan beungeutna nepi ka ruksak!"" Si Warji nu keur sakitu reuwasna, barang ngadéngé omong indungna kitu, ujug-ujug cikikik baé seuri.",sunda_unicode2013
budak_teuneung_fonts/bt_0161_sunda_unicode2013.png,budak_teuneung_samsoedi_1930.pdf,ᮞᮤ <sp> ᮅ ᮒᮥ ᮔ᮪ <sp> ᮒᮦᮂ <sp> ᮎᮤ ᮜ ᮊ <sp> ᮊᮥ <sp> ᮕ ᮙᮧ ᮜᮂ ᮔ <sp> ᮞᮧ ᮛ ᮍ ᮔ᮪ <sp> ᮜ ᮄ ᮔ᮪ <sp> ᮓᮤ ᮕᮨᮁ ᮌ ᮞ <sp> ᮊᮥ <sp> ᮊᮥ ᮛᮤᮀ <sp> ᮓ ᮞᮁ <sp> ᮘᮥ ᮓ ᮊ᮪ ᮔ <sp> ᮘ ᮆ <sp> ᮒᮥ ᮊᮀ <sp> ᮙ ᮛ <sp> ᮓᮥ ᮊᮩ ᮔ᮪ <sp> ᮎᮦ ᮊ᮪ <sp> ᮞᮤ <sp> ᮝᮁ ᮏᮤ,66,"Si Utun téh cilaka ku pamolahna sorangan, lain dipergasa ku kuring, dasar budakna baé tukang mara- dukeun,"" cék Si Warji.",sunda_unicode2013
budak_teuneung_fonts/bt_0162_sunda_unicode2013.png,budak_teuneung_samsoedi_1930.pdf,ᮔ ᮠ <sp> ᮃ ᮒᮥᮂ <sp> ᮎᮦ ᮊ᮪ <sp> ᮄ ᮔ᮪ ᮓᮥᮀ ᮔ <sp> ᮙ ᮏᮂ ᮊᮩ ᮔ᮪ <sp> ᮊᮥ <sp> ᮞᮤ ᮃ,23,"""Naha atuh cék indungna majahkeun ku Sia?",sunda_unicode2013
budak_teuneung_fonts/bt_0163_sunda_unicode2013.png,budak_teuneung_samsoedi_1930.pdf,ᮙ ᮜᮂ <sp> ᮎᮨ ᮔᮂ <sp> ᮞᮤ ᮃ <sp> ᮛᮦ ᮊ᮪ <sp> ᮓᮤ ᮜ ᮕᮧᮁ ᮊᮩ ᮔ᮪ <sp> ᮊ <sp> ᮕᮥ ᮜᮤ ᮞᮤ <sp> ᮇ ᮙᮧᮀ <sp> ᮄ ᮔ᮪ ᮓᮥᮀ ᮔ <sp> ᮔᮥ <sp> ᮙ ᮒ ᮊ᮪ <sp> ᮃ ᮄᮀ <sp> ᮛᮩ ᮝ ᮞ᮪ <sp> ᮏᮩᮀ <sp> ᮎᮩ ᮛᮤ ᮊ᮪ <sp> ᮜ ᮔ᮪ ᮒ ᮛ ᮔ᮪ <sp> ᮞᮤ ᮉ ᮔ᮪ <sp> ᮈ ᮑ <sp> ᮃ ᮔ᮪ <sp> ᮞᮤ ᮃ <sp> ᮘᮧ ᮌ <sp> ᮓᮧ ᮞ <sp> ᮙᮩ ᮛᮩ ᮔ᮪ <sp> ᮞᮤ ᮃ <sp> ᮓᮤ ᮘᮥ ᮄ <sp> ᮃ ᮙ᮪ ᮘᮥ ᮄᮀ,91,"Malah cenah sia rék dilaporkeun ka pulisi,"" omong indungna, ""Nu matak aing reuwas jeung ceurik, lantaran sieun enya- an sia boga dosa, meureun sia dibui."" ""Ambuing ....",sunda_unicode2013
budak_teuneung_fonts/bt_0164_sunda_unicode2013.png,budak_teuneung_samsoedi_1930.pdf,ᮕᮤ ᮛ ᮊᮥ <sp> ᮏ ᮜ᮪ ᮙ <sp> ᮔᮥ <sp> ᮒᮩ <sp> ᮒᮥ ᮃᮂ <sp> ᮒᮩ <sp> ᮓᮧ ᮞ <sp> ᮓᮤ ᮘᮥ ᮄ <sp> ᮒᮩ <sp> ᮕᮥ ᮕᮥ ᮌᮥᮂ,29,Piraku jalma nu teu tuah teu dosa dibui teu pupuguh?,sunda_unicode2013
budak_teuneung_fonts/bt_0165_sunda_unicode2013.png,budak_teuneung_samsoedi_1930.pdf,ᮃᮂ <sp> ᮓ ᮞᮁ <sp> ᮞ ᮛᮥ ᮃ ᮔ <sp> ᮆ ᮒ <sp> ᮙᮂ <sp> ᮑ <sp> ᮃ ᮔ ᮊ᮪ ᮔ <sp> ᮑ <sp> ᮄ ᮔ᮪ ᮓᮥᮀ ᮔ <sp> ᮌ ᮛᮧ ᮛᮦᮀ <sp> ᮠ ᮒᮦ <sp> ᮒᮦᮂ <sp> ᮞᮀ ᮌᮩ ᮞ᮪ <sp> ᮍ ᮓᮦ ᮍᮦ <sp> ᮇ ᮙᮧ ᮍ ᮔ᮪ <sp> ᮃ ᮔ ᮊ᮪ ᮔ <sp> ᮊᮤ ᮒᮥ <sp> ᮃ ᮙ᮪ ᮘᮥ <sp> ᮝᮁ ᮏᮤ <sp> ᮊ ᮊ ᮛ <sp> ᮎᮦᮀ ᮠᮁ <sp> ᮓᮩ ᮄ <sp> ᮞ ᮘᮤ ᮃ ᮞ <sp> ᮒᮨ ᮜᮨ ᮍᮨ ᮞ᮪ <sp> ᮄ <sp> ᮊᮨ ᮘᮧ ᮔ᮪ <sp> ᮃ ᮝᮤ <sp> ᮕ ᮛ ᮔ᮪ ᮒᮤ <sp> ᮞᮤ <sp> ᮝᮁ ᮏᮤ <sp> ᮍ ᮜ <sp> ᮞᮥ ᮜᮥᮂ <sp> ᮒᮦ ᮃ <sp> ᮃ ᮚ <sp> ᮓᮥ ᮃ <sp> ᮘᮥ ᮓ ᮊ᮪ <sp> ᮜ ᮜ ᮊᮤ <sp> ᮊᮩᮁ <sp> ᮃ ᮛᮥ ᮜᮤ ᮔ᮪ <sp> ᮘ ᮛᮤ <sp> ᮙ ᮛ ᮝ <sp> ᮊᮨ ᮒᮨ ᮕᮦ ᮜ᮪ <sp> ᮏᮩᮀ <sp> ᮍ ᮔ᮪ ᮒᮧ ᮍ ᮔ᮪ <sp> ᮘ ᮒᮥ <sp> ᮜ ᮜᮨ ᮙ᮪ ᮘᮥ ᮒ᮪ <sp> ᮛᮦ ᮊ᮪ <sp> ᮍᮨ ᮒᮨ ᮕᮦ ᮜ ᮔ᮪ <sp> ᮙ ᮔᮥ ᮊ᮪,176,"Ah, dasar saruana éta mah, nya anakna nya indungna garoréng haté téh."" Sanggeus ngadéngé omongan anakna kitu, Ambu Warji kakara cénghar deui sabiasa.• TELENGES i kebon awi paranti Si Warji ngala suluh téa, aya dua budak lalaki keur arulin bari marawa ketepél jeung ngantongan batu lalembut, rék ngetepélan manuk.",sunda_unicode2013
budak_teuneung_fonts/bt_0166_sunda_unicode2013.png,budak_teuneung_samsoedi_1930.pdf,ᮃ ᮛᮤ <sp> ᮓᮨ ᮓᮨ ᮌ ᮔ ᮔ <sp> ᮆ ᮒ <sp> ᮓᮥ ᮃ <sp> ᮘᮥ ᮓ ᮊ᮪ <sp> ᮔᮥ <sp> ᮞ ᮅ ᮛᮀ <sp> ᮏᮀ <sp> ᮊᮥᮀ <sp> ᮘᮨ ᮌᮀ <sp> ᮔᮥ <sp> ᮞ ᮅ ᮛᮀ <sp> ᮓᮩ ᮄ <sp> ᮕᮨ ᮔ᮪ ᮓᮦ ᮊ᮪ <sp> ᮌᮨ ᮓᮦ <sp> ᮘᮩ ᮒᮩᮀ ᮔ <sp> ᮘᮥ ᮛᮩ ᮒᮩ <sp> ᮞᮁ ᮒ <sp> ᮒ ᮛᮀ ᮔ <sp> ᮏᮩᮀ <sp> ᮄ ᮛᮥᮀ ᮔ <sp> ᮓᮤ ᮘ ᮜᮥᮁ <sp> ᮊᮥ <sp> ᮊᮨ ᮒ ᮔ᮪ <sp> ᮠᮤ ᮓᮩᮀ,82,"Ari dedeganana éta dua budak, nu saurang jang- kung begang, nu saurang deui pendék gedé, beuteungna bureuteu sarta tarangna jeung irungna dibalur ku ketan hideung.",sunda_unicode2013
budak_teuneung_fonts/bt_0167_sunda_unicode2013.png,budak_teuneung_samsoedi_1930.pdf,ᮒ ᮔ <sp> ᮓᮤ ᮘ ᮜᮥᮁ <sp> ᮒᮦᮂ <sp> ᮑ ᮆ ᮒ <sp> ᮞᮤ <sp> ᮅ ᮒᮥ ᮔ᮪ <sp> ᮃ ᮛᮤ <sp> ᮃ ᮔᮥ <sp> ᮏᮀ <sp> ᮊᮥᮀ <sp> ᮘᮨ ᮌᮀ <sp> ᮑ ᮆ ᮒ <sp> ᮞᮧ ᮘ ᮒ᮪ ᮔ <sp> ᮔᮥ <sp> ᮍ ᮛ ᮔ᮪ <sp> ᮞᮤ <sp> ᮘᮨ ᮌᮥ <sp> ᮒᮦ ᮃ <sp> ᮃ ᮔ ᮊ᮪ <sp> ᮒᮥ ᮊᮀ <sp> ᮍ ᮛᮤ ᮒ᮪,65,"Étana dibalur téh nyaéta Si Utun, ari anu jang- kung begang nyaéta sobatna, nu ngaran Si Begu téa, anak tukang ngarit.",sunda_unicode2013
budak_teuneung_fonts/bt_0168_sunda_unicode2013.png,budak_teuneung_samsoedi_1930.pdf,ᮉ ᮚ᮪ <sp> ᮌᮩ ᮔᮤᮀ <sp> ᮉ ᮝᮩᮂ <sp> ᮙ ᮔᮥ ᮊ᮪ <sp> ᮓᮤ <sp> ᮓᮤ ᮉ <sp> ᮙᮂ <sp> ᮎᮦ ᮊ᮪ <sp> ᮞᮤ <sp> ᮘᮨ ᮌᮥ <sp> ᮊ <sp> ᮞᮤ <sp> ᮅ ᮒᮥ ᮔ᮪,35,"""Euy, geuning euweuh manuk di dieu mah,"" cék Si Begu ka Si Utun.",sunda_unicode2013
budak_teuneung_fonts/bt_0169_sunda_unicode2013.png,budak_teuneung_samsoedi_1930.pdf,ᮠᮩ ᮉᮂ <sp> ᮉ ᮝᮩᮂ <sp> ᮘᮥ ᮜᮥ <sp> ᮘᮥ ᮜᮥ ᮔ <sp> ᮃ ᮎ ᮔ᮪ <sp> ᮎᮦ ᮊ᮪ <sp> ᮞᮤ <sp> ᮅ ᮒᮥ ᮔ᮪ <sp> ᮃᮀ ᮌᮥᮁ ᮞᮤ <sp> ᮅ ᮛᮀ <sp> ᮊ <sp> ᮞ ᮝᮂ <sp> ᮚᮥ <sp> ᮠ ᮚᮥ <sp> ᮎᮦ ᮊ᮪ <sp> ᮞᮤ <sp> ᮘᮨ ᮌᮥ,50,"""Heueuh, euweuh bulu-buluna acan,"" cék Si Utun, ""anggursi urang ka sawah, yu!"" ""Hayu!"" cék Si Begu.",sunda_unicode2013
budak_teuneung_fonts/bt_0170_sunda_unicode2013.png,budak_teuneung_samsoedi_1930.pdf,ᮒ ᮕᮤ <sp> ᮃ ᮛᮤ <sp> ᮊ <sp> ᮞ ᮝᮂ <sp> ᮙᮂ <sp> ᮊᮥ ᮓᮥ <sp> ᮘᮨ ᮘᮨ ᮊᮨ ᮜ ᮔ᮪ <sp> ᮉ ᮚ᮪ <sp> ᮘᮤ ᮞᮤ <sp> ᮜ ᮕᮁ <sp> ᮙᮨ ᮊᮨ ᮜ᮪ <sp> ᮔ ᮇ ᮔ᮪ <sp> ᮙᮨ ᮊᮨ ᮜ᮪ <sp> ᮅ ᮛ ᮞ᮪ <sp> ᮠ ᮓᮦ <sp> ᮙᮨ ᮊᮨ ᮜ᮪ <sp> ᮌᮧ ᮛᮦ ᮍ ᮔ᮪ <sp> ᮇ ᮔ᮪ ᮎᮧ ᮙ᮪ <sp> ᮠ ᮓᮦ <sp> ᮎᮦ ᮊ᮪ <sp> ᮞᮤ <sp> ᮘᮨ ᮌᮥ,74,"""Tapi ..., ari ka sawah mah kudu bebekelan euy, bisi lapar."" ""Mekel naon?"" ""Mekel uras hadé, mekel goréngan oncom hadé,"" cék Si Begu.",sunda_unicode2013
budak_teuneung_fonts/bt_0171_sunda_unicode2013.png,budak_teuneung_samsoedi_1930.pdf,ᮃ ᮛᮤ <sp> ᮠ ᮓᮦ ᮔ <sp> ᮕᮤ ᮞ ᮔ᮪ <sp> ᮙᮂ <sp> ᮙᮨ ᮊᮨ ᮜ᮪ <sp> ᮊ ᮠ ᮊ ᮔ ᮔ᮪ <sp> ᮘ ᮆ <sp> ᮛᮥ ᮕ <sp> ᮛᮥ ᮕ <sp> ᮃᮂ <sp> ᮃ ᮛᮤ <sp> ᮙᮨ ᮊᮨ ᮜ᮪ <sp> ᮊ ᮠ ᮊ ᮔ ᮔ᮪ <sp> ᮜᮧ ᮘ <sp> ᮜᮧ ᮘ <sp> ᮒᮩ ᮄᮀ <sp> ᮙᮂ <sp> ᮅ ᮜᮂ <sp> ᮉ ᮚ᮪ <sp> ᮄ ᮔ᮪ ᮓᮥᮀ <sp> ᮓᮦ ᮝᮦ ᮊ᮪ <sp> ᮞᮧ ᮊ᮪ <sp> ᮍ ᮙ᮪ ᮘᮨ ᮊ᮪ <sp> ᮄ ᮞ᮪ <sp> ᮃ ᮒᮥᮂ <sp> ᮅ ᮜᮂ <sp> ᮌᮨ ᮛᮥᮂ <sp> ᮑᮧ ᮊᮧ ᮒ ᮔ ᮔ <sp> ᮊ ᮠ ᮊ ᮔ ᮔ᮪ <sp> ᮞᮤᮀ <sp> ᮅ ᮜᮂ <sp> ᮊ ᮒ ᮛ <sp> ᮊᮥ <sp> ᮄ ᮔ᮪ ᮓᮥᮀ <sp> ᮞᮤ ᮜ ᮄᮀ <sp> ᮞᮤ <sp> ᮘᮨ ᮌᮥ <sp> ᮍ ᮠᮥ ᮜᮨᮀ <sp> ᮞ ᮊᮩ ᮓᮩᮀ <sp> ᮏᮤ ᮌ <sp> ᮔᮥ <sp> ᮙᮤ ᮊᮤᮁ <sp> ᮙᮤ ᮊᮤᮁ <sp> ᮕᮤ ᮃ ᮊ ᮜᮩ ᮔ᮪,152,"""Ari hadéna pisan mah mekel kahakanan baé rupa-rupa."" ""Ah, ari mekel kahakanan loba-loba teuing mah ulah euy, indung déwék sok ngambek."" ""Is, atuh ulah geruh, nyokotanana kahakanan sing ulah katara ku indung silaing."" Si Begu ngahuleng sakeudeung, jiga nu mikir-mikir piakaleun.",sunda_unicode2013
budak_teuneung_fonts/bt_0172_sunda_unicode2013.png,budak_teuneung_samsoedi_1930.pdf,ᮊᮤ ᮉ <sp> ᮃ ᮚᮩ ᮔ <sp> ᮙᮂ <sp> ᮉ ᮚ᮪ <sp> ᮎᮦ ᮊ᮪ <sp> ᮞᮤ <sp> ᮘᮨ ᮌᮥ <sp> ᮓᮦ ᮝᮦ ᮊ᮪ <sp> ᮛᮦ ᮊ᮪ <sp> ᮍ <sp> ᮌᮧ ᮜᮧ ᮙ᮪ ᮘᮢᮀ <sp> ᮌᮧ ᮜᮧ ᮙ᮪ ᮘᮢᮀ <sp> ᮊ ᮜᮦᮀ <sp> ᮊᮧ ᮞᮧᮀ <sp> ᮓᮤ <sp> ᮕᮤ ᮕᮤᮁ <sp> ᮝ ᮛᮥᮀ <sp> ᮘ ᮛᮤ <sp> ᮆ ᮇᮀ <sp> ᮆ ᮇ ᮍ ᮔ᮪ <sp> ᮍ ᮛᮂ <sp> ᮄ ᮔ᮪ ᮓᮥᮀ <sp> ᮞᮤ ᮜ ᮄᮀ <sp> ᮜᮥ ᮙ᮪ ᮕ ᮒ᮪ <sp> ᮊ <sp> ᮓ ᮕᮥᮁ <sp> ᮍ ᮌᮨ ᮘᮂ ᮊᮩ ᮔ᮪ <sp> ᮅ ᮎᮤᮀ,93,"""Kieu ayeuna mah, euy,"" cék Si Begu, ""déwék rék nga- golombrang-golombrang kaléng kosong di pipir warung bari éong-éongan, ngarah indung silaing lumpat ka dapur ngagebahkeun ucing.",sunda_unicode2013
budak_teuneung_fonts/bt_0173_sunda_unicode2013.png,budak_teuneung_samsoedi_1930.pdf,ᮒᮂ <sp> ᮞ ᮘᮧ ᮒ᮪ <sp> ᮊ <sp> ᮓ ᮕᮥᮁ <sp> ᮞᮤ ᮜ ᮄᮀ <sp> ᮊᮥ ᮓᮥ <sp> ᮛᮤ ᮊ ᮒ᮪ <sp> ᮍ ᮔ᮪ ᮒᮧ ᮍ ᮔ᮪ <sp> ᮌᮧ ᮛᮦ ᮍ ᮔ᮪ <sp> ᮇ ᮔ᮪ ᮎᮧ ᮙ᮪ <sp> ᮏᮩᮀ <sp> ᮅ ᮛ ᮞ᮪ <sp> ᮃ ᮒ ᮝ <sp> ᮔ ᮇ ᮔ᮪ <sp> ᮘ ᮆ <sp> ᮃᮂ <sp> ᮅ ᮜᮂ <sp> ᮉ ᮚ᮪ <sp> ᮃ ᮛᮤ <sp> ᮊᮥ ᮓᮥ <sp> ᮘ ᮛᮀ ᮎᮧ ᮊᮧ ᮒ᮪ <sp> ᮜᮧ ᮘ <sp> ᮜᮧ ᮘ <sp> ᮒᮩ ᮄᮀ <sp> ᮙᮂ <sp> ᮄ ᮔ᮪ ᮓᮥᮀ <sp> ᮓᮦ ᮝᮦ ᮊ᮪ <sp> ᮘᮤ ᮞᮤ <sp> ᮛᮥ ᮌᮤ <sp> ᮝᮂ <sp> ᮓ ᮞᮁ <sp> ᮘᮥ ᮓ ᮊ᮪ <sp> ᮙᮨ ᮓᮤ ᮒ᮪ <sp> ᮘ ᮆ <sp> ᮞᮤ ᮜ ᮄᮀ <sp> ᮙᮂ <sp> ᮒᮩ <sp> ᮉ <sp> ᮝᮩ ᮠᮩ ᮔ᮪ <sp> ᮕᮤ ᮇ ᮙᮧ ᮍᮩ ᮔ᮪ <sp> ᮊᮤ ᮒᮥ <sp> ᮒᮦ ᮃ <sp> ᮊᮤ ᮒᮥ <sp> ᮒᮦ ᮃ <sp> ᮕᮤ ᮛ ᮊᮥ <sp> ᮓᮤ ᮎᮧ ᮊᮧ ᮒ᮪ <sp> ᮞ ᮊᮤ ᮒᮥ <sp> ᮊᮤ ᮒᮥ <sp> ᮘ ᮆ <sp> ᮛᮥ ᮌᮤ,169,"Tah sabot ka dapur, silaing kudu rikat ngantongan goréngan oncom jeung uras atawa naon baé."" ""Ah, ulah euy, ari kudu barangcokot loba-loba teuing mah, indung déwék bisi rugi."" ""Wah, dasar budak medit baé silaing mah, teu eu- weuheun piomongeun, kitu téa, kitu téa, piraku dicokot sakitu-kitu baé rugi?",sunda_unicode2013
budak_teuneung_fonts/bt_0174_sunda_unicode2013.png,budak_teuneung_samsoedi_1930.pdf,ᮜ ᮙᮥ ᮔ᮪ <sp> ᮞᮤ ᮜ ᮄᮀ <sp> ᮍ ᮛ ᮞ <sp> ᮛᮥ ᮌᮤ <sp> ᮓᮤ ᮕᮦ ᮔ᮪ <sp> ᮒ ᮃ ᮔ᮪ <sp> ᮊ ᮠ ᮊ ᮔ ᮔ᮪ <sp> ᮊᮥ <sp> ᮓᮦ ᮝᮦ ᮊ᮪,34,Lamun silaing ngarasa rugi dipén- taan kahakanan ku déwék ....,sunda_unicode2013
budak_teuneung_fonts/bt_0175_sunda_unicode2013.png,budak_teuneung_samsoedi_1930.pdf,ᮑ <sp> ᮜᮩ ᮝᮤᮂ <sp> ᮠ ᮓᮦ <sp> ᮈ ᮔ᮪ ᮒᮧᮀ <sp> ᮞᮧ ᮞᮧ ᮘ ᮒ ᮔ᮪ <sp> ᮏᮩᮀ <sp> ᮓᮦ ᮝᮦ ᮊ᮪ <sp> ᮉ ᮚ᮪ <sp> ᮜ᮪ ᮠ᮪ <sp> ᮅ ᮜᮂ <sp> ᮕᮥ ᮔ᮪ ᮓᮥᮀ <sp> ᮉ ᮚ᮪ <sp> ᮎᮦ ᮊ᮪ <sp> ᮞᮤ <sp> ᮅ ᮒᮥ ᮔ᮪ <sp> ᮘ ᮛᮤ <sp> ᮞᮩ ᮛᮤ <sp> ᮓᮦ <sp> ᮝᮦ ᮊ᮪ <sp> ᮙᮂ <sp> ᮍᮧ ᮙᮧᮀ <sp> ᮊᮤ ᮒᮥ <sp> ᮞᮧ ᮒᮦᮂ <sp> ᮘ ᮑᮧ ᮜ᮪ <sp> ᮘ ᮆ <sp> ᮞᮀ ᮌᮩ ᮞ᮪ <sp> ᮘ ᮛ ᮓ ᮙᮤ <sp> ᮒᮥ ᮜᮥ ᮚ᮪ <sp> ᮆ ᮒ <sp> ᮓᮥ ᮃ <sp> ᮘᮥ ᮓ ᮊ᮪ <sp> ᮃ ᮛᮤ ᮔ᮪ ᮓᮤ ᮒ᮪,106,"nya leuwih hadé entong sosobatan jeung déwék, euy!"" ""lh, ulah pundung, euy,"" cék Si Utun bari seuri, ""dé- wék mah ngomong kitu sotéh banyol baé."" Sanggeus baradami, tuluy éta dua budak arindit.",sunda_unicode2013
budak_teuneung_fonts/bt_0176_sunda_unicode2013.png,budak_teuneung_samsoedi_1930.pdf,ᮞᮤ <sp> ᮘᮨ ᮌᮥ <sp> ᮛᮦ ᮊ᮪ <sp> ᮆ ᮇᮀ <sp> ᮆ ᮇ ᮍ ᮔ᮪ <sp> ᮓᮤ <sp> ᮕᮤ ᮕᮤᮁ <sp> ᮄ ᮙᮂ <sp> ᮞᮤ <sp> ᮅ ᮒᮥ ᮔ᮪ <sp> ᮛᮦ ᮊ᮪ <sp> ᮑᮧ ᮊᮧ ᮒ᮪ <sp> ᮊ ᮠ ᮊ ᮔ ᮔ᮪,42,"Si Begu rék éong-éongan di pipir imah, Si Utun rék nyokot kahakanan.",sunda_unicode2013
budak_teuneung_fonts/bt_0177_sunda_unicode2013.png,budak_teuneung_samsoedi_1930.pdf,ᮒᮩ <sp> ᮊᮥᮀ ᮞᮤ <sp> ᮞ ᮝ ᮒ ᮛ <sp> ᮏᮧᮀ ᮏᮧ ᮍ ᮔ᮪ <sp> ᮆ ᮒ <sp> ᮓᮥ ᮃ <sp> ᮘᮥ ᮓ ᮊ᮪ <sp> ᮌᮩ ᮞ᮪ <sp> ᮒᮤᮀ ᮘ ᮜᮨ ᮎᮤᮁ <sp> ᮊ <sp> ᮞ ᮝᮂ <sp> ᮞᮁ ᮒ <sp> ᮞ ᮊᮥ ᮔ <sp> ᮙᮨ ᮛᮨ ᮊᮤ ᮞ᮪ <sp> ᮊᮥ <sp> ᮊ ᮠ ᮊ ᮔ ᮔ᮪ <sp> ᮃ ᮚ <sp> ᮅ ᮛ ᮞ᮪ <sp> ᮇ ᮔ᮪ ᮎᮧ ᮙ᮪ <sp> ᮎ ᮅ <sp> ᮏᮩᮀ <sp> ᮊ ᮎᮀ <sp> ᮌᮧ ᮛᮦᮀ,80,"Teu kungsi sawatara jongjongan, éta dua budak geus tingbalecir ka sawah sarta sakuna merekis ku kahakanan, aya uras, oncom, cau jeung kacang goréng.",sunda_unicode2013
budak_teuneung_fonts/bt_0178_sunda_unicode2013.png,budak_teuneung_samsoedi_1930.pdf,ᮜᮩᮂ <sp> ᮉ ᮚ᮪ <sp> ᮄ ᮔ᮪ ᮓᮥᮀ <sp> ᮓᮦ ᮝᮦ ᮊ᮪ <sp> ᮙ ᮔᮤ <sp> ᮠᮤ ᮘᮥ ᮒ᮪ <sp> ᮙ ᮙ ᮝ <sp> ᮠ ᮜᮥ <sp> ᮛᮦ ᮊ᮪ <sp> ᮍ ᮌᮨ ᮘᮥ ᮌ᮪ <sp> ᮅ ᮎᮤᮀ <sp> ᮎᮦ ᮊ᮪ <sp> ᮞᮤ <sp> ᮅ ᮒᮥ ᮔ᮪ <sp> ᮘ ᮛᮤ <sp> ᮞᮩ ᮞᮩ ᮛᮤ ᮃ ᮔ᮪,55,"""Leuh euy, indung déwék mani hibut mamawa halu rék ngagebug ucing,"" cék Si Utun bari seuseurian.",sunda_unicode2013
budak_teuneung_fonts/bt_0179_sunda_unicode2013.png,budak_teuneung_samsoedi_1930.pdf,ᮠᮩ ᮉᮂ <sp> ᮍ ᮔ᮪ <sp> ᮠ ᮓᮦ ᮔ <sp> ᮘ ᮆ <sp> ᮅ ᮎᮤᮀ <sp> ᮌ ᮛᮧᮀ ᮔ <sp> ᮘᮤ ᮞ <sp> ᮞ ᮜᮤ ᮔ᮪ <sp> ᮛᮥ ᮕ <sp> ᮎᮦ ᮊ᮪ <sp> ᮞᮤ <sp> ᮘᮨ ᮌᮥ <sp> ᮘ ᮛᮤ <sp> ᮍᮧ ᮞᮧ ᮙ᮪ <sp> ᮞᮥ ᮍᮥ ᮒ᮪ ᮔ <sp> ᮕᮤ ᮔᮥᮂ <sp> ᮊᮥ <sp> ᮅ ᮛ ᮞ᮪ <sp> ᮏᮩᮀ <sp> ᮌᮧ ᮛᮦᮀ <sp> ᮇ ᮔ᮪ ᮎᮧ ᮙ᮪,68,"""Heueuh, ngan hadéna baé ucing garongna bisa salin rupa,"" cék Si Begu bari ngosom, sungutna pinuh ku uras jeung goréng oncom.",sunda_unicode2013
budak_teuneung_fonts/bt_0180_sunda_unicode2013.png,budak_teuneung_samsoedi_1930.pdf,ᮔ ᮠ <sp> ᮉ ᮚ᮪ <sp> ᮝ ᮊ <sp> ᮓᮤ ᮠ ᮊ ᮔ ᮔ᮪ <sp> ᮓᮤ <sp> ᮓᮤ ᮉ <sp> ᮅ ᮛ ᮞ᮪ <sp> ᮒᮦᮂ <sp> ᮎᮦ ᮊ᮪ <sp> ᮞᮤ <sp> ᮅ ᮒᮥ ᮔ᮪,34,"""Naha euy, waka dihakanan di dieu uras téh?"" cék Si Utun.",sunda_unicode2013
budak_teuneung_fonts/bt_0181_sunda_unicode2013.png,budak_teuneung_samsoedi_1930.pdf,ᮃᮂ <sp> ᮈᮀ ᮊᮦ <sp> ᮓᮤ ᮠ ᮊ ᮔ᮪ <sp> ᮃ ᮚᮩ ᮔ <sp> ᮓᮤ ᮒᮥ ᮃᮀ <sp> ᮄ ᮉ <sp> ᮙᮂ <sp> ᮄ ᮒᮥᮀ <sp> ᮄ ᮒᮥᮀ <sp> ᮍ ᮞ ᮃ ᮔ᮪ <sp> ᮘ ᮆ <sp> ᮠ ᮚᮀ <sp> ᮑ ᮠᮧ <sp> ᮕᮨ ᮜᮨ ᮙ᮪ <sp> ᮠᮨ ᮔ᮪ ᮒᮩ ᮔ <sp> ᮅ ᮛ ᮞ᮪ <sp> ᮏᮩᮀ <sp> ᮇ ᮔ᮪ ᮎᮧ ᮙ᮪ <sp> ᮞᮀ ᮌᮩ ᮞ᮪ <sp> ᮓ ᮛ ᮒᮀ <sp> ᮊ <sp> ᮞ ᮝᮂ <sp> ᮆ ᮒ <sp> ᮓᮥ ᮃ <sp> ᮘᮥ ᮓ ᮊ᮪ <sp> ᮒᮥ ᮜᮥ ᮚ᮪ <sp> ᮒᮤ ᮍ ᮜ ᮕᮢ ᮊ᮪ <sp> ᮙ ᮕ ᮚ᮪ <sp> ᮙ ᮕ ᮚ᮪ <sp> ᮌ ᮜᮨᮀ <sp> ᮛᮦ ᮊ᮪ <sp> ᮍᮤ ᮔ᮪ ᮒᮤ ᮕ᮪ <sp> ᮏ ᮜ ᮊ᮪ <sp> ᮏᮩᮀ <sp> ᮒᮤ ᮜᮤ ᮜ᮪ <sp> ᮔᮥ <sp> ᮊᮩᮁ <sp> ᮙ ᮛ ᮎᮧ ᮊ ᮔ᮪ <sp> ᮎ ᮎᮤᮀ <sp> ᮓᮤ ᮔ <sp> ᮊᮧ ᮒ ᮊ ᮔ᮪ <sp> ᮓ <sp> ᮠ ᮛᮤ ᮒ <sp> ᮒᮦᮂ <sp> ᮊᮩᮁ <sp> ᮅ ᮞᮥ ᮙ᮪ <sp> ᮙ ᮎᮥ ᮜ᮪,163,"""Ah, engké dihakan, ayeuna dituang, ieu mah itung- itung ngasaan baé, hayang nyaho pelem-henteuna uras jeung oncom."" Sanggeus daratang ka sawah, éta dua budak tuluy tingalaprak, mapay-mapay galeng rék ngintip jalak jeung tilil nu keur maracokan cacing dina kotakan, da harita téh keur usum macul.",sunda_unicode2013
budak_teuneung_fonts/bt_0182_sunda_unicode2013.png,budak_teuneung_samsoedi_1930.pdf,ᮒᮥᮂ <sp> ᮒᮦ ᮔ᮪ ᮏᮧ <sp> ᮉ ᮚ᮪ <sp> ᮏ ᮜ ᮊ᮪ <sp> ᮙ ᮔᮤ <sp> ᮛ ᮕᮀ <sp> ᮎᮦ ᮊ᮪ <sp> ᮞᮤ <sp> ᮘᮨ ᮌᮥ,26,"""Tuh ténjo euy, jalak mani rapang,"" cék Si Begu.",sunda_unicode2013
budak_teuneung_fonts/bt_0183_sunda_unicode2013.png,budak_teuneung_samsoedi_1930.pdf,ᮒᮥ ᮜᮥ ᮚ᮪ <sp> ᮆ ᮒ <sp> ᮓᮥ ᮃ <sp> ᮘᮥ ᮓ ᮊ᮪ <sp> ᮒᮤ ᮍ ᮛᮧᮀ ᮊᮧ <sp> ᮍᮤ ᮔ᮪ ᮒᮤ ᮕ᮪ <sp> ᮏ ᮜ ᮊ᮪ <sp> ᮒᮤ <sp> ᮜᮨ ᮘ ᮊᮩ ᮔ᮪ <sp> ᮌ ᮜᮨᮀ,37,"Tuluy éta dua budak tingarongko, ngintip jalak ti lebakeun galeng.",sunda_unicode2013
budak_teuneung_fonts/bt_0184_sunda_unicode2013.png,budak_teuneung_samsoedi_1930.pdf,ᮊᮥ ᮓᮥ <sp> ᮘ ᮛᮨᮀ <sp> ᮉ ᮚ᮪ <sp> ᮍᮨ ᮒᮨ ᮕᮦ ᮜ᮪ ᮔ <sp> ᮎᮦ ᮊ᮪ <sp> ᮞᮤ <sp> ᮅ ᮒᮥ ᮔ᮪,23,"""Kudu bareng euy, ngetepélna,"" cék Si Utun.",sunda_unicode2013
budak_teuneung_fonts/bt_0185_sunda_unicode2013.png,budak_teuneung_samsoedi_1930.pdf,ᮊᮥ ᮞᮤ ᮝᮨ ᮜ᮪ <sp> ᮊᮥ ᮞᮤ ᮝᮨ ᮜ᮪ <sp> ᮙ ᮛ ᮔᮦ ᮠ ᮔ ᮔ <sp> ᮙ ᮛ ᮞᮀ ᮊᮩ ᮔ᮪ <sp> ᮘ ᮒᮥ <sp> ᮜᮩ ᮒᮤ ᮊ᮪ <sp> ᮊ ᮔ <sp> ᮊᮥ ᮜᮤ ᮒ᮪ <sp> ᮊᮨ ᮒᮨ ᮕᮦ ᮜ᮪ ᮔ <sp> ᮒᮨ ᮛᮥ ᮞ᮪ <sp> ᮓᮤ ᮕᮨ ᮔ᮪ ᮒᮀ ᮊᮩ ᮔ᮪,53,"Kusiwel-kusiwel maranéhanana marasangkeun batu leutik kana kulit ketepélna, terus dipentangkeun.",sunda_unicode2013
budak_teuneung_fonts/bt_0186_sunda_unicode2013.png,budak_teuneung_samsoedi_1930.pdf,ᮘ ᮛᮨᮀ <sp> ᮉ ᮚ᮪ <sp> ᮎᮦ ᮊ᮪ <sp> ᮞᮤ <sp> ᮅ ᮒᮥ ᮔ᮪ <sp> ᮘ ᮛᮤ <sp> ᮍ ᮠ ᮛᮦ ᮝᮧ ᮞ᮪ <sp> ᮠᮤ ᮏᮤ <sp> ᮓᮥ ᮃ,29,"""Bareng euy!"" cék Si Utun bari ngaharéwos, ""hiji dua ...",sunda_unicode2013
budak_teuneung_fonts/bt_0187_sunda_unicode2013.png,budak_teuneung_samsoedi_1930.pdf,ᮒᮤ ᮜᮥ <sp> ᮏᮨ ᮕᮢᮦ ᮒ᮪,6,"tilu!"" Jeprét , ...",sunda_unicode2013
budak_teuneung_fonts/bt_0188_sunda_unicode2013.png,budak_teuneung_samsoedi_1930.pdf,ᮘ ᮒᮥ ᮔ <sp> ᮊᮩ ᮔ <sp> ᮊ ᮔ <sp> ᮒ ᮔᮩᮂ <sp> ᮘᮨᮁ <sp> ᮙ ᮔᮥ ᮊ᮪ <sp> ᮏ ᮜ ᮊ᮪ <sp> ᮒᮦᮂ <sp> ᮠ ᮜᮤ ᮘᮨᮁ <sp> ᮊ ᮘᮦᮂ,31,"Batuna keuna kana taneuh, ber manuk jalak téh haliber kabéh.",sunda_unicode2013
budak_teuneung_fonts/bt_0189_sunda_unicode2013.png,budak_teuneung_samsoedi_1930.pdf,ᮜᮩᮂ <sp> ᮠ ᮑ ᮊ ᮜ᮪ <sp> ᮒᮩ <sp> ᮊᮩ ᮔ <sp> ᮞ ᮉ ᮒᮤ ᮊ᮪ <sp> ᮓᮩ ᮄ <sp> ᮕᮤ ᮞ ᮔ᮪ <sp> ᮉ ᮚ᮪ <sp> ᮎᮦ ᮊ᮪ <sp> ᮞᮤ <sp> ᮅ ᮒᮥ ᮔ᮪,35,"""Leuh, hanyakal teu keuna, saeutik deui pisan, euy!"" cék Si Utun.",sunda_unicode2013
budak_teuneung_fonts/bt_0190_sunda_unicode2013.png,budak_teuneung_samsoedi_1930.pdf,ᮃᮂ <sp> ᮙᮩ ᮛᮩ ᮔ᮪ <sp> ᮘ ᮆ <sp> ᮛᮥ ᮞᮥᮂ <sp> ᮒᮩ ᮄᮀ <sp> ᮉ ᮚ᮪ <sp> ᮎᮦ ᮊ᮪ <sp> ᮞᮤ <sp> ᮘᮨ ᮌᮥ,25,"""Ah, meureun baé rusuh teuing, euy!"" cék Si Begu.",sunda_unicode2013
budak_teuneung_fonts/bt_0191_sunda_unicode2013.png,budak_teuneung_samsoedi_1930.pdf,ᮒᮥᮂ <sp> ᮉ ᮚ᮪ <sp> ᮃ ᮛᮩ ᮔ᮪ ᮒᮩ ᮕ᮪ <sp> ᮓᮩ ᮄ <sp> ᮏ ᮜ ᮊ᮪ <sp> ᮒᮦᮂ <sp> ᮓᮩ ᮊᮩ ᮒ᮪ <sp> ᮙᮥ ᮔ᮪ ᮓᮤᮀ <sp> ᮊᮩᮁ <sp> ᮌᮥ ᮚᮀ <sp> ᮎᮦ ᮊ᮪ <sp> ᮞᮤ <sp> ᮅ ᮒᮥ ᮔ᮪ <sp> ᮘ ᮛᮤ <sp> ᮔᮥ ᮔ᮪ ᮏᮥ ᮊ᮪,49,"""Tuh euy, areunteup deui jalak téh deukeut munding keur guyang,"" cék Si Utun bari nunjuk.",sunda_unicode2013
budak_teuneung_fonts/bt_0192_sunda_unicode2013.png,budak_teuneung_samsoedi_1930.pdf,ᮙᮥ ᮔ᮪ ᮓᮤᮀ <sp> ᮞ ᮠ <sp> ᮑ <sp> ᮉ ᮚ᮪ <sp> ᮔᮥ <sp> ᮊᮩᮁ <sp> ᮌᮥ ᮚᮀ <sp> ᮒᮦᮂ <sp> ᮎᮦ ᮊ᮪ <sp> ᮞᮤ <sp> ᮘᮨ ᮌᮥ,28,"""Munding saha, nya euy, nu keur guyang téh?"" cék Si Begu.",sunda_unicode2013
budak_teuneung_fonts/bt_0193_sunda_unicode2013.png,budak_teuneung_samsoedi_1930.pdf,ᮙᮥ ᮔ᮪ ᮓᮤᮀ <sp> ᮏᮥ ᮛ ᮌ ᮔ᮪ <sp> ᮜᮥ ᮛᮂ <sp> ᮞᮤ ᮌ ᮔ <sp> ᮙᮂ <sp> ᮎᮦ ᮊ᮪ <sp> ᮞᮤ <sp> ᮅ ᮒᮥ ᮔ᮪,26,"""Munding Juragan Lurah, sigana mah,"" cék Si Utun.",sunda_unicode2013
budak_teuneung_fonts/bt_0194_sunda_unicode2013.png,budak_teuneung_samsoedi_1930.pdf,ᮒᮂ <sp> ᮃᮀ ᮌᮥᮁ ᮞᮤ <sp> ᮅ ᮛᮀ <sp> ᮙᮤ ᮜᮥ <sp> ᮍ ᮌᮥ ᮚᮀ ᮊᮩ ᮔ᮪ <sp> ᮙᮥ ᮔ᮪ ᮓᮤᮀ <sp> ᮘ ᮛᮤ <sp> ᮒᮥ ᮙ᮪ ᮕ ᮊ᮪ <sp> ᮠ ᮚᮥ <sp> ᮎᮦ ᮊ᮪ <sp> ᮞᮤ <sp> ᮘᮨ ᮌᮥ,40,"""Tah anggursi urang milu ngaguyangkeun munding bari tumpak, hayu!"" cék Si Begu.",sunda_unicode2013
budak_teuneung_fonts/bt_0195_sunda_unicode2013.png,budak_teuneung_samsoedi_1930.pdf,ᮌᮩ ᮞ᮪ <sp> ᮘᮧ ᮞᮨ ᮔ᮪ <sp> ᮓᮦ ᮝᮦ ᮊ᮪ <sp> ᮙᮂ <sp> ᮊᮨ ᮊᮨ ᮒᮨ ᮕᮦ ᮜ ᮔ᮪ <sp> ᮒᮦᮂ <sp> ᮉ ᮚ᮪ <sp> ᮘᮧ ᮍ ᮔ᮪ <sp> ᮒᮩ <sp> ᮘᮩ ᮘᮩ ᮔ ᮍ ᮔ᮪ <sp> ᮠ ᮚᮥ <sp> ᮒᮥ ᮙ᮪ ᮕ ᮊ᮪ <sp> ᮙᮥ ᮔ᮪ ᮓᮤᮀ <sp> ᮇ ᮌᮦ <sp> ᮎᮦ ᮊ᮪ <sp> ᮞᮤ <sp> ᮅ ᮒᮥ ᮔ᮪ <sp> ᮒ ᮕᮤ <sp> ᮓᮦ <sp> ᮝᮦ ᮊ᮪ <sp> ᮘᮧ ᮌ <sp> ᮊ ᮛᮨ ᮞᮨ ᮕ ᮔ᮪ <sp> ᮔᮥ <sp> ᮜᮩ ᮝᮤᮂ <sp> ᮙᮧ ᮓᮦ ᮜ᮪ <sp> ᮉ ᮚ᮪ <sp> ᮑ ᮆ ᮒ <sp> ᮍ <sp> ᮙ ᮆ ᮔ᮪ ᮊᮩ ᮔ᮪ <sp> ᮙᮥ ᮔ᮪ ᮓᮤᮀ <sp> ᮞᮤ ᮔ <sp> ᮓᮀ ᮞ <sp> ᮞᮤ ᮔ <sp> ᮓᮀ ᮞ <sp> ᮊᮥ ᮙ ᮠ <sp> ᮎᮦ ᮊ᮪ <sp> ᮞᮤ <sp> ᮘᮨ ᮌᮥ <sp> ᮞᮨ ᮙᮥ <sp> ᮠᮦ ᮛ ᮔ᮪,136,"""Geus bosen déwék mah keketepélan téh euy, bongan teu beubeunangan."" ""Hayu tumpak munding ogé,"" cék Si Utun, ""tapi dé- wék boga karesepan nu leuwih modél, euy, nyaéta nga- maénkeun munding sina dangsa."" ""Sina dangsa kumaha?"" cék Si Begu semu héran.",sunda_unicode2013
budak_teuneung_fonts/bt_0196_sunda_unicode2013.png,budak_teuneung_samsoedi_1930.pdf,ᮎᮤᮀ <sp> ᮠ ᮚᮥ <sp> ᮅ ᮛᮀ <sp> ᮘᮥ ᮊ᮪ ᮒᮤ ᮊᮩ ᮔ᮪ <sp> ᮕᮦ ᮊ᮪ <sp> ᮃ ᮒᮥᮂ <sp> ᮔᮥ <sp> ᮍ ᮍᮧ ᮔ᮪ ᮔ <sp> ᮊᮥ <sp> ᮞᮤ ᮜ ᮄᮀ <sp> ᮰ ᮱ ᮰ <sp> ᮠᮩ ᮜ <sp> ᮃ ᮏ ᮊ᮪ <sp> ᮍᮧ ᮙᮧᮀ <sp> ᮃ ᮒ ᮝ <sp> ᮘᮦ ᮛᮦ <sp> ᮅ ᮛ ᮞ᮪ <sp> ᮃ ᮙ᮪ ᮘᮦᮂ <sp> ᮓᮦ ᮝᮦ ᮊ᮪ <sp> ᮏᮧᮀ ᮏᮧ ᮔ᮪ <sp> ᮍ <sp> ᮏ ᮙ᮪ ᮕᮦ ᮃ ᮔ᮪ <sp> ᮙᮥ ᮔ᮪ ᮓᮤᮀ ᮔ <sp> ᮊ ᮛᮂ <sp> ᮙ ᮊᮦ <sp> ᮊᮥ ᮓᮥ <sp> ᮓᮤ ᮏ ᮙ᮪ ᮕᮦ ᮃ ᮔ᮪ <sp> ᮞ ᮌ ᮜ <sp> ᮎᮦ ᮊ᮪ <sp> ᮞᮤ <sp> ᮘᮨ ᮌᮥ <sp> ᮘ ᮛᮤ <sp> ᮒᮥ ᮜᮥ ᮚ᮪ <sp> ᮙ ᮔᮦᮂ ᮔ <sp> ᮑ ᮙ᮪ ᮕᮩᮁ ᮊᮩ ᮔ᮪ <sp> ᮊ <sp> ᮘᮥ ᮓ ᮊ᮪ <sp> ᮃ ᮍᮧ ᮔ᮪ <sp> ᮒᮦ ᮃ,140,"""Cing hayu urang buktikeun."" ""Pék atuh nu ngangonna ku silaing 010 heula, ajak ngomong atawa béré uras, ambéh déwék jongjon -nga- jampéan mundingna."" ""Karah maké kudu dijampéan sagala?"" cék Si Begu, bari tuluy manéhna nyampeurkeun ka budak angon téa.",sunda_unicode2013
budak_teuneung_fonts/bt_0197_sunda_unicode2013.png,budak_teuneung_samsoedi_1930.pdf,ᮉ ᮚ᮪ <sp> ᮓᮦ ᮝᮦ ᮊ᮪ <sp> ᮙᮤ ᮜᮥ <sp> ᮒᮥ ᮙ᮪ ᮕ ᮊ᮪ <sp> ᮙᮥ ᮔ᮪ ᮓᮤᮀ <sp> ᮈᮀ ᮊᮦ <sp> ᮞᮤ ᮜ ᮄᮀ <sp> ᮓᮤ ᮘᮦ ᮛᮦ <sp> ᮅ ᮛ ᮞ᮪ <sp> ᮏᮩᮀ <sp> ᮇ ᮔ᮪ ᮎᮧ ᮙ᮪ <sp> ᮑ <sp> ᮞᮩ ᮌ᮪ <sp> ᮒᮩ ᮄᮀ <sp> ᮇ ᮙᮧᮀ <sp> ᮘᮥ ᮓ ᮊ᮪ <sp> ᮃ ᮍᮧ ᮔ᮪ <sp> ᮒᮦᮂ,61,"""Euy, déwék milu tumpak munding, engké silaing dibéré uras jeung oncom."" ""Nya, seug teuing,"" omong budak angon téh.",sunda_unicode2013
budak_teuneung_fonts/bt_0198_sunda_unicode2013.png,budak_teuneung_samsoedi_1930.pdf,ᮒ ᮕᮤ <sp> ᮙ ᮔ <sp> ᮅ ᮛ ᮞ᮪ ᮔ <sp> ᮞᮤ <sp> ᮘᮨ ᮌᮥ <sp> ᮒᮥ ᮜᮥ ᮚ᮪ <sp> ᮍᮧ ᮓᮧ ᮊ᮪ <sp> ᮅ ᮛ ᮞ᮪ <sp> ᮏᮩᮀ <sp> ᮇ ᮔ᮪ ᮎᮧ ᮙ᮪ <sp> ᮒᮤ ᮔ <sp> ᮞ ᮊᮥ ᮔ <sp> ᮞᮧ ᮊ᮪ <sp> ᮓᮤ ᮘᮤ ᮊᮩ ᮔ᮪ <sp> ᮊ <sp> ᮘᮥ ᮓ ᮊ᮪ <sp> ᮃ ᮍᮧ ᮔ᮪ <sp> ᮒᮦ ᮃ,62,"""Tapi, mana urasna?"" Si Begu tuluy ngodok uras jeung oncom tina sakuna, sok dibikeun ka budak angon téa.",sunda_unicode2013
budak_teuneung_fonts/bt_0199_sunda_unicode2013.png,budak_teuneung_samsoedi_1930.pdf,ᮌᮩ ᮛ <sp> ᮊᮧ ᮕ᮪ <sp> ᮠ ᮊ ᮔ᮪ <sp> ᮉ ᮚ᮪ <sp> ᮔ <sp> ᮃ ᮚ <sp> ᮅ ᮛ ᮞ᮪ <sp> ᮙ ᮔ <sp> ᮍᮩ ᮔᮂ <sp> ᮍᮩ ᮔᮂ <sp> ᮒᮩ ᮄᮀ <sp> ᮑ <sp> ᮕᮨ ᮜᮨ ᮙ᮪ <sp> ᮑ <sp> ᮕᮩᮀ ᮊᮩᮁ <sp> ᮓ <sp> ᮜᮧ ᮘ <sp> ᮊ ᮜ ᮕ ᮔ,54,"""Geura kop hakan euy, na aya uras mana ngeunah- ngeunah teuing, nya pelem, nya peungkeur, da loba kalapana.",sunda_unicode2013
budak_teuneung_fonts/bt_0200_sunda_unicode2013.png,budak_teuneung_samsoedi_1930.pdf,ᮌᮧ ᮛᮦᮀ <sp> ᮇ ᮔ᮪ ᮎᮧ ᮙ᮪ ᮔ <sp> ᮇ ᮌᮦ <sp> ᮌᮩ ᮛ <sp> ᮛ ᮍᮥ <sp> ᮔ ᮊᮨᮁ <sp> ᮒᮩ <sp> ᮆ ᮜᮦᮂ <sp> ᮊᮥ <sp> ᮇ ᮔ᮪ ᮎᮧ ᮙ᮪ <sp> ᮞᮥ ᮙ <sp> ᮞ ᮘᮧ ᮒ᮪ <sp> ᮆ ᮒ <sp> ᮘᮥ ᮓ ᮊ᮪ <sp> ᮃ ᮍᮧ ᮔ᮪ <sp> ᮏᮩᮀ <sp> ᮞᮤ <sp> ᮘᮨ ᮌᮥ <sp> ᮍ ᮠ ᮛ ᮊ ᮔ᮪ <sp> ᮅ ᮛ ᮞ᮪ <sp> ᮞᮤ <sp> ᮅ ᮒᮥ ᮔ᮪ <sp> ᮒᮥ ᮜᮥ ᮚ᮪ <sp> ᮍ ᮜ <sp> ᮌ ᮃᮀ <sp> ᮓᮥ ᮃ,86,"Goréng oncomna ogé geura rangu naker, teu éléh ku oncom Suma."" Sabot éta budak angon jeung Si Begu ngaharakan uras, Si Utun tuluy ngala gaang dua.",sunda_unicode2013
budak_teuneung_fonts/bt_0201_sunda_unicode2013.png,budak_teuneung_samsoedi_1930.pdf,ᮃ ᮛᮤ <sp> ᮌᮩ ᮞ᮪ <sp> ᮙᮩ ᮔᮀ <sp> ᮌ ᮔ᮪ <sp> ᮎᮀ <sp> ᮌ ᮃᮀ <sp> ᮒᮦᮂ <sp> ᮓᮤ ᮃ ᮞᮥ ᮕ᮪ ᮊᮩ ᮔ᮪ <sp> ᮊ ᮔ <sp> ᮜᮤ ᮃᮀ <sp> ᮎᮩ ᮜᮤ <sp> ᮙᮥ ᮔ᮪ ᮓᮤᮀ <sp> ᮔᮥ <sp> ᮊᮩᮁ <sp> ᮑ ᮒᮥ ᮃ ᮔ᮪ <sp> ᮞᮀ ᮌᮩ ᮞ᮪ <sp> ᮊᮤ ᮒᮥ <sp> ᮞᮤ <sp> ᮅ ᮒᮥ ᮔ᮪ <sp> ᮜᮥ ᮙ᮪ ᮕ ᮒ᮪ <sp> ᮑ ᮙ᮪ <sp> ᮕᮩᮁ ᮊᮩ ᮔ᮪ <sp> ᮞᮤ <sp> ᮘᮨ ᮌᮥ,77,"Ari geus meunang, gan- cang gaang téh diasupkeun kana liang ceuli munding, nu keur nyatuan, sanggeus kitu Si Utun lumpat, nyam- peurkeun Si Begu.",sunda_unicode2013
budak_teuneung_fonts/bt_0202_sunda_unicode2013.png,budak_teuneung_samsoedi_1930.pdf,ᮉ ᮚ᮪ <sp> ᮌᮥ <sp> ᮠ ᮚᮥ <sp> ᮃᮂ <sp> ᮅ ᮛᮀ <sp> ᮍ ᮛ ᮜ <sp> ᮓ ᮅ ᮔ᮪ <sp> ᮕᮥ ᮒ ᮒ᮪ <sp> ᮎᮦ ᮊ᮪ <sp> ᮞᮤ <sp> ᮅ ᮒᮥ ᮔ᮪ <sp> ᮘ ᮛᮤ <sp> ᮍᮤ ᮎᮩ ᮕ ᮔ᮪ <sp> ᮊ <sp> ᮞᮤ <sp> ᮘᮨ ᮌᮥ,48,"""Euy, Gu, hayu ah urang ngarala daun putat!"" cék Si Utun bari ngiceupan ka Si Begu.",sunda_unicode2013
budak_teuneung_fonts/bt_0203_sunda_unicode2013.png,budak_teuneung_samsoedi_1930.pdf,ᮊᮥ <sp> ᮞᮤ <sp> ᮘᮨ ᮌᮥ <sp> ᮊ ᮠᮁ ᮒᮤ ᮉ ᮔ᮪ <sp> ᮙ ᮊ᮪ ᮞᮥ ᮓ᮪ <sp> ᮞᮤ <sp> ᮅ ᮒᮥ ᮔ᮪ <sp> ᮊᮤ ᮒᮥ <sp> ᮒᮦᮂ,28,Ku Si Begu kahartieun maksud Si Utun kitu téh.,sunda_unicode2013
budak_teuneung_fonts/bt_0204_sunda_unicode2013.png,budak_teuneung_samsoedi_1930.pdf,ᮒᮥ ᮜᮥ ᮚ᮪ <sp> ᮆ ᮒ <sp> ᮓᮥ ᮃ <sp> ᮘᮥ ᮓ ᮊ᮪ <sp> ᮜ ᮜᮥ ᮙ᮪ ᮕ ᮒ ᮔ᮪ <sp> ᮊ ᮔ <sp> ᮒᮀ ᮊ ᮜ᮪ <sp> ᮕᮥ ᮒ ᮒ᮪ <sp> ᮒᮦ ᮛᮦ ᮊᮦ ᮜ᮪ <sp> ᮔ ᮛ ᮆ ᮊ᮪ <sp> ᮘ ᮛᮤ <sp> ᮞ ᮜᮩ ᮞᮩ ᮛᮤ ᮃ ᮔ᮪,51,"Tuluy éta dua budak lalumpatan kana tangkal putat, térékél naraék bari saleuseurian.",sunda_unicode2013
budak_teuneung_fonts/bt_0205_sunda_unicode2013.png,budak_teuneung_samsoedi_1930.pdf,ᮔ <sp> ᮓᮤ ᮊᮥ ᮙ ᮠ ᮊᮩ ᮔ᮪ <sp> ᮙᮥ ᮔ᮪ ᮓᮤᮀ <sp> ᮒᮦᮂ <sp> ᮊᮥ <sp> ᮞᮤ ᮜ ᮄᮀ <sp> ᮒᮥ ᮔ᮪ <sp> ᮎᮦ ᮊ᮪ <sp> ᮞᮤ <sp> ᮘᮨ ᮌᮥ,31,"""Na dikumahakeun munding téh ku silaing, Tun?"" cék Si Begu.",sunda_unicode2013
budak_teuneung_fonts/bt_0206_sunda_unicode2013.png,budak_teuneung_samsoedi_1930.pdf,ᮓᮤ ᮃ ᮞᮥ ᮕ ᮔ᮪ <sp> ᮌ ᮃᮀ <sp> ᮎᮩ ᮜᮤ ᮔ <sp> ᮌᮩ ᮛ <sp> ᮙᮧ ᮃ ᮜ᮪ <sp> ᮜᮤ ᮜ <sp> ᮓᮩ ᮄ <sp> ᮇ ᮌᮦ <sp> ᮓᮀ ᮞ <sp> ᮜ᮪ ᮠ᮪ <sp> ᮃ ᮒᮥᮂ <sp> ᮙ ᮒ ᮊ᮪ <sp> ᮒᮥ ᮜᮥ ᮚ᮪ <sp> ᮍ ᮙᮥ ᮊ᮪ <sp> ᮉ ᮚ᮪,52,"""Diasupan gaang ceulina, geura moal lila deui ogé dangsa."" ""lh, atuh matak tuluy ngamuk, euy.",sunda_unicode2013
budak_teuneung_fonts/bt_0207_sunda_unicode2013.png,budak_teuneung_samsoedi_1930.pdf,ᮃᮂ <sp> ᮞᮤ ᮜ ᮄᮀ <sp> ᮙᮂ <sp> ᮌ ᮌ ᮘᮂ <sp> ᮙᮀ ᮞ <sp> ᮘᮧ ᮓᮧ <sp> ᮍ ᮙᮥ ᮊ᮪ <sp> ᮇ ᮌᮦ <sp> ᮓ <sp> ᮜ ᮄ ᮔ᮪ <sp> ᮙᮥ ᮔ᮪ ᮓᮤᮀ <sp> ᮓᮦ <sp> ᮌᮩ ᮛ ᮠᮩ ᮔ᮪ <sp> ᮎᮦ ᮊ᮪ <sp> ᮞᮤ <sp> ᮘᮨ ᮌᮥ,49,"Ah, silaing mah gagabah!"" ""Mangsa bodo ngamuk ogé, da lain munding dé- ""Geuraheun,"" cék Si Begu.",sunda_unicode2013
budak_teuneung_fonts/bt_0208_sunda_unicode2013.png,budak_teuneung_samsoedi_1930.pdf,ᮊᮥ ᮙ ᮠ <sp> ᮈᮀ ᮊᮦ <sp> ᮙᮥ ᮔ᮪ <sp> ᮍ ᮙᮥ ᮊ᮪ <sp> ᮊ <sp> ᮅ ᮛᮀ <sp> ᮃ ᮕ ᮔ᮪ <sp> ᮑ <sp> ᮆ ᮒ <sp> ᮔᮥ <sp> ᮙ ᮒ ᮊ᮪ <sp> ᮓᮦ ᮝᮦ ᮊ᮪ <sp> ᮌᮩ ᮝ ᮒ᮪ <sp> ᮍ ᮏ ᮊ᮪ <sp> ᮔ ᮆ ᮊ᮪ <sp> ᮇ ᮌᮦ <sp> ᮘᮤ ᮞᮤ <sp> ᮓᮤ ᮃ ᮙᮥ ᮊ᮪ <sp> ᮙᮥ ᮔ᮪ ᮓᮤᮀ <sp> ᮞ ᮘᮧ ᮒ᮪ <sp> ᮆ ᮒ <sp> ᮓᮥ ᮃ <sp> ᮘᮥ ᮓ ᮊ᮪ <sp> ᮌ ᮜᮥ ᮔ᮪ ᮒᮢᮨᮀ <sp> ᮓᮤ ᮔ <sp> ᮒᮀ ᮊ ᮜ᮪ <sp> ᮕᮥ ᮒ ᮒ᮪ <sp> ᮙᮥ ᮔ᮪ ᮓᮤᮀ <sp> ᮔᮥ <sp> ᮎᮩ ᮜᮤ ᮔ <sp> ᮓᮤ ᮃ ᮞᮥ ᮕ ᮔ᮪ <sp> ᮌ ᮃᮀ <sp> ᮒᮦ ᮃ <sp> ᮌᮩ ᮞ᮪ <sp> ᮙᮤ ᮙᮤ ᮒᮤ <sp> ᮌᮤ ᮌᮤ ᮓᮩ ᮌ᮪ <sp> ᮏᮩᮀ <sp> ᮃ ᮘᮢᮥ ᮌ᮪ <sp> ᮃ ᮘᮢᮥ ᮌ ᮔ᮪ <sp> ᮒᮤ ᮔ <sp> ᮃ ᮝ ᮠᮤᮀ <sp> ᮊᮥ <sp> ᮌᮦ ᮒᮦ ᮊᮩ ᮔ᮪ <sp> ᮒᮥ ᮜᮥ ᮚ᮪ <sp> ᮜᮥ ᮜᮥ ᮙ᮪ ᮕ ᮒ ᮔ᮪ <sp> ᮘ ᮛᮤ <sp> ᮌᮨ ᮌᮨ ᮘᮧ ᮞ᮪,172,"""Kumaha engké mun ngamuk ka urang?"" ""Apan nya éta, nu matak déwék geuwat ngajak naék ogé, bisi diamuk munding."" Sabot éta dua budak galuntreng dina tangkal putat, munding nu ceulina diasupan gaang téa geus mimiti gigideug jeung abrug-abrugan, tina awahing ku gétékeun, tuluy lulumpatan bari gegebos.",sunda_unicode2013
budak_teuneung_fonts/bt_0209_sunda_unicode2013.png,budak_teuneung_samsoedi_1930.pdf,ᮒᮥᮂ <sp> ᮉ ᮚ᮪ <sp> ᮙᮥ ᮔ᮪ ᮓᮤᮀ <sp> ᮒᮦᮂ <sp> ᮌᮩ ᮞ᮪ <sp> ᮙᮤ ᮙᮤ ᮒᮤ <sp> ᮓᮀ ᮞ <sp> ᮎᮦ ᮊ᮪ <sp> ᮞᮤ <sp> ᮅ ᮒᮥ ᮔ᮪ <sp> ᮘ ᮛᮤ <sp> ᮞᮩ ᮞᮩ ᮛᮤ ᮃ ᮔ᮪ <sp> ᮃ ᮝ ᮠᮤᮀ <sp> ᮊᮥ <sp> ᮞᮥ ᮊ <sp> ᮘᮧ ᮌ <sp> ᮛ ᮞ <sp> ᮠ ᮞᮤ ᮜ᮪ <sp> ᮙ ᮊ᮪ ᮞᮥ ᮓ᮪ ᮔ,63,"' 'Tuh euy, munding téh geus mimiti dangsa,"" cék Si Utun bari seuseurian awahing ku suka, boga rasa hasil maksudna.",sunda_unicode2013
budak_teuneung_fonts/bt_0210_sunda_unicode2013.png,budak_teuneung_samsoedi_1930.pdf,ᮘ ᮛᮀ <sp> ᮘᮥ ᮓ ᮊ᮪ <sp> ᮃ ᮍᮧ ᮔ᮪ <sp> ᮒᮦ ᮃ <sp> ᮔᮦ ᮔ᮪ ᮏᮧ <sp> ᮙᮥ ᮔ᮪ ᮓᮤᮀ ᮔ <sp> ᮜᮥ ᮜᮥ ᮙ᮪ ᮕ ᮒ ᮔ᮪ <sp> ᮏᮩᮀ <sp> ᮃ ᮘᮢᮥ ᮌ᮪ <sp> ᮃ ᮘᮢᮥ ᮌ ᮔ᮪ <sp> ᮒᮩ <sp> ᮕᮥ ᮌᮥᮂ <sp> ᮕᮥ ᮌᮥᮂ <sp> ᮒᮥ ᮜᮥ ᮚ᮪ <sp> ᮊᮥ <sp> ᮙ ᮔᮦᮂ <sp> ᮔ <sp> ᮓᮤ ᮅ ᮓ ᮌ᮪ <sp> ᮛᮦ ᮊ᮪ <sp> ᮓᮤ ᮒᮦ ᮝ ᮊ᮪ <sp> ᮓ <sp> ᮞᮤ ᮉ ᮔᮩ ᮔ᮪ <sp> ᮒᮨ ᮛᮥ ᮞ᮪ <sp> ᮊ ᮘᮥᮁ,86,"Barang budak angon téa nénjo mundingna lulumpatan jeung abrug-abrugan teu puguh-puguh, tuluy ku manéh- na diudag rék ditéwak, da sieuneun terus kabur.",sunda_unicode2013
budak_teuneung_fonts/bt_0211_sunda_unicode2013.png,budak_teuneung_samsoedi_1930.pdf,ᮞᮀ ᮌᮩ ᮞ᮪ <sp> ᮓᮩ ᮊᮩ ᮒ᮪ <sp> ᮙᮥ ᮔ᮪ ᮓᮤᮀ <sp> ᮒᮦᮂ <sp> ᮘᮨ ᮒ᮪ <sp> ᮙ ᮜᮤ ᮊ ᮔ᮪ <sp> ᮏᮨ ᮓ ᮊ᮪ <sp> ᮘ ᮆ <sp> ᮍ ᮓᮥ ᮕ ᮊ᮪ <sp> ᮔᮨ ᮕᮤ <sp> ᮊ <sp> ᮔᮀ ᮊ ᮛ ᮊ᮪ <sp> ᮘᮨᮀ ᮊᮀ <sp> ᮒᮩ <sp> ᮈ ᮙ᮪ ᮕᮦ ᮞ᮪ <sp> ᮈ ᮙ᮪ ᮕᮦ ᮞ᮪ <sp> ᮘᮥ ᮓ ᮊ᮪ <sp> ᮒᮦᮂ,64,"Sanggeus deukeut munding téh bet malikan, jedak baé ngadupak, nepi ka nangkarak bengkang, teu empés- empés budak téh.",sunda_unicode2013
budak_teuneung_fonts/bt_0212_sunda_unicode2013.png,budak_teuneung_samsoedi_1930.pdf,ᮃ ᮓᮥᮂ <sp> ᮉ ᮚ᮪ <sp> ᮒᮥᮂ <sp> ᮒᮦ ᮒᮦ ᮜ <sp> ᮒᮥ ᮜᮥ ᮚ᮪ <sp> ᮍ ᮙᮥ ᮊ᮪ <sp> ᮙᮥ ᮔ᮪ ᮓᮤᮀ <sp> ᮒᮦᮂ <sp> ᮎᮦ ᮊ᮪ <sp> ᮞᮤ <sp> ᮘᮨ ᮌᮥ <sp> ᮘ ᮛᮤ <sp> ᮞᮨ ᮙᮥ <sp> ᮛᮩ ᮝ ᮞ᮪,43,"""Aduh euy, tuh tétéla tuluy ngamuk munding téh,"" cék Si Begu bari semu reuwas.",sunda_unicode2013
budak_teuneung_fonts/bt_0213_sunda_unicode2013.png,budak_teuneung_samsoedi_1930.pdf,ᮒᮥᮂ <sp> ᮒᮦ ᮔ᮪ ᮏᮧ <sp> ᮘᮥ ᮓ ᮊ᮪ <sp> ᮃ ᮍᮧ ᮔ᮪ ᮔ <sp> ᮓᮤ ᮓᮥ ᮕ ᮊ᮪,19,"""Tuh, ténjo, budak angonna didupak.",sunda_unicode2013
budak_teuneung_fonts/bt_0214_sunda_unicode2013.png,budak_teuneung_samsoedi_1930.pdf,ᮓᮨ ᮙᮤ <sp> ᮞᮤ <sp> ᮅ ᮒᮥ ᮔ᮪ <sp> ᮅ ᮛᮥ ᮒ᮪ <sp> ᮒ ᮓᮤ ᮔ <sp> ᮞᮩ ᮞᮩ ᮛᮤ ᮃ ᮔ᮪ <sp> ᮞ ᮊᮤ ᮒᮥ <sp> ᮞᮥ ᮊ ᮔ <sp> ᮒᮦᮂ <sp> ᮘ ᮛᮀ <sp> ᮔᮦ ᮔ᮪ ᮏᮧ <sp> ᮘ ᮜᮥ ᮊᮁ ᮔ <sp> ᮊᮤ ᮒᮥ <sp> ᮙᮂ <sp> ᮘᮨ ᮕ᮪ <sp> ᮘ ᮆ <sp> ᮘ ᮜᮨ ᮙ᮪ <sp> ᮒᮩ <sp> ᮍᮧ ᮙᮧᮀ <sp> ᮞ ᮊᮨ ᮙᮦ ᮊ᮪ <sp> ᮕ ᮔᮧ ᮔ᮪ ᮔ <sp> ᮙᮧ ᮜᮧ ᮒᮧ ᮒ᮪ <sp> ᮠ ᮒᮦ ᮔ <sp> ᮍ ᮌᮨ ᮒᮨᮁ <sp> ᮒᮤ ᮔ <sp> ᮊ ᮎᮤ ᮓ <sp> ᮛᮩ ᮝ ᮞᮩ ᮔ ᮔ,100,"Demi Si Utun urut tadina seuseurian sakitu sukana téh, barang nénjo balukarna kitu mah, bep baé balem teu ngomong sakemék panonna molotot, haténa ngageter tina kacida reuwaseunana.",sunda_unicode2013
budak_teuneung_fonts/bt_0215_sunda_unicode2013.png,budak_teuneung_samsoedi_1930.pdf,ᮃ ᮛᮤ <sp> ᮙᮥ ᮔ᮪ ᮓᮤᮀ ᮔ <sp> ᮞᮀ ᮌᮩ ᮞ᮪ <sp> ᮍ ᮓᮥ ᮕ ᮊ᮪ <sp> ᮘᮥ ᮓ ᮊ᮪ <sp> ᮃ ᮍᮧ ᮔ᮪ <sp> ᮒᮦ ᮃ <sp> ᮒᮥ ᮜᮥ ᮚ᮪ <sp> ᮘ ᮆ <sp> ᮙᮨ ᮜᮨ ᮞ ᮒ᮪ <sp> ᮊ ᮘᮥᮁ <sp> ᮒᮩ <sp> ᮕᮥ ᮌᮥᮂ <sp> ᮊ <sp> ᮙ ᮔ <sp> ᮜᮧ ᮞ᮪ ᮔ,56,"Ari mundingna sanggeus ngadupak budak angon téa, tuluy baé melesat kabur, teu puguh ka mana losna.",sunda_unicode2013
budak_teuneung_fonts/bt_0216_sunda_unicode2013.png,budak_teuneung_samsoedi_1930.pdf,ᮓᮨ ᮙᮤ <sp> ᮆ ᮒ <sp> ᮘᮥ ᮓ ᮊ᮪ <sp> ᮃ ᮍᮧ ᮔ᮪ <sp> ᮒᮦᮂ <sp> ᮞᮧ ᮘ ᮒ᮪ ᮔ <sp> ᮞᮤ <sp> ᮝᮁ ᮏᮤ <sp> ᮃ ᮛᮤ <sp> ᮍ ᮛ ᮔ᮪ ᮔ <sp> ᮞᮤ <sp> ᮃ ᮓᮥ ᮔ᮪ <sp> ᮅ ᮙᮥᮁ ᮔ <sp> ᮞ ᮜ ᮕ ᮔ᮪ <sp> ᮒ ᮅ ᮔ᮪ <sp> ᮘᮥ ᮓ ᮊ᮪ <sp> ᮕ ᮠ ᮒᮥ <sp> ᮜ ᮜᮤ ᮞ᮪ <sp> ᮒ ᮕᮤ <sp> ᮊ ᮜ ᮊᮥ ᮃ ᮔ ᮔ <sp> ᮠ ᮓᮦ <sp> ᮕᮤ ᮞ ᮔ᮪,81,"Demi éta budak angon téh sobatna Si Warji, ari ngaranna Si Adun, umurna salapan taun, budak pahatu lalis, tapi kalakuanana hadé pisan.",sunda_unicode2013
budak_teuneung_fonts/bt_0217_sunda_unicode2013.png,budak_teuneung_samsoedi_1930.pdf,ᮕᮧ ᮆ <sp> ᮠ ᮛᮤ ᮒ <sp> ᮞᮤ <sp> ᮝᮁ ᮏᮤ <sp> ᮄ ᮔ᮪ ᮓᮤ ᮒ᮪ <sp> ᮊ <sp> ᮞ ᮝᮂ <sp> ᮞ ᮘ ᮘ᮪ <sp> ᮌᮩ ᮞ᮪ <sp> ᮘ ᮓ ᮙᮤ <sp> ᮏᮩᮀ <sp> ᮞᮤ <sp> ᮃ ᮓᮥ ᮔ᮪ <sp> ᮚᮦ ᮔ᮪ <sp> ᮛᮦ ᮊ᮪ <sp> ᮍ ᮛᮥ ᮊᮥ ᮚ᮪ <sp> ᮘᮨ ᮜᮥ ᮒ᮪ <sp> ᮓᮤ <sp> ᮕ ᮍ ᮍᮧ ᮔ ᮔ᮪ <sp> ᮞᮁ ᮒ <sp> ᮘᮩ ᮘᮩ ᮔ ᮍ ᮔ ᮔ <sp> ᮘ ᮛᮤ ᮞ᮪ <sp> ᮓᮤ ᮕ ᮛᮧ ᮊᮩ ᮔ᮪,83,"Poé harita Si Warji indit ka sawah, sabab geus badami jeung Si Adun yén rék ngarukuy belut di pangangonan, sarta beubeunanganana baris diparokeun.",sunda_unicode2013
budak_teuneung_fonts/bt_0218_sunda_unicode2013.png,budak_teuneung_samsoedi_1930.pdf,ᮃ ᮓᮥ ᮔ᮪ <sp> ᮔᮀ ᮊ ᮛ ᮊ᮪ <sp> ᮓᮤ <sp> ᮓᮥ ᮕ ᮊ᮪ <sp> ᮙᮥ ᮔ᮪ ᮓᮤᮀ <sp> ᮓᮤ ᮒᮤ ᮍ ᮜᮤ <sp> ᮞᮤ <sp> ᮒ᮪ ᮜ᮪ ᮒᮥ ᮔ᮪ <sp> ᮏᮩᮀ <sp> ᮘᮨ ᮌᮥ <sp> ᮓᮤ <sp> ᮜᮥ ᮠᮥᮁ <sp> ᮒᮀ ᮊ ᮜ᮪,44,Adun nangkarak di dupak munding ditingali Si tltun jeung Begu di luhur tangkal.,sunda_unicode2013
budak_teuneung_fonts/bt_0219_sunda_unicode2013.png,budak_teuneung_samsoedi_1930.pdf,ᮘ ᮛᮀ <sp> ᮞᮤ <sp> ᮝᮁ ᮏᮤ <sp> ᮓ ᮒᮀ <sp> ᮊ <sp> ᮕ ᮍ ᮍᮧ ᮔ ᮔ᮪ <sp> ᮊ ᮞ ᮙ᮪ ᮕ ᮊ᮪ <sp> ᮞᮤ <sp> ᮃ ᮓᮥ ᮔ᮪ <sp> ᮊᮩᮁ <sp> ᮍ ᮏᮧ ᮕᮢ ᮊ᮪ <sp> ᮓᮤ ᮔ <sp> ᮊᮧ ᮒ ᮊ ᮔ᮪ <sp> ᮘ ᮛᮤ <sp> ᮠᮥ ᮙ ᮛᮥ ᮛᮥᮀ <sp> ᮌ ᮔ᮪ ᮎᮀ <sp> ᮊᮥ <sp> ᮙ ᮔᮦᮂ ᮔ <sp> ᮓᮤ ᮘᮥ ᮛᮥ,67,"Barang Si Warji datang ka pangangonan, kasampak Si Adun keur ngajoprak dina kotakan bari humarurung, gancang ku manéhna diburu.",sunda_unicode2013
budak_teuneung_fonts/bt_0220_sunda_unicode2013.png,budak_teuneung_samsoedi_1930.pdf,ᮊᮥ <sp> ᮔ ᮇ ᮔ᮪ <sp> ᮞᮤ ᮜ ᮄᮀ <sp> ᮒᮦᮂ <sp> ᮉ ᮚ᮪ <sp> ᮙ ᮔ <sp> ᮍ <sp> ᮏᮧ ᮕᮢ ᮊ᮪ <sp> ᮓᮤ ᮔ <sp> ᮊᮧ ᮒ ᮊ ᮔ᮪ <sp> ᮎᮦ ᮊ᮪ <sp> ᮞᮤ <sp> ᮝᮁ ᮏᮤ,39,"Ku naon silaing téh, euy, mana nga- joprak dina kotakan?"" cék Si Warji.",sunda_unicode2013
budak_teuneung_fonts/bt_0221_sunda_unicode2013.png,budak_teuneung_samsoedi_1930.pdf,ᮓᮦ ᮝᮦ ᮊ᮪ <sp> ᮒᮦᮂ <sp> ᮓᮤ ᮓᮥ ᮕ ᮊ᮪ <sp> ᮙᮥ ᮔ᮪ ᮓᮤᮀ <sp> ᮎᮦ ᮊ᮪ <sp> ᮞᮤ <sp> ᮃ ᮓᮥ ᮔ᮪ <sp> ᮞᮧ ᮛ ᮔ <sp> ᮜ ᮜ ᮅ ᮔ ᮔ᮪ <sp> ᮙᮦᮂ <sp> ᮒᮩ <sp> ᮊ ᮓᮦ ᮍᮦ,41,"Déwék téh didupak munding ..!"" cék Si Adun sorana lalaunan, méh teu kadéngé.",sunda_unicode2013
budak_teuneung_fonts/bt_0222_sunda_unicode2013.png,budak_teuneung_samsoedi_1930.pdf,ᮙ ᮞ <sp> ᮃ ᮜᮣᮂ,5,"""Masa Allah, ....",sunda_unicode2013
budak_teuneung_fonts/bt_0223_sunda_unicode2013.png,budak_teuneung_samsoedi_1930.pdf,ᮓ ᮓ <sp> ᮞᮤ ᮜ ᮄᮀ <sp> ᮔᮨ ᮕᮤ <sp> ᮊ <sp> ᮌᮩ ᮔᮩ ᮊ᮪ <sp> ᮊᮤ ᮉ <sp> ᮞ ᮘᮧ ᮒ᮪ <sp> ᮞᮤ <sp> ᮝᮁ ᮏᮤ <sp> ᮊᮩᮁ <sp> ᮓᮧᮀ ᮊᮧ <sp> ᮍᮤ ᮜᮤ ᮊ ᮔ᮪ <sp> ᮓ ᮓ <sp> ᮞᮤ <sp> ᮃ ᮓᮥ ᮔ᮪ <sp> ᮅ ᮏᮥ ᮌ᮪ <sp> ᮅ ᮏᮥ ᮌ᮪ <sp> ᮕᮨ ᮜᮨ ᮒ ᮊ᮪,59,"dada silaing nepi ka geuneuk kieu!"" Sabot Si Warji keur dongko ngilikan dada Si Adun, ujug-ujug peletak ....",sunda_unicode2013
budak_teuneung_fonts/bt_0224_sunda_unicode2013.png,budak_teuneung_samsoedi_1930.pdf,ᮕᮨ ᮜᮨ ᮒ ᮊ᮪ <sp> ᮘ ᮆ <sp> ᮒᮧᮀ ᮌᮧᮀ ᮔ <sp> ᮃ ᮚ <sp> ᮔᮥ <sp> ᮍᮨ ᮒᮨ ᮕᮦ ᮜ ᮔ᮪ <sp> ᮃ ᮒᮥᮂ <sp> ᮙ ᮔᮦᮂ ᮔ <sp> ᮍ ᮌᮥ ᮛᮥ ᮘᮥ ᮌ᮪ <sp> ᮒᮨ ᮛᮥ ᮞ᮪ <sp> ᮔᮀ ᮒᮥᮀ <sp> ᮘ ᮛᮤ <sp> ᮜᮥ ᮃ ᮊ᮪ <sp> ᮜᮤ ᮉ ᮊ᮪,53,"peletak baé tonggongna aya nu ngetepélan, atuh manéhna ngagurubug, terus nangtung bari luak-lieuk.",sunda_unicode2013
budak_teuneung_fonts/bt_0225_sunda_unicode2013.png,budak_teuneung_samsoedi_1930.pdf,ᮞ ᮠ <sp> ᮙ ᮔᮥ ᮞ ᮔ <sp> ᮃ ᮔᮥ <sp> ᮍᮨ ᮒᮨ ᮕᮦ ᮜ ᮔ᮪ <sp> ᮃ ᮄᮀ <sp> ᮒᮦᮂ,21,"""Saha manusana anu ngetepélan aing téh?",sunda_unicode2013
budak_teuneung_fonts/bt_0226_sunda_unicode2013.png,budak_teuneung_samsoedi_1930.pdf,ᮔ <sp> ᮃ ᮚ <sp> ᮅ ᮙ ᮒ᮪ <sp> ᮙ ᮔ <sp> ᮒᮨ ᮜᮨ ᮍᮨ ᮞ᮪ <sp> ᮒᮨ ᮜᮨ ᮍᮨ ᮞ᮪ <sp> ᮒᮩ ᮄᮀ <sp> ᮎᮦ ᮊ᮪ <sp> ᮞᮤ <sp> ᮝᮁ ᮏᮤ <sp> ᮘ ᮛᮤ <sp> ᮍᮥ ᮞ ᮕ ᮔ᮪ <sp> ᮒᮧᮀ ᮌᮧᮀ ᮔ,44,"Na, aya umat mana telenges-telenges teuing!"" cék Si Warji bari ngusapan tonggongna.",sunda_unicode2013
budak_teuneung_fonts/bt_0227_sunda_unicode2013.png,budak_teuneung_samsoedi_1930.pdf,ᮃᮂ <sp> ᮙᮧ ᮃ ᮜ᮪ <sp> ᮞ ᮜᮂ <sp> ᮞᮤ <sp> ᮅ ᮒᮥ ᮔ᮪ <sp> ᮔᮥ <sp> ᮏ ᮄ ᮜ᮪ <sp> ᮏᮩᮀ <sp> ᮒᮨ ᮜᮨ ᮍᮨ ᮞ᮪ <sp> ᮒᮦᮂ <sp> ᮒᮥ ᮜᮥ ᮚ᮪ <sp> ᮙ ᮔᮦᮂ ᮔ <sp> ᮍ ᮌᮧ ᮛᮧ ᮝᮧ ᮊ᮪ <sp> ᮒ ᮛᮤ ᮊ᮪ <sp> ᮕᮤ ᮞ ᮔ᮪ <sp> ᮉ ᮚ᮪ <sp> ᮞᮦ ᮒ ᮔ᮪,58,"""Ah, moal salah Si Utun, nu jail jeung telenges téh."" Tuluy manéhna ngagorowok tarik pisan, ""Euy sétan!",sunda_unicode2013
budak_teuneung_fonts/bt_0228_sunda_unicode2013.png,budak_teuneung_samsoedi_1930.pdf,ᮜ ᮙᮥ ᮔ᮪ <sp> ᮞᮤ ᮜ ᮄᮀ <sp> ᮝ ᮔᮤ <sp> ᮙᮧ ᮔ᮪ ᮒᮧᮀ <sp> ᮍ ᮓᮧ <sp> ᮓᮧ ᮠᮧ <sp> ᮘ ᮛᮤ <sp> ᮑᮥ ᮙ᮪ ᮕᮥ ᮒ᮪,28,"Lamun silaing wani, montong ngado- doho bari nyumput!",sunda_unicode2013
budak_teuneung_fonts/bt_0229_sunda_unicode2013.png,budak_teuneung_samsoedi_1930.pdf,ᮠ ᮚᮧᮂ <sp> ᮊ <sp> ᮓᮤ ᮉ <sp> ᮓ ᮒᮀ <sp> ᮕᮦ ᮊ᮪ <sp> ᮞᮤ ᮃ <sp> ᮜ ᮙᮥ ᮔ᮪ <sp> ᮒᮦ ᮙ᮪ ᮘᮧᮀ <sp> ᮊᮥ <sp> ᮃ ᮄᮀ <sp> ᮓᮤ ᮘᮨ ᮛᮤ ᮊ᮪ <sp> ᮞᮤ <sp> ᮅ ᮒᮥ ᮔ᮪ <sp> ᮏᮩᮀ <sp> ᮞᮤ <sp> ᮘᮨ ᮌᮥ <sp> ᮒᮀ ᮒᮥ <sp> ᮘ ᮆ <sp> ᮙᮧ ᮃ ᮜ᮪ <sp> ᮝ ᮔᮤ <sp> ᮙᮤ ᮔ᮪ ᮓᮧ <sp> ᮓᮩ ᮄ <sp> ᮍᮨ ᮒᮨ ᮕᮦ ᮜ᮪ <sp> ᮓ <sp> ᮞᮤ ᮉ ᮔᮩ ᮔ᮪ <sp> ᮊ ᮕᮀ ᮌᮤᮂ,83,"Hayoh ka dieu datang, pék sia lamun témbong, ku aing diberik."" Si Utun jeung Si Begu tangtu baé moal wani mindo deui ngetepél, da sieuneun kapanggih.",sunda_unicode2013
budak_teuneung_fonts/bt_0230_sunda_unicode2013.png,budak_teuneung_samsoedi_1930.pdf,ᮃ ᮓᮥᮂ <sp> ᮉ ᮚ᮪ <sp> ᮎᮤᮀ <sp> ᮓᮦ ᮝᮦ ᮊ᮪ <sp> ᮒᮥ ᮜᮥ ᮍ ᮔ᮪,16,"""Aduh euy, cing déwék tulungan!",sunda_unicode2013
budak_teuneung_fonts/bt_0231_sunda_unicode2013.png,budak_teuneung_samsoedi_1930.pdf,ᮊᮥ ᮙ ᮠ <sp> ᮄ ᮉ <sp> ᮓᮦ ᮝᮦ ᮊ᮪ <sp> ᮒᮩ <sp> ᮘᮤ ᮞ <sp> ᮔᮀ ᮒᮥᮀ <sp> ᮓ ᮓ <sp> ᮓᮦ ᮝᮦ ᮊ᮪ <sp> ᮕᮧ ᮠ ᮛ <sp> ᮑᮨ ᮛᮤ ᮔ <sp> ᮏᮩᮀ <sp> ᮉ ᮍ ᮕ᮪ <sp> ᮎᮦ ᮊ᮪ <sp> ᮞᮤ <sp> ᮃ ᮓᮥ ᮔ᮪ <sp> ᮊ <sp> ᮞᮤ <sp> ᮝᮁ ᮏᮤ,55,"Kumaha ieu déwék teu bisa nangtung, dada déwék pohara nyerina jeung eungap,"" cék Si Adun ka Si Warji.",sunda_unicode2013
budak_teuneung_fonts/bt_0232_sunda_unicode2013.png,budak_teuneung_samsoedi_1930.pdf,ᮠ ᮛᮤ ᮒ <sp> ᮊᮦ ᮔᮦᮂ <sp> ᮒᮥ ᮜᮥ ᮚ᮪ <sp> ᮊᮥ <sp> ᮞᮤ <sp> ᮝᮁ ᮏᮤ <sp> ᮓᮤ ᮌ ᮔ᮪ ᮓᮧᮀ <sp> ᮓᮤ ᮘ ᮝ <sp> ᮊ <sp> ᮘᮥ ᮙᮤ <sp> ᮏᮥ ᮛ ᮌ ᮔ᮪ <sp> ᮜᮥ ᮛᮂ,39,"Harita kénéh tuluy ku Si Warji digandong, dibawa ka bumi Juragan Lurah.",sunda_unicode2013
budak_teuneung_fonts/bt_0233_sunda_unicode2013.png,budak_teuneung_samsoedi_1930.pdf,ᮞᮀ ᮌᮩ ᮞ᮪ <sp> ᮞᮤ <sp> ᮝᮁ ᮏᮤ <sp> ᮍ ᮜᮦ ᮇ ᮞ᮪ <sp> ᮞᮤ <sp> ᮅ ᮒᮥ ᮔ᮪ <sp> ᮏᮩᮀ <sp> ᮞᮤ <sp> ᮘᮨ ᮌᮥ <sp> ᮒᮥ ᮜᮥ ᮚ᮪ <sp> ᮒ ᮛᮥ ᮛᮥ ᮔ᮪ <sp> ᮒᮤ ᮔ <sp> ᮒᮀ ᮊ ᮜ᮪ <sp> ᮕᮥ ᮒ ᮒ᮪,46,"Sanggeus Si Warji ngaléos, Si Utun jeung Si Begu tuluy tarurun tina tangkal putat.",sunda_unicode2013
budak_teuneung_fonts/bt_0234_sunda_unicode2013.png,budak_teuneung_samsoedi_1930.pdf,ᮌᮥ <sp> ᮎᮦ ᮊ᮪ <sp> ᮞᮤ <sp> ᮅ ᮒᮥ ᮔ᮪,10,"""Gu!"" cék Si Utun.",sunda_unicode2013
budak_teuneung_fonts/bt_0235_sunda_unicode2013.png,budak_teuneung_samsoedi_1930.pdf,ᮜ ᮙᮥ ᮔ᮪ <sp> ᮞᮤ ᮜ ᮄᮀ <sp> ᮘᮦ ᮜ <sp> ᮊ <sp> ᮓᮦ ᮝᮦ ᮊ᮪ <sp> ᮕᮧ ᮙ <sp> ᮕᮧ ᮙ <sp> ᮕᮤ ᮞ ᮔ᮪ <sp> ᮄ ᮉ <sp> ᮕᮨᮁ ᮊ ᮛ <sp> ᮅ ᮜᮂ <sp> ᮓᮤ ᮅ ᮎᮂ <sp> ᮃ ᮎᮦᮂ <sp> ᮊᮧ ᮙᮧ <sp> ᮊ <sp> ᮏᮥ ᮛ ᮌ ᮔ᮪ <sp> ᮜᮥ ᮛᮂ <sp> ᮙᮂ <sp> ᮅ ᮜᮂ <sp> ᮎᮥ ᮛᮥ ᮒ <sp> ᮎ ᮛᮤ ᮒ <sp> ᮃᮂ <sp> ᮙᮥ ᮞ᮪ ᮒ ᮠᮤ ᮜ᮪ <sp> ᮕᮤ ᮛ ᮊᮥ <sp> ᮓᮦ ᮝᮦ ᮊ᮪ <sp> ᮌᮦ ᮜᮧ <sp> ᮊᮥ ᮙ ᮝ ᮔᮤ <sp> ᮙᮥ ᮊ <sp> ᮛ ᮞᮤ ᮃᮂ <sp> ᮞᮧ ᮘ ᮒ᮪ <sp> ᮎᮦ ᮊ᮪ <sp> ᮞᮤ <sp> ᮘᮨ ᮌᮥ <sp> ᮒ ᮕᮤ <sp> ᮊᮥ ᮓᮥ <sp> ᮃ ᮚ <sp> ᮘᮥ ᮛᮥ ᮠ ᮔ ᮔ <sp> ᮔ ᮠ <sp> ᮙ ᮊᮦ <sp> ᮊᮥ ᮓᮥ <sp> ᮃ ᮚ <sp> ᮘᮥ ᮛᮥᮂ ᮔ,143,"""Lamun silaing béla ka déwék, poma-poma pisan ieu perkara ulah diucah-acéh, komo ka Juragan Lurah mah ulah curuta-carita."" ""Ah, mustahil, piraku déwék gélo, kumawani muka rasiah sobat,"" cék Si Begu, ""tapi kudu aya buruhanana."" ""Naha maké kudu aya buruhna?",sunda_unicode2013
budak_teuneung_fonts/bt_0236_sunda_unicode2013.png,budak_teuneung_samsoedi_1930.pdf,ᮔ ᮇ ᮔ᮪ <sp> ᮘᮥ ᮛᮥᮂ ᮔ <sp> ᮒᮦᮂ <sp> ᮎᮦ ᮊ᮪ <sp> ᮞᮤ <sp> ᮅ ᮒᮥ ᮔ᮪,18,"Naon buruhna téh?"" cék Si Utun.",sunda_unicode2013
budak_teuneung_fonts/bt_0237_sunda_unicode2013.png,budak_teuneung_samsoedi_1930.pdf,ᮃᮂ <sp> ᮆ ᮒ <sp> ᮙᮂ <sp> ᮊᮥ ᮓᮥ <sp> ᮊ ᮠᮁ ᮒᮤ <sp> ᮘ ᮆ <sp> ᮊᮥ <sp> ᮞᮤ ᮜ ᮄᮀ <sp> ᮃ ᮕ ᮔ᮪ <sp> ᮊᮥ ᮓ <sp> ᮙᮥ ᮔ᮪ ᮓᮤᮀ <sp> ᮇ ᮌᮦ <sp> ᮅ ᮕ ᮙ <sp> ᮒᮩ <sp> ᮓᮤ ᮎᮀ ᮎᮀ <sp> ᮙᮂ <sp> ᮞᮧ ᮊ᮪ <sp> ᮜᮩ ᮕ ᮞ᮪ <sp> ᮎᮦ ᮊ᮪ <sp> ᮞᮤ <sp> ᮘᮨ ᮌᮥ,63,"""Ah, éta mah kudu kaharti baé ku silaing, apan kuda munding ogé upama teu dicangcang mah sok leupas,"" cék Si Begu.",sunda_unicode2013
budak_teuneung_fonts/bt_0238_sunda_unicode2013.png,budak_teuneung_samsoedi_1930.pdf,ᮒᮂ <sp> ᮄ ᮉ <sp> ᮇ ᮌᮦ <sp> ᮛ ᮞᮤ ᮃᮂ <sp> ᮒᮦᮂ <sp> ᮜ ᮙᮥ ᮔ᮪ <sp> ᮒᮩ <sp> ᮓᮤ ᮎᮀ <sp> ᮎᮀ <sp> ᮙᮂ <sp> ᮌᮩ ᮞ᮪ <sp> ᮒᮀ ᮒᮥ <sp> ᮠᮩ ᮉᮂ <sp> ᮔ ᮇ ᮔ᮪ <sp> ᮕ ᮑᮀ ᮎᮀ ᮔ <sp> ᮒᮦᮂ <sp> ᮎᮦ ᮊ᮪ <sp> ᮞᮤ <sp> ᮅ ᮒᮥ ᮔ᮪,55,"""Tah, ieu ogé rasiah téh, lamun teu dicang- cang mah, geus tangtu ""Heueuh, naon panyangcangna téh?"" cék Si Utun.",sunda_unicode2013
budak_teuneung_fonts/bt_0239_sunda_unicode2013.png,budak_teuneung_samsoedi_1930.pdf,ᮞᮤ ᮜ ᮄᮀ <sp> ᮊᮥ ᮓᮥ <sp> ᮙᮦ ᮛᮦ ᮃ ᮔ᮪ <sp> ᮓᮥ ᮄ ᮒ᮪ <sp> ᮊ <sp> ᮓᮦ ᮝᮦ ᮊ᮪ <sp> ᮅᮀ ᮌ ᮜ᮪ <sp> ᮕᮧ ᮆ <sp> ᮞ <sp> ᮘᮦᮀ ᮌᮧ ᮜ᮪ <sp> ᮞ ᮘᮦᮀ ᮌᮧ ᮜ᮪ <sp> ᮜ ᮙᮥ ᮔ᮪ <sp> ᮒᮩ <sp> ᮙᮦ ᮛᮦ <sp> ᮈᮀ ᮊᮦ <sp> ᮊᮥ <sp> ᮓᮦ ᮝᮦ ᮊ᮪ <sp> ᮓᮤ ᮜ ᮕᮧᮁ ᮊᮩ ᮔ᮪ <sp> ᮊ <sp> ᮏᮥ ᮛ ᮌ ᮔ᮪ <sp> ᮜᮥ ᮛᮂ <sp> ᮌᮩ ᮞ᮪ <sp> ᮒᮀ ᮒᮥ <sp> ᮞᮤ ᮜ ᮄᮀ <sp> ᮙᮩ ᮔᮀ <sp> ᮠᮥ ᮊᮥ ᮙ ᮔ᮪ <sp> ᮞ ᮘ ᮘ᮪ <sp> ᮌᮩ ᮞ᮪ <sp> ᮍ ᮜ ᮙ᮪ ᮕᮂ ᮊᮩ ᮔ᮪ <sp> ᮏ ᮄ ᮜ᮪ <sp> ᮊ ᮔᮤ ᮃ ᮚ <sp> ᮊ <sp> ᮙᮥ ᮔ᮪ ᮓᮤᮀ <sp> ᮏᮩᮀ <sp> ᮊ <sp> ᮘᮥ ᮓ ᮊ᮪ <sp> ᮃ ᮍᮧ ᮔ᮪ ᮔ <sp> ᮈᮂ <sp> ᮌᮥ <sp> ᮎᮦ ᮊ᮪ <sp> ᮞᮤ <sp> ᮅ ᮒᮥ ᮔ᮪ <sp> ᮘ ᮛᮤ <sp> ᮓᮥ ᮙ ᮛᮩ ᮓ <sp> ᮛᮦ ᮊ᮪ <sp> ᮎᮩ ᮛᮤ ᮊ᮪,161,"""Silaing kudu méréan duit ka déwék, unggal poé sa- bénggol-sabénggol, lamun teu méré, engké ku déwék dilaporkeun ka Juragan Lurah, geus tangtu silaing meunang hukuman, sabab geus ngalampahkeun jail kaniaya ka munding jeung ka budak angonna."" ""Eh, Gu!"" cék Si Utun bari dumareuda rék ceurik.",sunda_unicode2013
budak_teuneung_fonts/bt_0240_sunda_unicode2013.png,budak_teuneung_samsoedi_1930.pdf,ᮞᮤᮀ <sp> ᮊ ᮛᮥ ᮑ <sp> ᮘ ᮆ <sp> ᮃ ᮒᮥᮂ <sp> ᮉ ᮚ᮪ <sp> ᮊ <sp> ᮓᮦ ᮝᮦ ᮊ᮪ <sp> ᮇ ᮙ ᮒ᮪ <sp> ᮅ ᮜᮂ <sp> ᮓᮤ ᮘᮥ ᮊ <sp> ᮛ ᮞᮤ ᮃᮂ <sp> ᮓᮦ ᮝᮦ ᮊ᮪ <sp> ᮒᮦᮂ <sp> ᮠ ᮔ ᮞ᮪ <sp> ᮆ ᮒ <sp> ᮓᮦ ᮝᮦ ᮊ᮪ <sp> ᮊᮥ ᮓᮥ <sp> ᮙᮦ ᮛᮦ ᮃ ᮔ᮪ <sp> ᮓᮥ ᮄ ᮒ᮪ <sp> ᮅᮀ ᮌ ᮜ᮪ <sp> ᮕᮧ ᮆ <sp> ᮊ <sp> ᮞᮤ ᮜ ᮄᮀ <sp> ᮘᮧ ᮛᮧ <sp> ᮘᮧ ᮛᮧ <sp> ᮍ ᮔ᮪ <sp> ᮅ ᮊᮥᮁ <sp> ᮞ ᮘᮦᮀ ᮌᮧ ᮜ᮪ <sp> ᮓ ᮜᮂ <sp> ᮜᮩ ᮝᮤᮂ <sp> ᮒᮤ <sp> ᮞ ᮊᮤ ᮒᮥ <sp> ᮇ ᮌᮦ <sp> ᮙᮧ <sp> ᮘᮥ ᮛᮥᮀ <sp> ᮓᮤ ᮒᮨ ᮓᮥ ᮔ ᮔ᮪ <sp> ᮃ ᮞ ᮜ᮪ <sp> ᮓᮦ ᮝᮦ ᮊ᮪ <sp> ᮞ ᮜ ᮙᮨ ᮒ᮪ <sp> ᮘ ᮆ,136,"""Sing karunya baé atuh euy ka déwék, omat ulah dibuka rasiah déwék téh, hanas éta déwék kudu méréan duit unggal poé ka silaing, boro-boro ngan ukur sabénggol, dalah leuwih ti sakitu ogé mo burung ditedunan, asal déwék salamet baé.",sunda_unicode2013
budak_teuneung_fonts/bt_0241_sunda_unicode2013.png,budak_teuneung_samsoedi_1930.pdf,ᮏᮩᮀ <sp> ᮜ ᮙᮥ ᮔ᮪ <sp> ᮞᮤ ᮜ ᮄᮀ <sp> ᮛᮦ ᮊ᮪ <sp> ᮈ ᮑ ᮃ ᮔ᮪ <sp> ᮘᮦ ᮜ <sp> ᮊ <sp> ᮓᮦ ᮝᮦ ᮊ᮪ <sp> ᮎᮤᮀ <sp> ᮓᮦ ᮝᮦ ᮊ᮪ <sp> ᮒᮥ ᮜᮥ ᮍ ᮔ᮪ <sp> ᮒᮥ ᮜᮥ ᮍ ᮔ᮪ <sp> ᮔ ᮇ ᮔ᮪ <sp> ᮓᮩ ᮄ <sp> ᮎᮦ ᮊ᮪ <sp> ᮞᮤ <sp> ᮘᮨ ᮌᮥ,57,"Jeung lamun silaing rék enyaan béla ka déwék, cing déwék tulungan."" ""Tulungan naon deui?"" cék Si Begu.",sunda_unicode2013
budak_teuneung_fonts/bt_0242_sunda_unicode2013.png,budak_teuneung_samsoedi_1930.pdf,ᮓᮦ ᮝᮦ ᮊ᮪ <sp> ᮒᮦᮂ <sp> ᮕᮧ ᮠ ᮛ <sp> ᮌᮨ ᮙᮨ ᮞ᮪ ᮔ <sp> ᮊ <sp> ᮞᮤ <sp> ᮝᮁ ᮏᮤ <sp> ᮞᮤ ᮜ ᮄᮀ <sp> ᮇ ᮌᮦ <sp> ᮔᮦ ᮔ᮪ ᮏᮧ <sp> ᮞᮧ ᮛ ᮍ ᮔ᮪ <sp> ᮕᮀ ᮔ <sp> ᮘᮩ ᮍᮩ ᮒ᮪ <sp> ᮓᮦ ᮝᮦ ᮊ᮪ <sp> ᮛᮥ ᮊ᮪ ᮞ ᮊ᮪ <sp> ᮒᮦᮂ <sp> ᮜ ᮔ᮪ ᮒ ᮛ ᮔ᮪ <sp> ᮊᮥ <sp> ᮞᮤ <sp> ᮝᮁ ᮏᮤ <sp> ᮃ ᮛᮤ <sp> ᮈᮀ ᮌᮩ ᮞ᮪ <sp> ᮛᮦ ᮊ᮪ <sp> ᮊᮥ ᮙ ᮠ <sp> ᮞᮤ ᮜ ᮄᮀ <sp> ᮒᮦᮂ <sp> ᮎᮦ ᮊ᮪ <sp> ᮞᮤ <sp> ᮘᮨ ᮌᮥ,96,"""Déwék téh pohara gemesna ka Si Warji, silaing ogé nénjo sorangan, pangna beungeut déwék ruksak téh, lantaran ku Si Warji."" ""Ari enggeus, rék kumaha silaing téh?"" cék Si Begu.",sunda_unicode2013
budak_teuneung_fonts/bt_0243_sunda_unicode2013.png,budak_teuneung_samsoedi_1930.pdf,ᮜᮂ <sp> ᮞᮤ ᮜ ᮄᮀ <sp> ᮙᮂ <sp> ᮊᮥ <sp> ᮃ ᮕᮤ <sp> ᮃ ᮕᮤ <sp> ᮒᮩ <sp> ᮍᮁ ᮒᮤ <sp> ᮎᮦ ᮊ᮪ <sp> ᮞᮤ <sp> ᮅ ᮒᮥ ᮔ᮪,29,"""Lah, silaing mah ku api-api teu ngarti,"" cék Si Utun.",sunda_unicode2013
budak_teuneung_fonts/bt_0244_sunda_unicode2013.png,budak_teuneung_samsoedi_1930.pdf,ᮎᮦ ᮊ᮪ <sp> ᮓᮦ ᮝᮦ ᮊ᮪ <sp> ᮇ ᮌᮦ <sp> ᮓᮦ ᮝᮦ ᮊ᮪ <sp> ᮒᮦᮂ <sp> ᮙᮤ ᮔᮀ ᮞ ᮛ ᮚ <sp> ᮊ <sp> ᮞᮤ ᮜ ᮄᮀ <sp> ᮙᮦ ᮔ᮪ <sp> ᮒ <sp> ᮓᮤ ᮘ ᮔ᮪ ᮒᮥ ᮃ ᮔ᮪ <sp> ᮉᮂ <sp> ᮓᮤ ᮘ ᮔ᮪ ᮒᮥ ᮃ ᮔ᮪ <sp> ᮍ ᮌᮨ ᮜᮥ ᮒ ᮔ᮪,54,"""Cék déwék ogé, déwék téh minangsaraya ka silaing mén- ta dibantuan ....."" ""Euh, dibantuan ngagelutan?",sunda_unicode2013
budak_teuneung_fonts/bt_0245_sunda_unicode2013.png,budak_teuneung_samsoedi_1930.pdf,ᮑ <sp> ᮃ ᮛᮤ <sp> ᮊᮥ ᮓᮥ <sp> ᮊᮥ ᮓᮥ <sp> ᮒᮩ ᮄᮀ <sp> ᮙᮂ <sp> ᮠᮩ ᮌ᮪ <sp> ᮘ ᮆ <sp> ᮘᮥ ᮘᮥ ᮠ ᮔ᮪ <sp> ᮞᮧ ᮘ ᮒ᮪ <sp> ᮎᮦ ᮊ᮪ <sp> ᮞᮤ <sp> ᮘᮨ ᮌᮥ <sp> ᮘ ᮛᮤ <sp> ᮍ ᮌ ᮛᮧ <sp> ᮕᮥ ᮔ᮪ ᮓᮥ ᮊ᮪,50,"Nya ari kudu-kudu teuing mah, heug baé, bubuhan sobat,"" cék Si Begu bari ngagaro punduk.",sunda_unicode2013
budak_teuneung_fonts/bt_0246_caringin.png,budak_teuneung_samsoedi_1930.pdf,ᮄ ᮛ ᮠ <sp> ᮞᮤ ᮜ ᮄᮀ <sp> ᮛᮦ ᮊ᮪ <sp> ᮌᮨ ᮜᮥ ᮒ᮪ <sp> ᮒᮦᮂ <sp> ᮠᮁ,18,"""Iraha silaing rék gelut téh?"" ""Har!",caringin
budak_teuneung_fonts/bt_0247_caringin.png,budak_teuneung_samsoedi_1930.pdf,ᮞᮤ ᮜ ᮄᮀ <sp> ᮙᮂ <sp> ᮊ ᮝ ᮞ᮪ <sp> ᮔᮥ <sp> ᮌᮥ ᮔ᮪ ᮓ ᮙ᮪ <sp> ᮓᮤ ᮃ ᮏ ᮊ᮪ <sp> ᮑ ᮛᮤ ᮒ <sp> ᮒᮦᮂ <sp> ᮎᮦ ᮊ᮪ <sp> ᮞᮤ <sp> ᮅ ᮒᮥ ᮔ᮪ <sp> ᮘ ᮛᮤ <sp> ᮘ ᮉ ᮓ᮪,43,"Silaing mah kawas nu gundam diajak nyarita téh,"" cék Si Utun bari baeud.",caringin
budak_teuneung_fonts/bt_0248_caringin.png,budak_teuneung_samsoedi_1930.pdf,ᮃ ᮒᮥᮂ <sp> ᮑ ᮞ ᮒ᮪ <sp> ᮃ ᮛᮤ <sp> ᮊᮥ ᮓᮥ <sp> ᮓᮦ <sp> ᮝᮦ ᮊ᮪ <sp> ᮓᮦ ᮝᮦ ᮊ᮪ <sp> ᮊᮦ ᮔᮦᮂ <sp> ᮘ ᮆ <sp> ᮙᮂ <sp> ᮔᮥ <sp> ᮍ ᮌᮨ ᮜᮥ ᮒ ᮔ᮪ <sp> ᮒᮤ <sp> ᮠᮩ ᮜ,42,"""Atuh nyasat ari kudu dé- wék-déwék kénéh baé mah, nu ngagelutan ti heula.",caringin
budak_teuneung_fonts/bt_0249_caringin.png,budak_teuneung_samsoedi_1930.pdf,ᮓᮦ <sp> ᮝᮦ ᮊ᮪ <sp> ᮙᮂ <sp> ᮙᮦ ᮔ᮪ ᮒ <sp> ᮒᮥ ᮜᮥᮀ <sp> ᮞᮧ ᮒᮦᮂ <sp> ᮠ ᮚᮀ <sp> ᮃ ᮛᮤ ᮙ <sp> ᮘᮦ ᮛᮦ ᮞ᮪ <sp> ᮘ ᮆ <sp> ᮊᮤ ᮒᮥ <sp> ᮊᮤ ᮉ ᮔ <sp> ᮙᮂ <sp> ᮙᮀ ᮞ <sp> ᮘᮧ ᮓᮧ <sp> ᮞᮤ ᮜ ᮄᮀ <sp> ᮉᮂ <sp> ᮊ ᮠᮁ ᮒᮤ <sp> ᮃ ᮚᮩ ᮔ <sp> ᮙᮂ <sp> ᮏ ᮓᮤ <sp> ᮓᮦ ᮝᮦ ᮊ᮪ <sp> ᮒᮦᮂ <sp> ᮊᮥ ᮓᮥ <sp> ᮍ ᮛᮂ <sp> ᮞᮤ <sp> ᮝᮁ ᮏᮤ,81,"Dé- wék mah ménta tulung sotéh hayang*arima bérés baé, kitu-kieuna mah mangsa bodo silaing."" ""Euh, kaharti ayeuna mah, jadi déwék téh kudu ngarah Si Warji?",caringin
budak_teuneung_fonts/bt_0250_caringin.png,budak_teuneung_samsoedi_1930.pdf,ᮠᮩ ᮌ᮪ <sp> ᮃ ᮒᮥᮂ <sp> ᮈᮀ ᮊᮦ <sp> ᮓᮤ <sp> ᮙ ᮔ <sp> ᮕ ᮕᮀ ᮌᮤᮂ <sp> ᮊᮥ <sp> ᮓᮦ ᮝᮦ ᮊ᮪ <sp> ᮛᮦ ᮊ᮪ <sp> ᮓᮤ ᮊᮨ ᮊᮨ ᮞᮨ ᮊ᮪ <sp> ᮃ ᮛᮤ <sp> ᮌᮩ ᮞ᮪ <sp> ᮍ ᮛᮧ ᮙᮧᮀ <sp> ᮊᮤ ᮒᮥ <sp> ᮆ ᮒ <sp> ᮓᮥ ᮃ <sp> ᮘᮥ ᮓ ᮊ᮪ <sp> ᮒᮥ ᮜᮥ ᮚ᮪ <sp> ᮘ ᮛ <sp> ᮜᮤ ᮊᮨ <sp> ᮌᮨ ᮜᮥ ᮒ᮪ <sp> ᮃ ᮛᮦ ᮒᮧ <sp> ᮞ ᮙᮦ ᮙᮦᮂ <sp> ᮃ ᮞᮦ ᮕ᮪ <sp> ᮇ ᮔᮧ ᮔ᮪ <sp> ᮒᮤ ᮌᮨ ᮘᮢᮥ ᮞ᮪ <sp> ᮊ ᮔ <sp> ᮞᮥ ᮙᮥᮁ <sp> ᮒ ᮛ <sp> ᮕᮤ ᮞ ᮔ᮪ <sp> ᮓ ᮆ ᮊᮩ ᮔ᮪ <sp> ᮅ ᮜᮤ ᮔ᮪ <sp> ᮏᮩᮀ <sp> ᮞᮤ <sp> ᮝᮁ ᮏᮤ <sp> ᮞᮥ ᮙ ᮝᮧ ᮔ᮪ ᮔ <sp> ᮛᮩ ᮛᮩ ᮏᮩ ᮍ ᮔ᮪ <sp> ᮙᮂ <sp> ᮞ ᮊ ᮜᮤ ᮉ ᮔ᮪ <sp> ᮓᮤ ᮓᮩ ᮊᮩ ᮒ ᮔ᮪ <sp> ᮇ ᮌᮦ <sp> ᮙ ᮔᮤ <sp> ᮞᮤ ᮛᮤ ᮊ᮪ ᮔ <sp> ᮒᮩ <sp> ᮑᮤᮀ ᮊᮤᮁ ᮊᮩ ᮔ᮪ <sp> ᮘ ᮆ,166,"Heug atuh, engké di mana papanggih ku déwék rék dikekesek."" Ari geus ngaromong kitu, éta dua budak tuluy bara- like GELUT aréto saméméh Asép Onon tigebrus kana sumur, tara pisan daékeun ulin jeung Si Warji, sumawonna reureujeungan mah, sakalieun dideukeutan ogé mani sirikna teu nyingkirkeun baé.",caringin
budak_teuneung_fonts/bt_0251_caringin.png,budak_teuneung_samsoedi_1930.pdf,ᮃ ᮛᮤ <sp> ᮃ ᮚᮩ ᮔ <sp> ᮞᮀ ᮌᮩ ᮞ᮪ <sp> ᮃ ᮞᮦ ᮕ᮪ <sp> ᮓᮤ ᮏ ᮄ ᮒ᮪ <sp> ᮒᮤ ᮔ <sp> ᮘ ᮜ ᮄ <sp> ᮏ ᮓᮤ <sp> ᮕᮧ ᮠ ᮛ <sp> ᮓᮩ ᮓᮩᮂ ᮔ <sp> ᮊ <sp> ᮞᮤ <sp> ᮝᮁ ᮏᮤ <sp> ᮒᮦᮂ,46,"Ari ayeuna sanggeus Asép dijait tina balai, jadi pohara deudeuhna ka Si Warji téh.",caringin
budak_teuneung_fonts/bt_0252_caringin.png,budak_teuneung_samsoedi_1930.pdf,ᮅᮀ ᮌ ᮜ᮪ <sp> ᮕᮧ ᮆ <sp> ᮅ ᮕ ᮙ <sp> ᮃ ᮞᮦ ᮕ᮪ <sp> ᮇ ᮔᮧ ᮔ᮪ <sp> ᮘ ᮜᮤ ᮊ᮪ <sp> ᮒᮤ <sp> ᮞ ᮊᮧ ᮜ <sp> ᮞᮧ ᮊ᮪ <sp> ᮑ ᮙ᮪ ᮕᮩᮁ <sp> ᮅ ᮜᮤ ᮔ᮪ <sp> ᮊ <sp> ᮞᮤ <sp> ᮝᮁ ᮏᮤ <sp> ᮙ ᮜᮂ <sp> ᮞᮧ ᮊ᮪ <sp> ᮊᮤ ᮊᮤ ᮛᮤ ᮙ ᮔ᮪ <sp> ᮞ ᮌ ᮜ <sp> ᮃ ᮚ <sp> ᮊᮥ ᮃᮂ <sp> ᮊᮥ ᮆᮂ <sp> ᮃ ᮚ <sp> ᮘᮥ ᮘᮥ ᮃ ᮠ ᮔ᮪ <sp> ᮃ ᮒ ᮝ <sp> ᮔ ᮇ ᮔ᮪ <sp> ᮘ ᮆ,91,"Unggal poé upama Asép Onon balik ti sakola, sok nyampeur ulin ka Si Warji, malah sok kikiriman sagala, aya kuah-kuéh, aya bubuahan atawa naon baé.",caringin
budak_teuneung_fonts/bt_0253_caringin.png,budak_teuneung_samsoedi_1930.pdf,ᮊᮥ <sp> ᮞ ᮘ ᮘ᮪ <sp> ᮆ ᮒ <sp> ᮘ ᮛᮥ ᮓ ᮊ᮪ <sp> ᮔᮥ <sp> ᮞᮦ ᮏᮦ ᮔ᮪ <sp> ᮅ ᮛᮥ ᮒ᮪ <sp> ᮘ ᮘ ᮒᮥ ᮛ ᮔ᮪ <sp> ᮃ ᮞᮦ ᮕ᮪ <sp> ᮇ ᮔᮧ ᮔ᮪ <sp> ᮏ ᮓᮤ <sp> ᮊ ᮎᮤ ᮓ <sp> ᮞᮤ ᮛᮤ ᮊᮩ ᮔ ᮔ <sp> ᮒᮦᮂ <sp> ᮊᮧ ᮙᮧ <sp> ᮞᮤ <sp> ᮅ ᮒᮥ ᮔ᮪ <sp> ᮏᮩᮀ <sp> ᮞᮤ <sp> ᮘᮨ ᮌᮥ <sp> ᮙᮂ <sp> ᮊ <sp> ᮞᮤ <sp> ᮝᮁ ᮏᮤ <sp> ᮒᮦᮂ <sp> ᮊ ᮝ ᮞ᮪ <sp> ᮊ <sp> ᮞ ᮒᮢᮥ <sp> ᮊ ᮘᮥ ᮚᮥ ᮒ ᮔ᮪ <sp> ᮘ ᮆ,97,"Ku sabab éta barudak nu séjén, urut babaturan Asép Onon jadi kacida sirikeunana téh, komo Si Utun jeung Si Begu mah ka Si Warji téh kawas ka satru kabuyutan baé.",caringin
budak_teuneung_fonts/bt_0254_caringin.png,budak_teuneung_samsoedi_1930.pdf,ᮜ ᮙᮥ ᮔ᮪ <sp> ᮞᮤ <sp> ᮝᮁ ᮏᮤ <sp> ᮓᮤ ᮊᮤ ᮛᮤ ᮙ᮪ <sp> ᮊ ᮓ ᮠ ᮛ ᮔ᮪ <sp> ᮊᮥ <sp> ᮃ ᮞᮦ ᮕ᮪ <sp> ᮇ ᮔᮧ ᮔ᮪ <sp> ᮠᮩ ᮌ᮪ <sp> ᮕ ᮛᮨᮀ <sp> ᮊ ᮑ ᮠᮧ ᮃ ᮔ᮪ <sp> ᮊᮥ <sp> ᮞᮤ <sp> ᮅ ᮒᮥ ᮔ᮪ <sp> ᮃ ᮒ ᮝ <sp> ᮊᮥ <sp> ᮞᮤ <sp> ᮘᮨ ᮌᮥ <sp> ᮕᮧ ᮠ ᮛ <sp> ᮓᮤ ᮞᮤ ᮔ᮪ ᮓᮤ ᮛ ᮔ ᮔ <sp> ᮙ ᮏᮁ <sp> ᮒᮦᮂ <sp> ᮜᮂ <sp> ᮊᮥ <sp> ᮌᮨ ᮔᮂ <sp> ᮃ ᮛᮤ <sp> ᮔᮥ <sp> ᮊᮧ ᮊᮧ ᮛᮧ <sp> ᮙᮀ ᮌᮤᮂ <sp> ᮙᮥ ᮜᮥ ᮓ᮪ <sp> ᮊ ᮠ ᮊ ᮔ ᮔ᮪ <sp> ᮜᮩ ᮉᮁ <sp> ᮠ ᮞᮩ ᮙ᮪ <sp> ᮇ ᮌᮦ <sp> ᮙ ᮔᮤ <sp> ᮓᮤ ᮏᮨ ᮏᮨ ᮜ᮪ <sp> ᮏᮨ ᮏᮨ ᮜ᮪ ᮊᮩ ᮔ᮪ <sp> ᮊ ᮔ <sp> ᮒᮤ ᮊᮧ ᮛᮧ <sp> ᮒ ᮕᮤ <sp> ᮍ ᮛᮧ ᮙᮧᮀ ᮔ <sp> ᮊᮤ ᮒᮥ <sp> ᮒᮦᮂ <sp> ᮒᮩ <sp> ᮝ ᮛ ᮔᮤ ᮉ ᮔ᮪ <sp> ᮃ ᮛᮤ <sp> ᮒᮤ <sp> ᮊ ᮓᮩ ᮊᮩ ᮒ ᮔ᮪ <sp> ᮙᮂ <sp> ᮞᮥ ᮙ <sp> ᮝᮧ ᮔ᮪ ᮔ <sp> ᮠ ᮛᮩ ᮕᮩ ᮔ᮪ <sp> ᮓ <sp> ᮊ ᮝ ᮔᮤ ᮔ <sp> ᮒᮤ <sp> ᮊ ᮃᮀ ᮌ ᮍ ᮔ᮪ <sp> ᮘ ᮆ,201,"Lamun Si Warji dikirim kadaharan ku Asép Onon, heug pareng kanyahoan ku Si Utun atawa ku Si Begu, pohara disindiranana, majar téh, ""Lah ku genah ari nu kokoro manggih mulud, kahakanan leueur-haseum ogé mani dijejel-jejelkeun kana tikoro."" Tapi ngaromongna kitu téh teu waranieun ari ti kadeukeutan mah, suma- wonna hareupeun, da kawanina ti kaanggangan baé.",caringin
budak_teuneung_fonts/bt_0255_caringin.png,budak_teuneung_samsoedi_1930.pdf,ᮓᮤ ᮔ <sp> ᮠᮤ ᮏᮤ <sp> ᮙᮀ ᮞ <sp> ᮞᮤ <sp> ᮝᮁ ᮏᮤ <sp> ᮍᮥ ᮞᮩ ᮕ᮪ <sp> ᮓᮤ <sp> ᮙᮥ ᮃ ᮛ <sp> ᮜᮩ ᮝᮤ <sp> ᮒ ᮛᮤ ᮊ᮪ <sp> ᮓᮤ <sp> ᮞᮤ ᮞᮤ <sp> ᮊᮨ ᮘᮧ ᮔ᮪ <sp> ᮃ ᮝᮤ,42,Dina hiji mangsa Si Warji nguseup di muara Leuwi- tarik di Sisi kebon awi.,caringin
budak_teuneung_fonts/bt_0256_caringin.png,budak_teuneung_samsoedi_1930.pdf,ᮠ ᮛᮤ ᮒ <sp> ᮍᮥ ᮞᮩ ᮕ᮪ ᮔ <sp> ᮒᮩ <sp> ᮝᮥ ᮓᮥ <sp> ᮛ ᮓ <sp> ᮙᮥ ᮏᮥᮁ <sp> ᮘᮩ ᮘᮩ ᮔ ᮍ ᮔ ᮔ <sp> ᮌᮩ ᮞ᮪ <sp> ᮙᮦᮂ <sp> ᮞ ᮒᮨ ᮍᮂ <sp> ᮊᮨ ᮙ᮪ ᮕᮤ ᮞ᮪,40,"Harita nguseupna teu wudu rada mujur, beubeunanganana geus méh satengah kempis.",caringin
budak_teuneung_fonts/bt_0257_caringin.png,budak_teuneung_samsoedi_1930.pdf,ᮜ ᮅ ᮊ᮪ ᮔ <sp> ᮃ ᮚ <sp> ᮜᮦ ᮜᮦ <sp> ᮘᮩ ᮔ᮪ ᮒᮩᮁ <sp> ᮊᮨ ᮒᮤᮀ <sp> ᮏᮩᮀ <sp> ᮜ ᮅ ᮊ᮪ <sp> ᮈ ᮙ ᮞ᮪,27,"Laukna aya lélé, beunteur, keting jeung lauk emas.",caringin
budak_teuneung_fonts/bt_0258_caringin.png,budak_teuneung_samsoedi_1930.pdf,ᮝ ᮊ᮪ ᮒᮥ <sp> ᮊᮩᮁ <sp> ᮏᮧᮀ ᮏᮧ ᮔ᮪ <sp> ᮍᮥ ᮞᮩ ᮕ᮪ <sp> ᮏᮨ ᮘᮥ ᮜ᮪ <sp> ᮞᮤ <sp> ᮅ ᮒᮥ ᮔ᮪ <sp> ᮏᮩᮀ <sp> ᮞᮤ <sp> ᮘᮨ ᮌᮥ <sp> ᮓ ᮛ ᮒᮀ <sp> ᮛᮦ ᮊ᮪ <sp> ᮙ ᮛ ᮔ᮪ ᮓᮤ <sp> ᮊᮧ ᮊᮧ ᮏ ᮚ ᮔ᮪ <sp> ᮓᮤ <sp> ᮆ ᮒ <sp> ᮜᮩ ᮝᮤ,56,"Waktu keur jongjon nguseup, jebul Si Utun jeung Si Begu daratang, rék marandi kokojayan di éta leuwi.",caringin
budak_teuneung_fonts/bt_0259_caringin.png,budak_teuneung_samsoedi_1930.pdf,ᮘ ᮛᮀ <sp> ᮆ ᮒ <sp> ᮘᮥ ᮓ ᮊ᮪ <sp> ᮔᮦ ᮔ᮪ ᮏᮧ <sp> ᮞᮤ <sp> ᮝᮁ ᮏᮤ <sp> ᮎᮤ ᮔ᮪ ᮓᮨ ᮊᮥ ᮜ᮪ <sp> ᮓᮤ <sp> ᮞᮤ ᮞᮤ <sp> ᮜᮩ ᮝᮤ <sp> ᮒᮥ ᮜᮥ ᮚ᮪ <sp> ᮙ ᮔᮦᮂ ᮔ <sp> ᮒᮤᮀ ᮛ ᮛ ᮔ᮪ ᮓᮨ ᮌ᮪,47,"Barang éta budak nénjo Si Warji cindekul di Sisi leuwi, tuluy manéhna tingrarandeg.",caringin
budak_teuneung_fonts/bt_0260_caringin.png,budak_teuneung_samsoedi_1930.pdf,ᮌᮥ <sp> ᮑ <sp> ᮃ ᮚᮩ ᮔ <sp> ᮞᮤ ᮜ ᮄᮀ <sp> ᮊᮥ ᮓᮥ <sp> ᮔᮧ ᮠᮧ ᮔ ᮔ᮪ <sp> ᮏᮀ ᮏᮤ <sp> ᮒᮦᮂ <sp> ᮉ ᮚ᮪ <sp> ᮎᮦ ᮊ᮪ <sp> ᮞᮤ <sp> ᮅ ᮒᮥ ᮔ᮪ <sp> ᮘ ᮛᮤ <sp> ᮍ ᮠ ᮛᮦ ᮝᮧ ᮞ᮪,45,"""Gu, nya ayeuna silaing kudu nohonan jangji téh, euy!"" cék Si Utun bari ngaharéwos.",caringin
budak_teuneung_fonts/bt_0261_caringin.png,budak_teuneung_samsoedi_1930.pdf,ᮊᮥ ᮙ ᮠ ᮊᮩ ᮔ᮪ <sp> ᮆ ᮒ <sp> ᮅ ᮙ ᮒ᮪ <sp> ᮒᮦᮂ <sp> ᮊᮥ <sp> ᮅ ᮛᮀ <sp> ᮎᮦ ᮊ᮪ <sp> ᮞᮤ <sp> ᮘᮨ ᮌᮥ,27,"""Kumahakeun éta umat téh ku urang?"" cék Si Begu.",caringin
budak_teuneung_fonts/bt_0262_caringin.png,budak_teuneung_samsoedi_1930.pdf,ᮓᮧ ᮓᮧ ᮠᮧ <sp> ᮒᮥ ᮜᮥ ᮚ᮪ <sp> ᮏᮧᮀ ᮊᮣᮧ ᮊ᮪ ᮊᮩ ᮔ᮪ <sp> ᮊ ᮔ <sp> ᮜᮩ ᮝᮤ <sp> ᮎᮦ ᮊ᮪ <sp> ᮞᮤ <sp> ᮅ ᮒᮥ ᮔ᮪,28,"""Dodoho, tuluy jongklokkeun kana leuwi!"" cék Si Utun.",caringin
budak_teuneung_fonts/bt_0263_caringin.png,budak_teuneung_samsoedi_1930.pdf,ᮃ ᮒᮥᮂ <sp> ᮜᮩ ᮝᮤᮂ <sp> ᮠ ᮓᮦ <sp> ᮘ ᮛᮨᮀ <sp> ᮊᮥ <sp> ᮓᮥ ᮃ ᮃ ᮔ᮪ <sp> ᮘᮤ ᮞᮤ <sp> ᮒᮩ <sp> ᮊ ᮒ ᮔ <sp> ᮌ ᮃ ᮔ᮪ <sp> ᮃ ᮛᮤ <sp> ᮊᮥ <sp> ᮓᮦ ᮝᮦ ᮊ᮪ <sp> ᮞᮧ ᮛ ᮍ ᮔ᮪ <sp> ᮙᮂ <sp> ᮠ ᮚᮥ <sp> ᮒ ᮕᮤ <sp> ᮞᮤᮀ <sp> ᮃ ᮒᮤ <sp> ᮃ ᮒᮤ <sp> ᮉ ᮚ᮪ <sp> ᮜ ᮜ ᮅ ᮔ ᮔ᮪ <sp> ᮜᮩ ᮙ᮪ ᮕᮀ ᮔ <sp> ᮒᮥ ᮜᮥ ᮚ᮪ <sp> ᮆ ᮒ <sp> ᮓᮥ ᮃ <sp> ᮘᮥ ᮓ ᮊ᮪ <sp> ᮒᮤᮀ ᮊᮨ ᮒᮨ ᮚᮨ ᮕ᮪ <sp> ᮜᮩ ᮙ᮪ ᮕᮀ ᮔ <sp> ᮏᮦ ᮏᮦᮀ <sp> ᮊᮦ ᮃ ᮔ᮪ <sp> ᮍ ᮓᮩ ᮊᮩ ᮒ ᮔ᮪ <sp> ᮊ ᮔ <sp> ᮒᮧᮀ ᮌᮧᮀ <sp> ᮞᮤ <sp> ᮝᮁ ᮏᮤ,124,"""Atuh leuwih hadé bareng ku duaan, bisi teu katana- gaan ari ku déwék sorangan mah."" ""Hayu, tapi sing ati-ati euy, lalaunan leumpangna!"" Tuluy éta dua budak tingketeyep, leumpangna jéjéng- kéan ngadeukeutan kana tonggong Si Warji.",caringin
budak_teuneung_fonts/bt_0264_caringin.png,budak_teuneung_samsoedi_1930.pdf,ᮓᮨ ᮙᮤ <sp> ᮞᮤ <sp> ᮝᮁ ᮏᮤ <sp> ᮊᮥ <sp> ᮞ ᮘ ᮘ᮪ <sp> ᮊᮩᮁ <sp> ᮕᮧ ᮌᮧ ᮒ᮪ <sp> ᮍᮥ ᮞᮩ ᮕ᮪ ᮔ <sp> ᮕᮤ <sp> ᮊᮤ ᮛ ᮔ ᮔ <sp> ᮕ ᮔᮧ ᮔ᮪ ᮔ <sp> ᮏᮩᮀ <sp> ᮓᮦ ᮓᮦ ᮍᮦ ᮃ ᮔ ᮔ <sp> ᮒᮦᮂ <sp> ᮓᮤ ᮒ ᮙ᮪ ᮕᮣᮧ ᮊ᮪ ᮊᮩ ᮔ᮪ <sp> ᮊ ᮔ <sp> ᮅ ᮞᮩ ᮕ᮪ <sp> ᮘ ᮆ <sp> ᮔᮨ ᮕᮤ <sp> ᮊ <sp> ᮒᮩ <sp> ᮑ ᮠᮧ ᮉ ᮔ᮪ <sp> ᮚᮦ ᮔ᮪ <sp> ᮃ ᮚ <sp> ᮔᮥ <sp> ᮛᮦ ᮊ᮪ <sp> ᮑᮤ ᮜ ᮊ ᮊᮩ ᮔ᮪,94,"Demi Si Warji, ku sabab keur pogot nguseupna, pi- kiranana, panonna jeung dédéngéanana téh ditamplokkeun kana useup baé, nepi ka teu nyahoeun yén aya nu rék nyilakakeun.",caringin
budak_teuneung_fonts/bt_0265_caringin.png,budak_teuneung_samsoedi_1930.pdf,ᮞᮤ <sp> ᮅ ᮒᮥ ᮔ᮪ <sp> ᮏᮩᮀ <sp> ᮞᮤ <sp> ᮘᮨ ᮌᮥ <sp> ᮞᮀ ᮌᮩ ᮞ᮪ <sp> ᮃ ᮚ <sp> ᮓᮤ <sp> ᮒᮥ ᮊ ᮍᮩ ᮔ᮪ <sp> ᮞᮤ <sp> ᮝᮁ ᮏᮤ <sp> ᮒᮥ ᮜᮥ ᮚ᮪ <sp> ᮞᮤ ᮜᮤᮂ <sp> ᮊᮤ ᮎᮩ ᮕ ᮔ᮪,43,"Si Utun jeung Si Begu, sanggeus aya di tukangeun Si Warji, tuluy silih kiceupan.",caringin
budak_teuneung_fonts/bt_0266_caringin.png,budak_teuneung_samsoedi_1930.pdf,ᮠᮩ ᮕ᮪ <sp> ᮌᮥ ᮏᮥ ᮘᮁ,6,"""Heup!"" Gujubar ...",caringin
budak_teuneung_fonts/bt_0267_caringin.png,budak_teuneung_samsoedi_1930.pdf,ᮞᮤ <sp> ᮝᮁ ᮏᮤ <sp> ᮒᮤ ᮒᮩ ᮜᮩ ᮙ᮪ <sp> ᮊ ᮔ <sp> ᮏᮨ ᮛᮧ <sp> ᮜᮩ ᮝᮤ,18,Si Warji titeuleum kana jero leuwi .....,caringin
budak_teuneung_fonts/bt_0268_caringin.png,budak_teuneung_samsoedi_1930.pdf,ᮒ <sp> ᮓᮥ ᮃ <sp> ᮘᮥ ᮓ ᮊ᮪ <sp> ᮘᮨ ᮛᮨ ᮘᮨ ᮒ᮪ <sp> ᮜ ᮜᮥ ᮙ᮪ ᮕ ᮒ ᮔ᮪ <sp> ᮊ ᮛᮨ ᮕ᮪ ᮔ <sp> ᮛᮦ ᮊ᮪ <sp> ᮑᮥ ᮙ᮪ <sp> ᮕᮥ ᮒ᮪ <sp> ᮊ <sp> ᮞ ᮄ ᮙᮂ <sp> ᮄ ᮙᮂ ᮔ,44,"Éta dua budak berebet lalumpatan, karepna rék nyum- put ka saimah-imahna.",caringin
budak_teuneung_fonts/bt_0269_caringin.png,budak_teuneung_samsoedi_1930.pdf,ᮒ ᮕᮤ <sp> ᮊ ᮊ ᮛ <sp> ᮇ ᮌᮦ <sp> ᮞ ᮝ ᮒ ᮛ <sp> ᮜᮦᮀ ᮊᮂ <sp> ᮜᮥ ᮙ᮪ ᮕ ᮒ᮪ ᮔ <sp> ᮅ ᮏᮥ ᮌ᮪ <sp> ᮅ ᮏᮥ ᮌ᮪ <sp> ᮏᮧ ᮜ᮪ <sp> ᮃ ᮞᮦ ᮕ᮪ <sp> ᮇ ᮔᮧ ᮔ᮪ <sp> ᮒᮤ ᮔ <sp> ᮓ ᮕᮥ ᮛ ᮔ᮪ <sp> ᮃ ᮝᮤ <sp> ᮌ ᮘᮢᮥ ᮌ᮪ <sp> ᮍ ᮛᮧ ᮔ᮪ ᮒᮧ ᮊ᮪ <sp> ᮊ <sp> ᮆ ᮒ <sp> ᮓᮥ ᮃ <sp> ᮘᮥ ᮓ ᮊ᮪ <sp> ᮌᮨᮁ <sp> ᮌᮨ ᮜᮥ ᮒ᮪ <sp> ᮒᮤ ᮜᮥ ᮃ ᮔ᮪ <sp> ᮕ ᮕᮥ ᮊᮨ ᮒ᮪ <sp> ᮞᮤ ᮜᮤᮂ <sp> ᮛᮀ ᮞᮀ <sp> ᮞᮤ ᮜᮤᮂ <sp> ᮒᮩᮀ ᮌᮩ ᮜ᮪ <sp> ᮏᮩᮀ <sp> ᮞᮤ ᮜᮤᮂ <sp> ᮘᮩ <sp> ᮘᮩ ᮒ᮪ ᮊᮩ ᮔ᮪,116,"Tapi kakara ogé sawatara léngkah lumpatna, ujug-ujug jol Asép Onon tina dapuran awi, gabrug ngarontok ka éta dua budak, ger gelut tiluan papuket, silih rangsang, silih teunggeul jeung silih beu- beutkeun.",caringin
budak_teuneung_fonts/bt_0270_caringin.png,budak_teuneung_samsoedi_1930.pdf,ᮃ ᮞᮦ ᮕ᮪ <sp> ᮇ ᮔᮧ ᮔ᮪ <sp> ᮙᮤ ᮔ᮪ ᮓᮨᮀ <sp> ᮕᮤ ᮞ ᮔ᮪ <sp> ᮊ ᮘᮩ ᮘᮩ ᮒ᮪ ᮊᮩ ᮔ <sp> ᮔ <sp> ᮜ ᮔ᮪ ᮒ ᮛ ᮔ᮪ <sp> ᮓᮤ ᮠᮥ ᮛᮥ ᮕ᮪ <sp> ᮊᮥ <sp> ᮓᮥ ᮃ ᮃ ᮔ᮪ <sp> ᮍ ᮔ᮪ <sp> ᮘᮥ ᮘᮥ ᮠ ᮔ᮪ <sp> ᮝ ᮔᮤ ᮃ ᮔ᮪ <sp> ᮘ ᮆ <sp> ᮒ ᮛ <sp> ᮆ ᮜᮦᮂ <sp> ᮊᮥ <sp> ᮃ ᮒᮂ <sp> ᮃ ᮒᮂ <sp> ᮊ ᮝ ᮞ᮪ ᮔ <sp> ᮊ ᮏᮩ ᮔ᮪ <sp> ᮕ ᮆᮂ <sp> ᮘ ᮒ ᮔ᮪ <sp> ᮆ ᮜᮦᮂ <sp> ᮞ ᮊᮤ ᮒᮥ <sp> ᮓᮤ ᮊᮨ ᮊᮨ ᮞᮨ ᮊ᮪ <sp> ᮏᮩᮀ <sp> ᮓᮤ ᮕᮨ ᮛᮨ ᮊ᮪ ᮕᮨ ᮊ᮪ <sp> ᮓᮤ ᮒᮧ ᮔ᮪ ᮏᮧ ᮊ ᮔ᮪ <sp> ᮊᮥ <sp> ᮓᮥ ᮃ ᮃ ᮔ᮪ <sp> ᮒᮦᮂ <sp> ᮊᮥ ᮃ ᮒ᮪ <sp> ᮊᮦ ᮔᮦᮂ <sp> ᮍ ᮜ ᮝ ᮔ᮪,138,"Asép Onon mindeng pisan kabeubeutkeuna- na, lantaran dihurup ku duaan, ngan bubuhan wanian baé, tara éléh ku atah-atah, kawasna kajeun paéh batan éléh, sakitu dikekesek jeung diperekpek ditonjokan ku duaan téh, kuat kénéh ngalawan.",caringin
budak_teuneung_fonts/bt_0271_caringin.png,budak_teuneung_samsoedi_1930.pdf,ᮜᮤ ᮜ <sp> ᮜᮤ ᮜ <sp> ᮃ ᮞᮦ ᮕ᮪ <sp> ᮇ ᮔᮧ ᮔ᮪ <sp> ᮛᮤ ᮕᮥ ᮠᮩ ᮔ᮪ <sp> ᮓᮤ ᮘᮩ ᮘᮩ ᮒ᮪ ᮊᮩ ᮔ᮪ <sp> ᮊᮥ <sp> ᮞᮤ <sp> ᮘᮨ ᮌᮥ <sp> ᮔᮨ ᮕᮤ <sp> ᮊ <sp> ᮔᮀ ᮊᮥ ᮘ ᮔ᮪ <sp> ᮒᮥ ᮜᮥ ᮚ᮪ <sp> ᮕ ᮓ <sp> ᮔ ᮛᮥ ᮙ᮪ ᮕ ᮊ ᮔ᮪ <sp> ᮏᮩᮀ <sp> ᮓᮤ ᮒ ᮛᮧ ᮔ᮪ ᮏᮧ ᮊ ᮔ᮪,66,"Lila-lila Asép Onon ripuheun dibeubeutkeun ku Si Begu, nepi ka nangkuban, tuluy pada narumpakan jeung ditaronjokan.",caringin
budak_teuneung_fonts/bt_0272_caringin.png,budak_teuneung_samsoedi_1930.pdf,ᮞ ᮘᮧ ᮒ᮪ <sp> ᮊᮤ ᮒᮥ <sp> ᮏᮨ ᮘᮥ ᮜ᮪ <sp> ᮞᮤ <sp> ᮝᮁ ᮏᮤ <sp> ᮓ ᮒᮀ <sp> ᮕ ᮕ ᮊᮦ ᮃ ᮔ ᮔ <sp> ᮛ ᮔ᮪ ᮎᮥ ᮎᮥ ᮒ᮪,31,"Sabot kitu, jebul Si Warji datang, papakéanana rancucut.",caringin
budak_teuneung_fonts/bt_0273_caringin.png,budak_teuneung_samsoedi_1930.pdf,ᮌ ᮘᮢᮥ ᮌ᮪ <sp> ᮆ ᮒ <sp> ᮓᮥ ᮃ <sp> ᮘᮥ ᮓ ᮊ᮪ <sp> ᮒᮦᮂ <sp> ᮓᮤ ᮛᮧ ᮔ᮪ ᮒᮧ ᮊ᮪ <sp> ᮒᮥ ᮜᮥ ᮚ᮪ <sp> ᮓᮤ ᮓᮨᮀ ᮊᮦ ᮊ᮪ <sp> ᮘᮩ ᮠᮩᮀ ᮔ <sp> ᮞᮤ <sp> ᮄ ᮜ᮪ ᮒᮥ ᮔ᮪ <sp> ᮒᮤ <sp> ᮊᮦ ᮔ᮪ ᮎ <sp> ᮞᮤ <sp> ᮘᮨ ᮌᮥ <sp> ᮒᮤ <sp> ᮊ ᮒᮥ ᮠᮥ,58,"Gabrug éta dua budak téh dirontok, tuluy didengkék beuheungna, Si Iltun ti kénca, Si Begu ti katuhu.",caringin
budak_teuneung_fonts/bt_0274_caringin.png,budak_teuneung_samsoedi_1930.pdf,ᮜᮤ ᮜ <sp> ᮜᮤ ᮜ <sp> ᮃ ᮞᮦ ᮕ᮪ <sp> ᮇ ᮔᮧ ᮔ᮪ <sp> ᮛᮤ ᮕᮥ ᮠᮩ ᮔ᮪ <sp> ᮓᮤ ᮘᮨ <sp> ᮘᮩ ᮒ᮪ ᮊᮩ ᮔ᮪ <sp> ᮊᮥ <sp> ᮞᮤ <sp> ᮘᮨ ᮌᮥ <sp> ᮔᮨ ᮕᮤ <sp> ᮊ <sp> ᮔᮀ ᮊᮥ ᮘ ᮔ᮪ <sp> ᮒᮥ ᮜᮥ ᮚ᮪ <sp> ᮕ ᮓ <sp> ᮔ ᮛᮥ ᮙ᮪ ᮕ ᮊ ᮔ᮪ <sp> ᮏᮩᮀ <sp> ᮓᮤ ᮒ ᮛᮧ ᮔ᮪ ᮏᮧ ᮊ ᮔ᮪,67,"Lila-lila Asép Onon ripuheun dibeübeutkeun ku Si Begu, nepi ka nangkuban, tuluy pada narumpakan jeung ditaronjokan.",caringin
budak_teuneung_fonts/bt_0275_caringin.png,budak_teuneung_samsoedi_1930.pdf,ᮞ ᮘᮧ ᮒ᮪ <sp> ᮊᮤ ᮒᮥ <sp> ᮏᮨ ᮘᮥ ᮜ᮪ <sp> ᮞᮤ <sp> ᮝᮁ ᮏᮤ <sp> ᮓ ᮒᮀ <sp> ᮕ ᮕ ᮊᮦ ᮃ ᮔ᮪ <sp> ᮃ ᮔ <sp> ᮛ ᮔ᮪ ᮎᮥ ᮎᮥ ᮒ᮪,33,"Sabot kitu, jebul Si Warji datang, papakéan- ana rancucut.",caringin
budak_teuneung_fonts/bt_0276_caringin.png,budak_teuneung_samsoedi_1930.pdf,ᮌ ᮘᮢᮥ ᮌ᮪ <sp> ᮆ ᮒ <sp> ᮓᮥ ᮃ <sp> ᮘᮥ ᮓ ᮊ᮪ <sp> ᮒᮦᮂ <sp> ᮓᮤ ᮛᮧ ᮔ᮪ ᮒᮧ ᮊ᮪ <sp> ᮒᮥ ᮜᮥ ᮚ᮪ <sp> ᮓᮤ ᮓᮨᮀ ᮊᮦ ᮊ᮪ <sp> ᮘᮩ ᮠᮩᮀ ᮔ <sp> ᮞᮤ <sp> ᮅ ᮒᮥ ᮔ᮪ <sp> ᮒᮤ <sp> ᮊᮦ ᮔ᮪ ᮎ <sp> ᮞᮤ <sp> ᮘᮨ ᮌᮥ <sp> ᮒᮤ <sp> ᮊ ᮒᮥ ᮠᮥ,57,"Gabrug éta dua budak téh dirontok, tuluy didengkék beuheungna, Si Utun ti kénca, Si Begu ti katuhu.",caringin
budak_teuneung_fonts/bt_0277_caringin.png,budak_teuneung_samsoedi_1930.pdf,ᮃ ᮞᮦ ᮕ᮪ <sp> ᮇ ᮔᮧ ᮔ᮪ <sp> ᮊᮧ ᮛᮦ ᮏ ᮒ᮪ <sp> ᮠᮥ ᮓᮀ <sp> ᮒᮥ ᮜᮥ ᮚ᮪ <sp> ᮔᮧ ᮔ᮪ ᮏᮧ ᮊ ᮔ᮪ <sp> ᮊ <sp> ᮞᮤ <sp> ᮘᮨ ᮌᮥ <sp> ᮊᮥ <sp> ᮕᮩ ᮛᮩ ᮕ᮪ <sp> ᮊ ᮒᮥ ᮠᮥ <sp> ᮊ <sp> ᮞᮤ <sp> ᮅ ᮒᮥ ᮔ᮪ <sp> ᮊᮥ <sp> ᮕᮩ ᮛᮩ ᮕ᮪ <sp> ᮊᮦ ᮔ᮪ ᮎ,60,"Asép Onon koréjat hudang, tuluy nonjokan ka Si Begu ku peureup katuhu, ka Si Utun ku peureup kénca.",caringin
budak_teuneung_fonts/bt_0278_caringin.png,budak_teuneung_samsoedi_1930.pdf,ᮃ ᮒᮥᮂ <sp> ᮞᮤ <sp> ᮅ ᮒᮥ ᮔ᮪ <sp> ᮏᮩᮀ <sp> ᮞᮤ <sp> ᮘᮨ ᮌᮥ <sp> ᮒᮩ <sp> ᮘ ᮛᮤ ᮞ ᮉ ᮔ᮪ <sp> ᮍ ᮜ ᮝ ᮔ᮪ <sp> ᮍ ᮔ᮪ <sp> ᮘ ᮒᮤ <sp> ᮛᮧ ᮛᮧ ᮆ ᮞ ᮔ᮪ <sp> ᮜᮩ ᮍᮩ ᮔ᮪ ᮔ <sp> ᮘ ᮆ <sp> ᮊ ᮝ ᮞ᮪ <sp> ᮜᮩ ᮍᮩ ᮔ᮪ <sp> ᮔᮥ <sp> ᮕ ᮜᮤ ᮓ᮪,62,"Atuh Si Utun jeung Si Begu teu barisaeun ngalawan, ngan bati roroésan leungeunna baé, kawas leungeun nu palid.",caringin
budak_teuneung_fonts/bt_0279_caringin.png,budak_teuneung_samsoedi_1930.pdf,ᮠ ᮚᮧᮂ <sp> ᮏᮤ <sp> ᮓᮨᮀ ᮊᮦ ᮊ᮪ <sp> ᮘ ᮆ <sp> ᮞᮤᮀ <sp> ᮒ ᮛᮤ ᮊ᮪ <sp> ᮅ ᮜᮂ <sp> ᮓᮤ ᮜᮦ ᮞᮧ ᮒ᮪ ᮊᮩ ᮔ᮪ <sp> ᮎᮦ ᮊ᮪ <sp> ᮃ ᮞᮦ ᮕ᮪ <sp> ᮇ ᮔᮧ ᮔ᮪,38,"""Hayoh Ji, dengkék baé sing tarik, ulah dilésotkeun!"" cék Asép Onon.",caringin
budak_teuneung_fonts/bt_0280_caringin.png,budak_teuneung_samsoedi_1930.pdf,ᮃ ᮙ᮪ ᮕᮥ ᮔ᮪ <sp> ᮎᮦ ᮊ᮪ <sp> ᮆ ᮒ <sp> ᮓᮥ ᮃ <sp> ᮘᮥ ᮓ ᮊ᮪ <sp> ᮞᮤ ᮜ ᮄᮀ <sp> ᮅ ᮜᮂ <sp> ᮙᮦ ᮔ᮪ ᮒ <sp> ᮃ ᮙ᮪ ᮕᮥ ᮔ᮪ <sp> ᮊ <sp> ᮓᮦ ᮝᮦ ᮊ᮪ <sp> ᮊᮥ ᮓᮥ <sp> ᮊ <sp> ᮞᮤ <sp> ᮝᮁ ᮏᮤ <sp> ᮃ ᮙ᮪ ᮕᮥ ᮔ᮪ <sp> ᮓᮦ ᮝᮦ ᮊ᮪ <sp> ᮏᮤ,60,"Ampun!"" cék éta dua budak ""Silaing ulah ménta ampun ka déwék, kudu ka Si Warji!"" ""Ampun déwék Ji!",caringin
budak_teuneung_fonts/bt_0281_caringin.png,budak_teuneung_samsoedi_1930.pdf,ᮌᮩ ᮞ᮪ <sp> ᮌᮩ ᮛ <sp> ᮜᮦ ᮞᮧ ᮒ᮪ ᮊᮩ ᮔ᮪ <sp> ᮙᮧ ᮃ ᮜ᮪ <sp> ᮓᮤ ᮜᮦ ᮞᮧ ᮒ᮪ ᮊᮩ ᮔ᮪ <sp> ᮙ ᮞᮤᮀ <sp> ᮔᮨ ᮕᮤ <sp> ᮊ <sp> ᮍᮨ ᮜᮦ ᮜ᮪ <sp> ᮇ ᮌᮦ <sp> ᮎᮦ ᮊ᮪ <sp> ᮞᮤ <sp> ᮝᮁ ᮏᮤ,45,"Geus geura lésotkeun!"" ""Moal dilésotkeun masing nepi ka ngelél ogé,"" cék Si Warji.",caringin
budak_teuneung_fonts/bt_0282_caringin.png,budak_teuneung_samsoedi_1930.pdf,ᮃ ᮓᮥᮂ <sp> ᮃ ᮙ᮪ ᮕᮥ ᮔ᮪ <sp> ᮉ ᮚ᮪,10,"""Aduh ampun, euy!",caringin
budak_teuneung_fonts/bt_0283_caringin.png,budak_teuneung_samsoedi_1930.pdf,ᮜᮩ <sp> ᮓᮦ ᮝᮦ ᮊ᮪ <sp> ᮉ ᮍ ᮕ᮪,9,leu déwék eungap!,caringin
budak_teuneung_fonts/bt_0284_caringin.png,budak_teuneung_samsoedi_1930.pdf,ᮌᮩ ᮞ᮪ <sp> ᮜᮦ ᮞᮧ ᮒ᮪ <sp> ᮊᮩ ᮔ᮪ <sp> ᮉ ᮚ᮪,12,"Geus, lésot- keun euy!",caringin
budak_teuneung_fonts/bt_0285_caringin.png,budak_teuneung_samsoedi_1930.pdf,ᮓᮦ ᮝᮦ ᮊ᮪ <sp> ᮙᮧ ᮃ ᮜ᮪ <sp> ᮓᮩ ᮄ <sp> ᮓᮩ ᮄ <sp> ᮍᮥᮀ ᮠ ᮊ᮪ <sp> ᮎ ᮙ᮪ ᮕᮨ ᮜ ᮊ᮪ <sp> ᮊ <sp> ᮞᮤ ᮜ ᮄᮀ <sp> ᮎᮦ ᮊ᮪ <sp> ᮞᮤ <sp> ᮅ ᮒᮥ ᮔ᮪,38,"Déwék moal deui-deui ngunghak-campelak ka silaing!"" cék Si Utun.",caringin
budak_teuneung_fonts/bt_0286_caringin.png,budak_teuneung_samsoedi_1930.pdf,ᮙᮧ ᮃ ᮜ᮪ <sp> ᮓᮤ ᮜᮦ ᮞᮧ ᮒ᮪ ᮊᮩ ᮔ᮪ <sp> ᮙᮥ ᮔ᮪ <sp> ᮞᮤ ᮜ ᮄᮀ <sp> ᮒ ᮎ ᮔ᮪ <sp> ᮍ ᮊᮥ <sp> ᮙᮂ <sp> ᮞ ᮠ <sp> ᮔᮥ <sp> ᮍᮨ ᮒᮨ ᮕᮦ ᮜ᮪ <sp> ᮓᮦ ᮝᮦ ᮊ᮪ <sp> ᮓᮤ <sp> ᮞ ᮝᮂ <sp> ᮓᮦ ᮝᮦ ᮊ᮪ <sp> ᮎᮦ ᮊ᮪ <sp> ᮞᮤ <sp> ᮅ ᮒᮥ ᮔ᮪,58,"""Moal dilésotkeun mun silaing tacan ngaku mah, saha nu ngetepél déwék di sawah?"" ""Déwék!"" cék Si Utun.",caringin
budak_teuneung_fonts/bt_0287_caringin.png,budak_teuneung_samsoedi_1930.pdf,ᮙᮧ ᮃ ᮜ᮪ <sp> ᮓᮩ ᮄ <sp> ᮓᮩ ᮄ <sp> ᮞᮤ ᮜ ᮄᮀ <sp> ᮃ ᮙ᮪ ᮕᮥ ᮔ᮪ <sp> ᮙᮧ ᮃ ᮜ᮪ <sp> ᮓᮩ ᮄ <sp> ᮓᮩ ᮄ <sp> ᮉ ᮚ᮪ <sp> ᮞ ᮠ <sp> ᮔᮥ <sp> ᮍ ᮠᮩ ᮛᮩ ᮚ ᮔ᮪ <sp> ᮙᮥ ᮔ᮪ ᮓᮤᮀ <sp> ᮔᮨ ᮕᮤ <sp> ᮊ <sp> ᮞᮤ ᮔ <sp> ᮍ <sp> ᮓᮦ ᮝᮦ ᮊ᮪ <sp> ᮎᮦ ᮊ᮪ <sp> ᮞᮤ <sp> ᮅ ᮒᮥ ᮔ᮪,69,"""Moal deui-deui silaing?"" ""Ampun, moal deui-deui, euy!"" ""Saha nu ngaheureuyan munding nepi ka sina nga- ""Déwék!"" cék Si Utun.",caringin
budak_teuneung_fonts/bt_0288_caringin.png,budak_teuneung_samsoedi_1930.pdf,ᮊᮥ ᮛᮀ <sp> ᮃ ᮏᮁ <sp> ᮏ ᮠ ᮒ᮪ <sp> ᮞᮤ ᮃᮂ,12,"""Kurang ajar, jahat siah!",caringin
budak_teuneung_fonts/bt_0289_caringin.png,budak_teuneung_samsoedi_1930.pdf,ᮒᮨ ᮜᮨ ᮍᮨ ᮞ᮪ <sp> ᮎᮦ ᮊ᮪ <sp> ᮞᮤ <sp> ᮝᮁ ᮏᮤ <sp> ᮘ ᮛᮤ <sp> ᮒᮥ ᮜᮥ ᮚ᮪ <sp> ᮆ ᮒ <sp> ᮓᮥ ᮃ <sp> ᮘᮥ ᮓ ᮊ᮪ <sp> ᮓᮤ ᮘᮩ ᮘᮩ ᮒ᮪ ᮊᮩ ᮔ᮪ <sp> ᮊ ᮔ <sp> ᮒ ᮔᮩᮂ,42,"Telenges!"" cék Si Warji, bari tuluy éta dua budak dibeubeutkeun kana taneuh.",caringin
budak_teuneung_fonts/bt_0290_caringin.png,budak_teuneung_samsoedi_1930.pdf,ᮈᮀ ᮌᮩ ᮞ᮪ <sp> ᮉ ᮚ᮪ <sp> ᮎᮦ ᮊ᮪ <sp> ᮃ ᮞᮦ ᮕ᮪ <sp> ᮇ ᮔᮧ ᮔ᮪,17,"""Enggeus, euy!"" cék Asép Onon.",caringin
budak_teuneung_fonts/bt_0291_caringin.png,budak_teuneung_samsoedi_1930.pdf,ᮞᮥ ᮌ ᮔ᮪ <sp> ᮞ ᮊᮤ ᮒᮥ <sp> ᮇ ᮌᮦ <sp> ᮌᮩ ᮞ᮪ <sp> ᮙᮩ ᮏᮩᮂ ᮔ <sp> ᮍ ᮝ ᮛᮂ <sp> ᮅ ᮙ ᮒ᮪ <sp> ᮒᮨ ᮜᮨ ᮍᮨ ᮞ᮪ <sp> ᮙᮂ <sp> ᮞᮤ <sp> ᮅ ᮒᮥ ᮔ᮪ <sp> ᮏᮩᮀ <sp> ᮞᮤ <sp> ᮘᮨ ᮌᮥ <sp> ᮒᮥ ᮜᮥ ᮚ᮪ <sp> ᮘ ᮛ ᮜᮤ ᮊ᮪ <sp> ᮘ ᮛᮤ <sp> ᮎᮩ ᮛᮤ ᮊ᮪ <sp> ᮒᮤᮀ <sp> ᮃ ᮛᮤᮀ ᮠ ᮊ᮪,68,"""Sugan sakitu ogé geus meujeuhna, ngawarah umat telenges mah."" Si Utun jeung Si Begu tuluy baralik bari ceurik ting- aringhak.",caringin
budak_teuneung_fonts/bt_0292_caringin.png,budak_teuneung_samsoedi_1930.pdf,ᮜᮂ <sp> ᮠ ᮓᮦ ᮔ <sp> ᮘ ᮆ <sp> ᮊ ᮕᮨ ᮌ ᮒ᮪ <sp> ᮊᮥ <sp> ᮃ ᮞᮦ ᮕ᮪ <sp> ᮆ ᮒ <sp> ᮅ ᮙ ᮒ᮪ <sp> ᮏ ᮠ ᮒ᮪ <sp> ᮒᮦᮂ <sp> ᮎᮦ ᮊ᮪ <sp> ᮞᮤ <sp> ᮝᮁ ᮏᮤ,40,"""Lah, hadéna baé kapegat ku Asép, éta umat jahat téh,"" cék Si Warji.",caringin
budak_teuneung_fonts/bt_0293_caringin.png,budak_teuneung_samsoedi_1930.pdf,ᮒᮤ <sp> ᮞ ᮠ <sp> ᮃ ᮞᮦ ᮕ᮪ <sp> ᮅ ᮔᮤ ᮍ <sp> ᮚᮦ ᮔ᮪ <sp> ᮃ ᮘ᮪ ᮓᮤ <sp> ᮃ ᮚ <sp> ᮓᮤ <sp> ᮄᮂ <sp> ᮒᮤ <sp> ᮒ ᮓᮤ <sp> ᮌᮦ <sp> ᮓᮦ ᮝᮦ ᮊ᮪ <sp> ᮒᮦᮂ <sp> ᮕᮥ ᮌᮥᮂ <sp> ᮔᮦ ᮃ ᮍ ᮔ᮪ <sp> ᮞᮤ ᮜ ᮄᮀ <sp> ᮒᮥ ᮜᮥ ᮚ᮪ <sp> ᮓᮤ ᮒ ᮑ ᮊᮩ ᮔ᮪ <sp> ᮊ <sp> ᮄ ᮔ᮪ ᮓᮥᮀ <sp> ᮞᮤ ᮜ ᮄᮀ <sp> ᮎᮨ ᮔᮂ <sp> ᮍᮥ ᮞᮩ ᮕ᮪ <sp> ᮓᮤ <sp> ᮓᮤ ᮉ,83,"""Ti saha Asép uninga yén abdi aya di ""Ih ti tadi gé déwék téh puguh néangan silaing, tuluy ditanyakeun ka indung silaing, cenah nguseup di dieu.",caringin
budak_teuneung_fonts/bt_0294_caringin.png,budak_teuneung_samsoedi_1930.pdf,ᮒᮂ <sp> ᮞ ᮘ ᮘ᮪ <sp> ᮆ ᮒ <sp> ᮌ ᮔ᮪ ᮎᮀ <sp> ᮊᮥ <sp> ᮓᮦ ᮝᮦ ᮊ᮪ <sp> ᮓᮤ ᮞᮥ ᮞᮥ ᮜ᮪ <sp> ᮊ <sp> ᮓᮤ ᮉ,28,Tah sabab éta gancang ku déwék disusul ka dieu.,caringin
budak_teuneung_fonts/bt_0295_caringin.png,budak_teuneung_samsoedi_1930.pdf,ᮒ ᮓᮤ <sp> ᮘ ᮛᮀ <sp> ᮓᮦ ᮝᮦ ᮊ᮪ <sp> ᮓ ᮒᮀ <sp> ᮊ <sp> ᮓᮤ ᮉ <sp> ᮘᮨ ᮒ᮪ <sp> ᮔᮦ ᮔ᮪ ᮏᮧ <sp> ᮞᮤ <sp> ᮅ ᮒᮥ ᮔ᮪ <sp> ᮏᮩᮀ <sp> ᮞᮤ <sp> ᮘᮨ ᮌᮥ <sp> ᮍ ᮓᮧ ᮓᮧ ᮠᮧ <sp> ᮞᮤ ᮜ ᮄᮀ <sp> ᮞᮁ ᮒ <sp> ᮒᮨ ᮛᮥ ᮞ᮪ <sp> ᮑᮥ ᮔ᮪ ᮒᮢᮥᮀ ᮊᮩ ᮔ᮪ <sp> ᮞᮤ ᮜ ᮄᮀ <sp> ᮊ ᮔ <sp> ᮜᮩ ᮝᮤ,69,"Tadi barang déwék datang ka dieu, bet nénjo Si Utun jeung Si Begu, ngadodoho silaing, sarta terus nyuntrungkeun silaing kana leuwi.",caringin
budak_teuneung_fonts/bt_0296_caringin.png,budak_teuneung_samsoedi_1930.pdf,ᮘ ᮛᮀ <sp> ᮙ ᮛ ᮔᮦᮂ ᮔ <sp> ᮛᮦ ᮊ᮪ <sp> ᮜᮥ ᮙ᮪ ᮕ ᮒ᮪ <sp> ᮌ ᮔ᮪ <sp> ᮎᮀ <sp> ᮊᮥ <sp> ᮓᮦ ᮝᮦ ᮊ᮪ <sp> ᮓᮤ ᮒᮦ ᮝ ᮊ᮪ <sp> ᮌᮨᮁ <sp> ᮘ ᮆ <sp> ᮌᮨ ᮜᮥ ᮒ᮪ <sp> ᮜᮩᮂ <sp> ᮎ ᮎ ᮊ ᮔ᮪ <sp> ᮙᮥ ᮔ᮪ <sp> ᮃ ᮞᮦ ᮕ᮪ <sp> ᮜ ᮄ ᮔ᮪ <sp> ᮏ ᮌᮧ <sp> ᮙᮂ <sp> ᮙᮩ ᮛᮩ ᮔ᮪ <sp> ᮎᮤ ᮜ ᮊ <sp> ᮑ <sp> ᮒᮀ ᮒᮥ <sp> ᮊ ᮔ <sp> ᮎᮤ ᮜ ᮊ ᮔ <sp> ᮙᮥ ᮔ᮪ <sp> ᮞᮨ ᮌ᮪ <sp> ᮒᮩ <sp> ᮊ ᮘᮥ ᮛᮥ <sp> ᮊ ᮒᮥ <sp> ᮜᮥ ᮍ ᮔ᮪ <sp> ᮙᮂ <sp> ᮎᮦ ᮊ᮪ <sp> ᮃ ᮞᮦ ᮕ᮪ <sp> ᮇ ᮔᮧ ᮔ᮪ <sp> ᮘ ᮛᮤ <sp> ᮞᮩ ᮛᮤ,122,"Barang maranéhna rék lumpat gan- cang ku déwék ditéwak, ger baé gelut."" ""Leuh, cacakan mun Asép lain jago mah, meureun cilaka."" ""Nya tangtu kana cilakana, mun seg teu kaburu katu- lungan mah,"" cék Asép Onon bari seuri.",caringin
budak_teuneung_fonts/bt_0297_caringin.png,budak_teuneung_samsoedi_1930.pdf,ᮃ ᮆᮂ <sp> ᮊᮥ ᮙ ᮠ <sp> ᮞᮤ <sp> ᮃ ᮓᮥ ᮔ᮪ <sp> ᮒᮦᮂ <sp> ᮌᮩ ᮞ᮪ <sp> ᮙᮨ ᮔ᮪ ᮓᮤᮀ <sp> ᮎᮦ ᮊ᮪ <sp> ᮞᮤ <sp> ᮝᮁ ᮏᮤ,29,"""Aéh kumaha Si Adun téh geus mending?"" cék Si Warji.",caringin
budak_teuneung_fonts/bt_0298_caringin.png,budak_teuneung_samsoedi_1930.pdf,ᮔ ᮠ <sp> ᮞᮤ ᮜ ᮄᮀ <sp> ᮒ ᮎ ᮔ᮪ <sp> ᮑ ᮠᮧ <sp> ᮞᮤ <sp> ᮃ ᮓᮥ ᮔ᮪ <sp> ᮔᮨ ᮕᮤ <sp> ᮊ <sp> ᮠ ᮔ᮪ ᮒᮩ ᮔ <sp> ᮎᮦ ᮊ᮪ <sp> ᮃ ᮞᮦ ᮕ᮪ <sp> ᮇ ᮔᮧ ᮔ᮪,40,"Naha silaing tacan nyaho Si Adun nepi ka hanteuna?"" cék Asép Onon.",caringin
budak_teuneung_fonts/bt_0299_caringin.png,budak_teuneung_samsoedi_1930.pdf,ᮔᮨ ᮕᮤ <sp> ᮊ <sp> ᮠ ᮔ᮪ ᮒᮩ ᮔ <sp> ᮊᮥ ᮙ ᮠ <sp> ᮎᮦ ᮊ᮪ <sp> ᮞᮤ <sp> ᮝᮁ ᮏᮤ <sp> ᮞᮨ ᮙᮥ <sp> ᮊ ᮌᮦ ᮒ᮪,28,"""Nepi ka hanteuna kumaha?"" cék Si Warji semu kagét.",caringin
budak_teuneung_fonts/bt_0300_caringin.png,budak_teuneung_samsoedi_1930.pdf,ᮃ ᮕ ᮔ᮪ <sp> ᮌᮩ ᮞ᮪ <sp> ᮠᮤ ᮜᮀ <sp> ᮙ ᮜᮂ <sp> ᮒ ᮓᮤ <sp> ᮓᮤ ᮊᮥ ᮘᮥᮁ ᮔ <sp> ᮌᮦ <sp> ᮄ ᮔ᮪ ᮔ ᮜᮤ ᮜᮣ ᮠᮤ,29,"""Apan geus hilang, malah tadi dikuburna gé!"" ""Innalillahi .....!",caringin
budak_teuneung_fonts/bt_0301_caringin.png,budak_teuneung_samsoedi_1930.pdf,ᮒᮩ <sp> ᮑ ᮔ <sp> ᮔᮨ ᮕᮤ <sp> ᮊ <sp> ᮠ ᮔ᮪ ᮒᮩ ᮔ <sp> ᮑ <sp> ᮆ ᮒ <sp> ᮔᮥ <sp> ᮙ ᮒ ᮊ᮪ <sp> ᮓᮦ ᮝᮦ ᮊ᮪ <sp> ᮙᮀ ᮌᮤ ᮠ ᮔ᮪ <sp> ᮞᮤ ᮜ ᮄᮀ <sp> ᮇ ᮌᮦ <sp> ᮜ ᮔ᮪ ᮒ ᮛ ᮔ᮪ <sp> ᮃ ᮚ <sp> ᮕᮨᮁ ᮜᮥ <sp> ᮃ ᮚ <sp> ᮕᮨᮁ ᮜᮥ <sp> ᮔ ᮇ ᮔ᮪ <sp> ᮞᮦ ᮕ᮪ <sp> ᮓᮦ ᮝᮦ ᮊ᮪ <sp> ᮒᮦᮂ <sp> ᮕᮨᮁ ᮜᮥ <sp> ᮓᮤ ᮒᮥ ᮜᮥ ᮍ ᮔ᮪ <sp> ᮊᮥ <sp> ᮞᮤ ᮜ ᮄᮀ <sp> ᮙᮦ ᮔ᮪ ᮒ <sp> ᮓᮤ <sp> ᮕ ᮍ ᮍᮧ ᮔ᮪ ᮊᮩ ᮔ᮪ <sp> ᮙᮥ ᮔ᮪ ᮓᮤᮀ,104,"Teu nyana nepi ka hanteuna."" ""Nya éta nu matak déwék manggihan silaing ogé, lantaran aya perlu."" ""Aya perlu naon, Sép?"" ""Déwék téh perlu ditulungan ku silaing, ménta di- pangangonkeun munding.",caringin
budak_teuneung_fonts/bt_0302_caringin.png,budak_teuneung_samsoedi_1930.pdf,ᮞ ᮘ ᮘ᮪ <sp> ᮒᮩ <sp> ᮃ ᮚ <sp> ᮓᮩ ᮄ <sp> ᮔᮥ <sp> ᮊ <sp> ᮈ ᮛᮧᮀ <sp> ᮔᮥ <sp> ᮘ ᮛᮤ ᮞ᮪ <sp> ᮓ ᮆ ᮊ᮪ <sp> ᮞᮁ ᮒ <sp> ᮘᮩ ᮔᮀ <sp> ᮓᮤ ᮕᮨᮁ ᮎ ᮚ <sp> ᮜᮤ ᮃ ᮔ᮪ <sp> ᮒᮤ <sp> ᮞᮤ ᮜ ᮄᮀ <sp> ᮞᮧ ᮛ ᮍ ᮔ᮪ <sp> ᮑ <sp> ᮙᮀ ᮌ <sp> ᮓ <sp> ᮃ ᮘ᮪ ᮓᮤ <sp> ᮙᮂ <sp> ᮉ ᮝᮩᮂ <sp> ᮌ ᮝᮦ <sp> ᮞᮥ ᮊᮥᮁ <sp> ᮃ ᮒᮥᮂ <sp> ᮄ ᮞᮥ ᮊ ᮔ᮪ <sp> ᮝ ᮔ᮪ ᮎᮤ <sp> ᮙᮨ ᮜᮨ ᮒᮦ ᮊ᮪ <sp> ᮞᮢ ᮍᮦ ᮍᮦ <sp> ᮞᮤ ᮜ ᮄᮀ <sp> ᮊᮥ ᮓᮥ <sp> ᮌᮩ ᮞ᮪ <sp> ᮙᮀ ᮌᮨ ᮔ᮪ ᮎᮁ ᮊᮩ ᮔ᮪ <sp> ᮙᮥ ᮔ᮪ ᮓᮤᮀ <sp> ᮑ <sp> ᮎᮦ ᮊ᮪ <sp> ᮃ ᮞᮦ ᮕ᮪,127,"Sabab teu aya deui nu ka- erong, nu baris daék sarta beunang dipercaya, lian ti silaing sorangan."" ""Nya mangga, da abdi mah euweuh gawé."" ""Sukur atuh, isukan wanci meleték Srangéngé, silaing kudu geus manggencarkeun munding, nya?"" cék Asép.",caringin
budak_teuneung_fonts/bt_0303_caringin.png,budak_teuneung_samsoedi_1930.pdf,ᮃ ᮛᮤ <sp> ᮘᮥ ᮛᮥᮂ ᮔ <sp> ᮙᮂ <sp> ᮊᮥ ᮙ ᮠ <sp> ᮘ ᮕ <sp> ᮓᮦ ᮝᮦ ᮊ᮪ <sp> ᮘ ᮆ <sp> ᮑ ᮛᮤ ᮒ ᮔ <sp> ᮊᮤ ᮒᮥ <sp> ᮒᮦᮂ <sp> ᮃ ᮞᮦ ᮕ᮪ <sp> ᮇ ᮔᮧ ᮔ᮪ <sp> ᮘ ᮛᮤ <sp> ᮔᮤ ᮜᮤ ᮊ᮪ <sp> ᮊ ᮔ <sp> ᮕ ᮕ ᮊᮦ ᮃ ᮔ᮪ <sp> ᮞᮤ <sp> ᮝᮁ ᮏᮤ,61,"""Ari buruhna mah kumaha bapa déwék baé."" Nyaritana kitu téh Asép Onon bari nilik kana papakéan Si Warji.",caringin
budak_teuneung_fonts/bt_0304_caringin.png,budak_teuneung_samsoedi_1930.pdf,ᮏᮤ <sp> ᮔ ᮠ <sp> ᮃ ᮛᮤ <sp> ᮞᮤ ᮜ ᮄᮀ <sp> ᮓᮤ ᮘᮦ ᮛᮦ <sp> ᮘ ᮏᮥ <sp> ᮊᮥ <sp> ᮓᮦ ᮝᮦ ᮊ᮪ <sp> ᮒᮦᮂ <sp> ᮘᮨ ᮒ᮪ <sp> ᮒ ᮎ ᮔ᮪ <sp> ᮊ ᮓᮩ ᮜᮩ <sp> ᮓᮤ ᮕ ᮊᮦ <sp> ᮙᮤ ᮙᮤ ᮒᮤ ᮔ <sp> ᮙᮂ <sp> ᮞᮤ <sp> ᮝᮁ ᮏᮤ <sp> ᮒᮩ <sp> ᮓ ᮆ ᮊᮩ ᮔ᮪ <sp> ᮍ ᮏ ᮝ ᮘ᮪ <sp> ᮒᮤ ᮔ <sp> ᮍ ᮛ ᮞ <sp> ᮆ ᮛ,75,"""Ji, naha ari silaing dibéré baju ku déwék téh bet tacan kadeuleu dipaké?"" Mimitina mah Si Warji teu daékeun ngajawab tina ngarasa éra.",caringin
budak_teuneung_fonts/bt_0305_caringin.png,budak_teuneung_samsoedi_1930.pdf,ᮔ ᮠ <sp> ᮒᮩ <sp> ᮊᮥᮀ ᮞᮤ <sp> ᮊ ᮒ ᮛᮤ ᮙ <sp> ᮘ ᮏᮥ <sp> ᮒᮤ <sp> ᮓᮦ ᮝᮦ ᮊ᮪ <sp> ᮒᮦᮂ <sp> ᮊᮥ <sp> ᮞᮤ <sp> ᮕᮥ ᮌᮥᮂ <sp> ᮘ ᮆ <sp> ᮊ ᮒ ᮙ᮪ ᮕ <sp> ᮙᮂ <sp> ᮒ ᮕᮤ <sp> ᮌᮩ ᮞ᮪ <sp> ᮓᮤ ᮕ ᮊᮦ <sp> ᮒ ᮔ᮪ ᮓᮧ ᮔ᮪ <sp> ᮠᮥ ᮒᮀ <sp> ᮘᮦ ᮃ ᮞ᮪ <sp> ᮊ <sp> ᮃ ᮙ᮪ ᮘᮥ <sp> ᮄ ᮏᮨ ᮙ᮪ <sp> ᮄ ᮔ᮪ ᮓᮥᮀ <sp> ᮞᮤ <sp> ᮅ ᮒᮥ ᮔ᮪ <sp> ᮔ ᮠ <sp> ᮔᮨ ᮕᮤ <sp> ᮊ <sp> ᮔ ᮔ᮪ ᮓᮧ ᮔ᮪ ᮊᮩ ᮔ᮪ <sp> ᮘ ᮏᮥ,100,"""Naha teu kungsi katarima baju ti déwék téh ku si- ""Puguh baé katampa mah, tapi geus dipaké tandon hutang béas ka Ambu Ijem indung Si Utun."" ""Naha nepi ka nandonkeun baju?",caringin
budak_teuneung_fonts/bt_0306_caringin.png,budak_teuneung_samsoedi_1930.pdf,ᮃ ᮛᮤ <sp> ᮄ ᮔ᮪ ᮓᮥᮀ <sp> ᮞᮤ ᮜ ᮄᮀ <sp> ᮒᮩ <sp> ᮘ ᮜᮀ ᮞᮤ ᮃᮁ <sp> ᮄᮂ <sp> ᮕᮥ ᮌᮥᮂ <sp> ᮌᮩ ᮞ᮪ <sp> ᮃ ᮚ <sp> ᮙᮤᮀ ᮌᮥ ᮔ <sp> ᮍ ᮛᮤᮀ ᮊᮥ ᮊ᮪ <sp> ᮘ ᮆ <sp> ᮓᮤ <sp> ᮄ ᮙᮂ <sp> ᮜ ᮔ᮪ ᮒ ᮛ ᮔ᮪ <sp> ᮘ ᮒᮥ ᮊ᮪ <sp> ᮘᮧ ᮛᮧ ᮛ ᮃᮂ <sp> ᮘ ᮜᮀ ᮞᮤ ᮃᮁ <sp> ᮄᮂ <sp> ᮔ ᮠ <sp> ᮃ ᮒᮥᮂ <sp> ᮞᮤ ᮜ ᮄᮀ <sp> ᮒᮩ <sp> ᮑ ᮛᮤ ᮒ,83,"Ari indung silaing teu balangsiar?"" ""Ih puguh geus aya mingguna ngaringkuk baé di imah, lantaran batuk, bororaah balangsiar."" ""Ih naha atuh silaing teu nyarita?",caringin
budak_teuneung_fonts/bt_0307_caringin.png,budak_teuneung_samsoedi_1930.pdf,ᮓ <sp> ᮓᮤ <sp> ᮓᮦ ᮝᮦ ᮊ᮪ <sp> ᮇ ᮌᮦ <sp> ᮃ ᮚ <sp> ᮅ ᮘᮁ <sp> ᮘ ᮒᮥ ᮊ᮪ <sp> ᮙᮂ <sp> ᮙᮩ ᮔᮀ <sp> ᮙᮩ ᮜᮤ <sp> ᮒᮤ <sp> ᮃ ᮕᮧ ᮒᮦ ᮊ᮪,35,"Da di déwék ogé aya ubar batuk mah, meunang meuli ti apoték.",caringin
budak_teuneung_fonts/bt_0308_caringin.png,budak_teuneung_samsoedi_1930.pdf,ᮊᮩ ᮔ᮪ <sp> ᮈᮀ ᮊᮦ <sp> ᮞᮧ ᮛᮦ <sp> ᮓᮤ ᮊᮤ ᮛᮤ ᮙ᮪ ᮊᮩ ᮔ᮪ <sp> ᮎᮦ ᮊ᮪ <sp> ᮃ ᮞᮦ ᮕ᮪ <sp> ᮇ ᮔᮧ ᮔ᮪,26,"Keun, engké soré dikirimkeun,"" cék Asép Onon.",caringin
budak_teuneung_fonts/bt_0309_caringin.png,budak_teuneung_samsoedi_1930.pdf,ᮠ ᮚᮥ <sp> ᮉ ᮚ᮪ <sp> ᮅ ᮛᮀ <sp> ᮊ <sp> ᮄ ᮙᮂ <sp> ᮓᮦ ᮝᮦ ᮊ᮪ <sp> ᮞ ᮊᮩ ᮓᮩᮀ <sp> ᮌᮩ ᮛ <sp> ᮓᮦ ᮝᮦ ᮊ᮪ <sp> ᮙᮂ <sp> ᮘᮧ ᮌ <sp> ᮊᮥ ᮆᮂ <sp> ᮃ ᮔᮦᮂ <sp> ᮃᮂ <sp> ᮃ ᮜᮤ ᮙ᮪ <sp> ᮄ ᮞᮤ ᮔ᮪ <sp> ᮎᮦ ᮊ᮪ <sp> ᮞᮤ <sp> ᮝᮁ ᮏᮤ,57,"""Hayu euy, urang ka imah déwék sakeudeung, geura déwék mah boga kuéh anéh!"" ""Ah alim, isin,"" cék Si Warji.",caringin
budak_teuneung_fonts/bt_0310_caringin.png,budak_teuneung_samsoedi_1930.pdf,ᮄᮂ <sp> ᮔ ᮠ <sp> ᮙ ᮊᮦ <sp> ᮑᮨ ᮘᮥ ᮒ᮪ ᮊᮩ ᮔ᮪ <sp> ᮄ ᮞᮤ ᮔ᮪,17,' 'Ih naha maké nyebutkeun isin?,caringin
budak_teuneung_fonts/bt_0311_caringin.png,budak_teuneung_samsoedi_1930.pdf,ᮃ ᮕ ᮔ᮪ <sp> ᮞᮤ ᮜ ᮄᮀ <sp> ᮒᮦᮂ <sp> ᮌᮩ ᮞ᮪ <sp> ᮏ ᮓᮤ <sp> ᮞᮧ ᮘ ᮒ᮪ <sp> ᮓᮦ ᮝᮦ ᮊ᮪ <sp> ᮎᮦ ᮊ᮪ <sp> ᮃ ᮞᮦ ᮕ᮪ <sp> ᮇ ᮔᮧ ᮔ᮪ <sp> ᮘ ᮛᮤ <sp> ᮒᮥ ᮜᮥ ᮚ᮪ <sp> ᮍ ᮜᮦᮀ <sp> ᮊ <sp> ᮞᮤ <sp> ᮝᮁ ᮏᮤ <sp> ᮍ ᮏᮥ ᮌ᮪ ᮏᮥ ᮌ᮪ <sp> ᮊ <sp> ᮘ ᮜᮦ <sp> ᮓᮦ ᮞ <sp> ᮓᮤ ᮃ ᮏᮁ <sp> ᮙ ᮎ <sp> ᮃ ᮞᮧ ᮞᮧ ᮛᮦ <sp> ᮃ ᮙ᮪ ᮘᮥ <sp> ᮝᮁ ᮏᮤ <sp> ᮍ ᮜ ᮍᮩ <sp> ᮓᮤ <sp> ᮜ ᮝᮀ <sp> ᮄ ᮙᮂ ᮔ <sp> ᮕ ᮔᮧ ᮔ᮪ ᮔ <sp> ᮙᮧ ᮜᮧ ᮒᮧ ᮒ᮪ <sp> ᮒᮩ <sp> ᮕᮥ ᮌᮥᮂ <sp> ᮔᮥ <sp> ᮓᮤ ᮕᮨ ᮔ᮪ ᮎᮢᮧᮀ <sp> ᮎᮩ ᮜᮤ ᮔ <sp> ᮊ ᮝ ᮞ᮪ <sp> ᮔᮥ <sp> ᮒᮧ ᮛᮦ ᮊ᮪ <sp> ᮒ ᮚ <sp> ᮓᮦ ᮓᮦ ᮍᮦ ᮃ ᮔ ᮔ <sp> ᮞ ᮘ ᮘ᮪ <sp> ᮠ ᮛᮤ ᮒ <sp> ᮕᮤ ᮊᮤ ᮛ ᮔ᮪ <sp> ᮏᮩᮀ <sp> ᮄ ᮍᮨ ᮒ ᮔ᮪ <sp> ᮃ ᮙ᮪ ᮘᮥ <sp> ᮝᮁ ᮏᮤ <sp> ᮊᮩᮁ <sp> ᮞ ᮘᮤ ᮜ᮪ <sp> ᮛᮥ ᮞᮢ ᮞ᮪ <sp> ᮊ <sp> ᮏ ᮙ ᮔ᮪ <sp> ᮘ ᮠᮩ ᮜ <sp> ᮆ ᮜᮤᮀ <sp> ᮊ <sp> ᮝ ᮊ᮪ ᮒᮥ <sp> ᮘᮤ ᮠ ᮛᮤ <sp> ᮙᮀ ᮞ <sp> ᮙ ᮔᮦᮂ <sp> ᮔ <sp> ᮊᮩᮁ <sp> ᮃ ᮚ <sp> ᮓᮤ ᮔ <sp> ᮏᮨ ᮛᮧ <sp> ᮊ ᮞᮨ ᮔ ᮍ ᮔ᮪,228,"Apan silaing téh geus jadi sobat déwék,"" cék Asép Onon bari tuluy ngaléng ka Si Warji, ngajugjug ka balé désa.• DIAJAR MACA asosoré Ambu Warji ngalangeu di lawang imahna, panonna molotot teu puguh nu dipencrong, ceulina kawas nu torék, taya dédéngéanana, sabab harita pikiran jeung ingetan Ambu Warji keur sabil, rusras ka jaman baheula, éling ka waktu bihari, mangsa manéh- na keur aya dina jero kasenangan.",caringin
budak_teuneung_fonts/bt_0312_caringin.png,budak_teuneung_samsoedi_1930.pdf,ᮎᮦ ᮊ᮪ <sp> ᮓᮤ ᮔ <sp> ᮕᮤ ᮊᮤᮁ ᮔ <sp> ᮠ᮪ <sp> ᮔ ᮠ <sp> ᮒᮩ <sp> ᮑ ᮔ <sp> ᮒᮩ ᮄᮀ <sp> ᮊᮥ <sp> ᮙᮤ ᮜᮤ ᮊ᮪ <sp> ᮓᮤ ᮛᮤ <sp> ᮘᮨ ᮒ᮪ <sp> ᮔᮨ ᮕᮤ <sp> ᮊ <sp> ᮊᮤ ᮉ ᮔ,43,"Cék dina pikirna, ""Éh, naha teu nyana teuing ku milik diri, bet nepi ka kieuna.",caringin
budak_teuneung_fonts/bt_0313_caringin.png,budak_teuneung_samsoedi_1930.pdf,ᮕ ᮓ ᮠ ᮜ᮪ <sp> ᮘ ᮠᮩ ᮜ <sp> ᮙᮂ <sp> ᮝ ᮊ᮪ ᮒᮥ <sp> ᮃ ᮚ <sp> ᮊᮦ ᮔᮦᮂ <sp> ᮘ ᮕ <sp> ᮝᮁ ᮏᮤ <sp> ᮃ ᮄᮀ <sp> ᮒᮦᮂ <sp> ᮒᮩ <sp> ᮊᮥ ᮛᮀ <sp> ᮠ ᮊ ᮔᮩ ᮔ᮪ <sp> ᮒᮩ <sp> ᮊᮥ <sp> ᮛᮀ <sp> ᮕ ᮊᮦ ᮉ ᮔ᮪ <sp> ᮃ ᮛᮤ <sp> ᮃ ᮚᮩ ᮔ <sp> ᮃ ᮄᮀ <sp> ᮔᮨ ᮕᮤ <sp> ᮊ <sp> ᮙᮤ ᮔ᮪ ᮓᮨᮀ <sp> ᮑᮧ ᮛᮀ <sp> ᮍᮧᮀ ᮊᮢᮧᮀ,77,"Padahal baheula mah waktu aya kénéh Bapa Warji, aing téh teu kurang hakaneun teu ku- rang pakéeun, ari ayeuna aing nepi ka mindeng nyorang ngongkrong.",caringin
budak_teuneung_fonts/bt_0314_caringin.png,budak_teuneung_samsoedi_1930.pdf,ᮈᮂ <sp> ᮔ ᮠ <sp> ᮒᮤ <sp> ᮙ ᮔ <sp> ᮃ ᮄᮀ <sp> ᮕᮤ ᮘᮤ ᮞ ᮉ ᮔ᮪ <sp> ᮙᮩ ᮔᮀ <sp> ᮠ ᮊ ᮔᮩ ᮔ᮪ <sp> ᮊᮩᮁ <sp> ᮃ ᮔ ᮊ᮪ <sp> ᮃ ᮄᮀ <sp> ᮞ ᮘᮧ ᮒ᮪ <sp> ᮃ ᮙ᮪ ᮘᮥ <sp> ᮝᮁ ᮏᮤ <sp> ᮙᮤ ᮊᮤᮁ <sp> ᮊᮤ ᮒᮥ <sp> ᮏᮧ ᮜ᮪ <sp> ᮒᮥ ᮃ <sp> ᮊ ᮙ᮪ ᮕᮥᮀ <sp> ᮓ ᮒᮀ <sp> ᮘ ᮛᮤ <sp> ᮙ ᮝ <sp> ᮌᮦ ᮙ᮪ ᮘᮧ ᮜ ᮔ᮪,77,"Eh, naha ti mana aing pibisaeun meunang hakaneun keur anak aing?"" Sabot Ambu Warji mikir kitu, jol tua kampung datang bari mawa gémbolan.",caringin
budak_teuneung_fonts/bt_0315_caringin.png,budak_teuneung_samsoedi_1930.pdf,ᮕᮥ ᮔ᮪ ᮒᮨ ᮔ᮪ <sp> ᮈ ᮙ᮪ ᮘᮧ ᮊ᮪ <sp> ᮎᮦ ᮊ᮪ <sp> ᮒᮥ ᮃ <sp> ᮊ ᮙ᮪ ᮕᮥᮀ,19,"""Punten Embok!"" cék tua kampung.",caringin
budak_teuneung_fonts/bt_0316_caringin.png,budak_teuneung_samsoedi_1930.pdf,ᮜᮩ <sp> ᮊᮥ ᮜ <sp> ᮒᮦᮂ <sp> ᮓᮤ <sp> ᮕᮤ ᮝ ᮛᮀ <sp> ᮊᮥ <sp> ᮏᮥ ᮛ ᮌ ᮔ᮪ <sp> ᮜᮥ ᮛᮂ <sp> ᮙᮤ ᮊᮩ ᮔ᮪ <sp> ᮄ ᮉ <sp> ᮘᮦ ᮃ ᮞ᮪ <sp> ᮏᮩᮀ <sp> ᮅ ᮘᮁ <sp> ᮘ ᮒᮥ ᮊ᮪ <sp> ᮃᮂ <sp> ᮘᮧ ᮃ <sp> ᮞ ᮔᮦ ᮞ᮪ <sp> ᮊᮩᮁ <sp> ᮈ ᮙ᮪ ᮘᮧ ᮊ᮪ <sp> ᮙ ᮞ᮪ <sp> ᮃ ᮕᮥᮀ <sp> ᮎᮦ ᮊ᮪ <sp> ᮃ ᮙ᮪ ᮘᮥ <sp> ᮝᮁ ᮏᮤ <sp> ᮘ ᮛᮤ <sp> ᮛ ᮓ <sp> ᮍ ᮠᮥ ᮜᮨᮀ,84,"""leu kula téh di- piwarang ku Juragan Lurah mikeun ieu béas jeung ubar batuk."" ""Ah, boa sanés keur Embok, Mas Apung?"" cék Ambu Warji bari rada ngahuleng.",caringin
budak_teuneung_fonts/bt_0317_caringin.png,budak_teuneung_samsoedi_1930.pdf,ᮄᮂ <sp> ᮕᮤ ᮛ ᮊᮥ <sp> ᮊᮥ <sp> ᮊᮥ ᮜ <sp> ᮓᮤ ᮘ ᮝ <sp> ᮊ <sp> ᮓᮤ ᮉ <sp> ᮃ ᮛᮤ <sp> ᮜ ᮄ ᮔ᮪ <sp> ᮊᮩᮁ <sp> ᮈ ᮙ᮪ <sp> ᮘᮧ ᮊ᮪ <sp> ᮙᮂ <sp> ᮔ ᮠ <sp> ᮞᮤ ᮞᮤ ᮔ ᮛᮤ ᮉ ᮔ᮪ <sp> ᮒᮩ ᮄᮀ <sp> ᮏᮥ ᮛ ᮌ ᮔ᮪ <sp> ᮜᮥ ᮛᮂ <sp> ᮒᮦᮂ <sp> ᮙ ᮊᮦ <sp> ᮙ ᮞᮤ ᮠ ᮔ᮪ <sp> ᮘᮦ ᮃ ᮞ᮪ <sp> ᮏᮩᮀ <sp> ᮅ ᮘᮁ <sp> ᮘ ᮒᮥ ᮊ᮪ <sp> ᮞ ᮌ ᮜ <sp> ᮝ ᮜᮣ ᮠᮥ <sp> ᮃ ᮜ ᮙ᮪ <sp> ᮎᮦ ᮊ᮪ <sp> ᮒᮥ ᮃ <sp> ᮊ ᮙ᮪ ᮕᮥᮀ,102,"""Ih, piraku ku kula dibawa ka dieu, ari lain keur Em- bok mah."" ""Naha sisinarieun teuing Juragan Lurah téh maké masihan béas jeung ubar batuk sagala?"" ""Wallahu 'alam,"" cék tua kampung.",caringin
budak_teuneung_fonts/bt_0318_caringin.png,budak_teuneung_samsoedi_1930.pdf,ᮔ ᮠ <sp> ᮞ ᮠ <sp> ᮔᮥ <sp> ᮙᮥ ᮕᮥ ᮜᮤᮂ ᮊᮩ ᮔ᮪ <sp> ᮚᮦ ᮔ᮪ <sp> ᮈ ᮙ᮪ ᮘᮧ ᮊ᮪ <sp> ᮘᮧ ᮌ <sp> ᮊ ᮞ ᮊᮤ ᮒ᮪ <sp> ᮑ <sp> ᮙᮩ ᮛᮩ ᮔ᮪ <sp> ᮃ ᮔ ᮊ᮪ <sp> ᮈ ᮙ᮪ ᮘᮧ ᮊ᮪ <sp> ᮃ ᮔᮥ <sp> ᮕᮥ ᮕᮥ ᮜᮤᮂ <sp> ᮒᮦᮂ <sp> ᮓ <sp> ᮒ ᮓᮤ <sp> ᮙ ᮔᮦᮂ ᮔ <sp> ᮊ <sp> ᮘ ᮜᮦ <sp> ᮓᮦ ᮞ <sp> ᮊ ᮛᮂ <sp> ᮃ ᮔ ᮊ᮪ <sp> ᮈ ᮙ᮪ ᮘᮧ ᮊ᮪ <sp> ᮊ <sp> ᮘ ᮜᮦ <sp> ᮓᮦ ᮞ <sp> ᮎᮦ ᮊ᮪ <sp> ᮃ ᮙ᮪ ᮘᮥ <sp> ᮝᮁ ᮏᮤ <sp> ᮘ ᮛᮤ <sp> ᮞᮨ ᮙᮥ <sp> ᮠᮦ ᮛ ᮔ᮪,110,"""Naha saha nu mupulihkeun yén Embok boga kasakit ""Nya, meureun anak Embok anu pupulih téh, da tadi manéhna ka balé désa."" ""Karah anak Embok ka balé désa?"" cék Ambu Warji bari semu héran.",caringin
budak_teuneung_fonts/bt_0319_caringin.png,budak_teuneung_samsoedi_1930.pdf,ᮔ ᮠ <sp> ᮘᮥ ᮓ ᮊ᮪ <sp> ᮒᮦᮂ <sp> ᮍᮦ ᮛ ᮊᮩ ᮔ᮪ <sp> ᮒᮩ ᮄᮀ <sp> ᮘᮨ ᮒ᮪ <sp> ᮊᮥ ᮙ ᮝ ᮔᮤ <sp> ᮜᮥ ᮔ᮪ ᮒ <sp> ᮜ ᮔ᮪ ᮒᮧ <sp> ᮊ <sp> ᮘ ᮜᮦ <sp> ᮓᮦ ᮞ <sp> ᮃᮂ <sp> ᮅ ᮜᮤ ᮔ᮪ <sp> ᮘ ᮆ <sp> ᮙᮩ ᮛᮩ ᮔ᮪ <sp> ᮏᮩᮀ <sp> ᮃ ᮞᮦ ᮕ᮪ <sp> ᮇ ᮔᮧ ᮔ᮪ <sp> ᮊ ᮝ ᮔ᮪ ᮒᮥ <sp> ᮘᮥ ᮓ ᮊ᮪ <sp> ᮘ ᮌᮩᮁ <sp> ᮃ ᮔ ᮊ᮪ <sp> ᮈ ᮙ᮪ ᮘᮧ ᮊ᮪ <sp> ᮙᮂ <sp> ᮘᮥ ᮊ᮪ ᮒᮤ ᮔ <sp> ᮏᮥ ᮛ ᮌ ᮔ᮪ <sp> ᮜᮥ ᮛᮂ <sp> ᮇ ᮌᮦ <sp> ᮛᮨ ᮞᮨ ᮕᮩ ᮔ᮪ <sp> ᮃ ᮙ᮪ ᮘᮥ <sp> ᮝᮁ ᮏᮤ <sp> ᮔᮥ <sp> ᮞ ᮊᮤ ᮒᮥ <sp> ᮊᮩᮁ <sp> ᮕᮢᮤ ᮠ ᮒᮤ ᮔ᮪ ᮔ <sp> ᮒᮦᮂ <sp> ᮍ ᮓ ᮊ᮪ <sp> ᮍ <sp> ᮓ ᮊ᮪ <sp> ᮠ ᮒᮦ ᮔ <sp> ᮜᮨ ᮏᮁ <sp> ᮘᮥ ᮍᮂ <sp> ᮒ ᮚ <sp> ᮕ ᮕ ᮓ ᮔ <sp> ᮕᮦ ᮓᮂ <sp> ᮃ ᮔ ᮊ᮪ ᮔ <sp> ᮓᮤ ᮕᮥ ᮏᮤ <sp> ᮘ ᮌᮩᮁ <sp> ᮏᮩᮀ <sp> ᮓᮤ ᮕᮤ ᮊ ᮛᮨ ᮞᮨ ᮕ᮪ <sp> ᮊᮥ <sp> ᮏᮥ ᮛ ᮌ ᮔ᮪ <sp> ᮜᮥ ᮛᮂ <sp> ᮜ ᮄ ᮔ᮪ <sp> ᮘᮥ ᮍᮂ <sp> ᮓᮥ ᮙᮦᮂ <sp> ᮓᮤ ᮘᮦ ᮛᮦ <sp> ᮘᮦ ᮃ ᮞ᮪,209,"""Naha budak téh ngérakeun teuing, bet kumawani lunta-lanto ka balé désa?"" ""Ah, ulin baé meureun jeung Asép Onon, kawantu budak bageur anak Embok mah, buktina Juragan Lurah ogé resepeun."" Ambu Warji nu sakitu keur prihatinna téh ngadak-nga- dak haténa lejar; bungah taya papadana, pédah anakna dipuji bageur jeung dipikaresep ku Juragan Lurah, lain bungah duméh dibéré béas.",caringin
budak_teuneung_fonts/bt_0320_caringin.png,budak_teuneung_samsoedi_1930.pdf,ᮊᮧ ᮕ᮪ <sp> ᮃ ᮒᮥᮂ <sp> ᮛ ᮝ ᮒ ᮔ᮪ <sp> ᮆ ᮒ <sp> ᮘᮦ ᮃ ᮞ᮪ <sp> ᮒᮦᮂ <sp> ᮈ ᮙ᮪ ᮘᮧ ᮊ᮪ <sp> ᮎᮦ ᮊ᮪ <sp> ᮒᮥ ᮃ <sp> ᮊ ᮙ᮪ <sp> ᮕᮥᮀ,35,"""Kop atuh rawatan éta béas téh, Embok,"" cék tua kam- pung.",caringin
budak_teuneung_fonts/bt_0321_caringin.png,budak_teuneung_samsoedi_1930.pdf,ᮏᮤ ᮙ᮪ ᮕᮧ ᮔ <sp> ᮙᮂ <sp> ᮛᮦ ᮊ᮪ <sp> ᮓᮤ ᮘ ᮝ <sp> ᮓᮩ ᮄ <sp> ᮊᮥ <sp> ᮊᮥ ᮜ <sp> ᮃ ᮒᮥᮂ <sp> ᮔᮥ ᮠᮥ ᮔ᮪ <sp> ᮔᮥ ᮠᮥ ᮔ᮪ <sp> ᮎᮦ ᮊ᮪ <sp> ᮃ ᮙ᮪ ᮘᮥ <sp> ᮝᮁ ᮏᮤ <sp> ᮘ ᮛᮤ <sp> ᮍᮩ ᮛᮤᮂ <sp> ᮊᮩ ᮔ᮪ <sp> ᮘᮦ ᮃ ᮞ᮪ ᮔ <sp> ᮊ ᮔ <sp> ᮘᮧ ᮘᮧ ᮊᮧ,63,"""Jimpona mah rék dibawa deui ku kula."" ""Atuh, nuhun, nuhun!"" cék Ambu Warji bari ngeurih- keun béasna kana boboko.",caringin
budak_teuneung_fonts/bt_0322_caringin.png,budak_teuneung_samsoedi_1930.pdf,ᮕᮥ ᮔ᮪ ᮒᮨ ᮔ᮪ <sp> ᮃ ᮒᮥᮂ <sp> ᮈ ᮙ᮪ ᮘᮧ ᮊ᮪ <sp> ᮊᮥ ᮜ <sp> ᮛᮦ ᮊ᮪ <sp> ᮙᮥ ᮜᮀ <sp> ᮎᮦ ᮊ᮪ <sp> ᮒᮥ ᮃ <sp> ᮊ ᮙ᮪ ᮕᮥᮀ <sp> ᮘ ᮛᮤ <sp> ᮍ ᮜᮦ ᮇ ᮞ᮪,39,"""Punten atuh, Embok, kula rék mulang!"" cék tua kampung bari ngaléos.",caringin
budak_teuneung_fonts/bt_0323_caringin.png,budak_teuneung_samsoedi_1930.pdf,ᮠᮩ ᮜᮩ ᮒ᮪ <sp> ᮞ ᮝ ᮒ ᮛ <sp> ᮏᮧᮀ ᮏᮧ ᮍ ᮔ᮪ <sp> ᮒᮤ <sp> ᮞ ᮜᮦ ᮇ ᮞ᮪ ᮔ <sp> ᮒᮥ ᮃ <sp> ᮊ ᮙ᮪ <sp> ᮕᮥᮀ <sp> ᮏᮧ ᮜ᮪ <sp> ᮞᮤ <sp> ᮝᮁ ᮏᮤ <sp> ᮓ ᮒᮀ <sp> ᮒᮥ ᮜᮥ ᮚ᮪ <sp> ᮑ ᮙ᮪ ᮕᮩᮁ ᮊᮩ ᮔ᮪ <sp> ᮊ <sp> ᮄ ᮔ᮪ <sp> ᮓᮥᮀ ᮔ <sp> ᮘ ᮛᮤ <sp> ᮇ ᮙᮧᮀ ᮔ <sp> ᮈ ᮙ <sp> ᮘᮤ ᮉ <sp> ᮊᮥ ᮛᮤᮀ <sp> ᮙᮨ ᮔ᮪ ᮒ ᮞ᮪ <sp> ᮒᮤ <sp> ᮏᮥ ᮛ <sp> ᮌ ᮔ᮪ <sp> ᮜᮥ ᮛᮂ <sp> ᮉ ᮙ᮪ <sp> ᮘᮨ ᮒ᮪ <sp> ᮍᮦ ᮛ ᮊᮩ ᮔ᮪ <sp> ᮞᮤ ᮃ <sp> ᮙᮂ <sp> ᮔ ᮠ <sp> ᮊᮥ ᮙ ᮝ ᮔᮤ <sp> ᮜᮥ ᮔ᮪ ᮒ <sp> ᮜ ᮔ᮪ ᮒᮧ <sp> ᮊ <sp> ᮏᮥ ᮛ ᮌ ᮔ᮪ <sp> ᮜᮥ ᮛᮂ,132,"Heuleut sawatara jongjongan ti saléosna tua kam- pung, jol Si Warji datang, tuluy nyampeurkeun ka in- dungna, bari omongna, ""Ema, bieu kuring mentas ti Jura- gan Lurah."" ""Eum, bet ngérakeun sia mah, naha kumawani lunta- lanto ka Juragan Lurah!",caringin
budak_teuneung_fonts/bt_0324_caringin.png,budak_teuneung_samsoedi_1930.pdf,ᮅ ᮜᮂ <sp> ᮞ ᮊ ᮜᮤ <sp> ᮊ ᮜᮤ <sp> ᮓᮩ ᮄ <sp> ᮓᮩ ᮜᮩ <sp> ᮄ ᮞᮤ ᮔ᮪,19,"Ulah sakali-kali deui deuleu, isin!",caringin
budak_teuneung_fonts/bt_0325_caringin.png,budak_teuneung_samsoedi_1930.pdf,ᮛᮦ ᮊ᮪ <sp> ᮔ ᮇ ᮔ᮪ <sp> ᮘ ᮛᮤ ᮔ <sp> ᮇ ᮌᮦ <sp> ᮞᮤ ᮃ <sp> ᮊ <sp> ᮘ ᮜᮦ <sp> ᮓᮦ ᮞ <sp> ᮉᮂ <sp> ᮊᮤ ᮉ <sp> ᮈ ᮙ <sp> ᮎᮦ ᮊ᮪ <sp> ᮞᮤ <sp> ᮝᮁ ᮏᮤ,40,"Rék naon barina ogé sia ka balé désa?"" ""Euh, kieu, Ema!"" cék Si Warji.",caringin
budak_teuneung_fonts/bt_0326_caringin.png,budak_teuneung_samsoedi_1930.pdf,ᮊᮥ ᮛᮤᮀ <sp> ᮒᮦᮂ <sp> ᮓᮤ ᮞ ᮅᮁ <sp> ᮊᮥ <sp> ᮏᮥ ᮛ ᮌ ᮔ᮪ <sp> ᮜᮥ ᮛᮂ <sp> ᮃ ᮔ᮪ ᮏᮩ ᮔ᮪ ᮔ <sp> ᮙᮤ ᮝ ᮛᮀ <sp> ᮍ ᮍᮧ ᮔ᮪ <sp> ᮙᮥ ᮔ᮪ ᮓᮤᮀ <sp> ᮞ ᮘ ᮘ᮪ <sp> ᮕ ᮍ ᮍᮧ ᮔ᮪ ᮔ <sp> ᮔᮥ <sp> ᮍ ᮛ ᮔ᮪ <sp> ᮞᮤ <sp> ᮃ ᮓᮥ ᮔ᮪ <sp> ᮒᮦ ᮃ <sp> ᮠᮤ ᮜᮀ <sp> ᮓᮤ ᮓᮥ <sp> ᮕ ᮊ᮪ <sp> ᮙᮥ ᮔ᮪ ᮓᮤᮀ <sp> ᮄᮂ <sp> ᮃ ᮒᮥᮂ <sp> ᮞᮤ ᮃ <sp> ᮇ ᮌᮦ <sp> ᮅ ᮜᮂ <sp> ᮓ ᮆ ᮊ᮪ <sp> ᮘᮤ ᮞᮤ <sp> ᮓᮤ ᮓᮥ ᮕ ᮊ᮪ <sp> ᮙᮥ ᮔ᮪ ᮓᮤᮀ <sp> ᮊ ᮝ ᮞ᮪ <sp> ᮞᮤ <sp> ᮃ ᮓᮥ ᮔ᮪ <sp> ᮎᮦ ᮊ᮪ <sp> ᮃ ᮙ᮪ ᮘᮥ <sp> ᮝᮁ ᮏᮤ,124,"""Kuring téh disaur ku Juragan Lurah, anjeunna miwarang ngangon munding, sabab pangangonna nu ngaran Si Adun téa hilang didu- pak munding."" ""Ih, atuh sia ogé ulah daék, bisi didupak munding, kawas Si Adun,"" cék Ambu Warji.",caringin
budak_teuneung_fonts/bt_0327_caringin.png,budak_teuneung_samsoedi_1930.pdf,ᮃᮂ <sp> ᮙᮩ ᮛᮩ ᮔ᮪ <sp> ᮘ ᮆ <sp> ᮞᮤ <sp> ᮃ ᮓᮥ ᮔ᮪ <sp> ᮙᮂ <sp> ᮓᮤ ᮒᮩᮀ ᮌᮁ <sp> ᮞᮧ ᮒᮦᮂ <sp> ᮓ <sp> ᮙᮥ ᮔ᮪ ᮓᮤᮀ ᮔ <sp> ᮓᮤ ᮏ ᮄ ᮜ ᮔ᮪ <sp> ᮊᮥ <sp> ᮞᮤ <sp> ᮅ ᮒᮥ ᮔ᮪ <sp> ᮏ ᮓᮤ <sp> ᮞᮤ ᮃ <sp> ᮒᮦᮂ <sp> ᮛᮦ ᮊ᮪ <sp> ᮓ ᮆ ᮊ᮪ <sp> ᮑ <sp> ᮄᮂ <sp> ᮃ ᮒᮥᮂ <sp> ᮕᮥ ᮌᮥᮂ <sp> ᮘ ᮆ <sp> ᮓ ᮆ ᮊ᮪ <sp> ᮙᮂ <sp> ᮞ ᮘ ᮘ᮪ <sp> ᮞ ᮏ ᮘ ᮔᮤᮀ <sp> ᮒᮤ <sp> ᮓᮤ ᮘᮥ ᮛᮥ ᮠ ᮔ᮪ <sp> ᮘᮦ ᮃ ᮞ᮪ <sp> ᮒᮦᮂ <sp> ᮊᮥ ᮛᮤᮀ <sp> ᮊᮥ <sp> ᮃ ᮞᮦ ᮕ᮪ <sp> ᮛᮦ ᮊ᮪ <sp> ᮓᮤ ᮃ ᮏᮁ <sp> ᮔᮥ ᮜᮤ ᮞ᮪ <sp> ᮏᮩᮀ <sp> ᮙ ᮎ <sp> ᮓᮩ ᮄᮂ <sp> ᮉᮂ <sp> ᮕ ᮄ ᮍ ᮔ᮪ <sp> ᮘᮤ ᮉ <sp> ᮒᮥ ᮃ <sp> ᮊ ᮙ᮪ ᮕᮥᮀ <sp> ᮍᮤ ᮛᮤ ᮙ᮪ <sp> ᮘᮦ ᮃ ᮞ᮪ <sp> ᮏᮩᮀ <sp> ᮅ ᮘᮁ <sp> ᮕᮤ ᮝ ᮛᮀ <sp> ᮏᮥ ᮛ ᮌ ᮔ᮪ <sp> ᮜᮥ ᮛᮂ <sp> ᮎᮨ ᮔᮂ <sp> ᮒ ᮊ᮪ ᮞᮤ ᮛ ᮔ᮪ <sp> ᮙᮂ <sp> ᮞᮤ ᮃ <sp> ᮔᮥ <sp> ᮙᮀ ᮙᮦ ᮔ᮪ ᮒ ᮊᮩ ᮔ᮪ <sp> ᮑ <sp> ᮃᮂ <sp> ᮕᮤ ᮛ ᮊᮥ <sp> ᮊᮥ ᮛᮤᮀ <sp> ᮊᮥ ᮙ ᮝ ᮔᮤ <sp> ᮕᮥ ᮔ᮪ ᮒ <sp> ᮕᮦ ᮔ᮪ ᮒ,218,"""Ah, meureun baé Si Adun mah diteunggar sotéh, da mundingna dijailan ku Si Utun."" ""Jadi sia téh rék daék, nya?"" ""Ih, atuh puguh baé daék mah, sabab sajabaning ti diburuhan béas téh, kuring ku Asép rék diajar nulis jeung maca deuih."" ""Euh, paingan bieu tua kampung ngirim béas jeung ubar, piwarang Juragan Lurah, cenah, taksiran mah sia nu mangméntakeun, nya?"" ""Ah, piraku kuring kumawani punta-pénta?",caringin
budak_teuneung_fonts/bt_0328_caringin.png,budak_teuneung_samsoedi_1930.pdf,ᮓᮨ ᮙᮤ <sp> ᮃ ᮜᮣᮂ <sp> ᮒᮩ ᮄᮀ <sp> ᮊ ᮏᮩ ᮔ᮪ <sp> ᮘᮩ ᮒᮩᮀ <sp> ᮊᮥ ᮊᮥ ᮛᮥ ᮝᮥ ᮊ ᮔ᮪ <sp> ᮒᮤ <sp> ᮘ ᮒ ᮔ᮪ <sp> ᮝ ᮔᮤ <sp> ᮕᮥ ᮔ᮪ ᮒ <sp> ᮕᮦ ᮔ᮪ ᮒ <sp> ᮙᮂ <sp> ᮎᮦ ᮊ᮪ <sp> ᮞᮤ <sp> ᮝᮁ ᮏᮤ <sp> ᮘ ᮛᮤ <sp> ᮙᮨ ᮔ᮪ ᮎᮢᮧᮀ <sp> ᮊ <sp> ᮄ ᮔ᮪ ᮓᮥᮀ ᮔ,63,"Demi Allah teuing, kajeun beuteung kukuruwukan, ti batan wani punta-pénta mah,"" cék Si Warji bari mencrong ka indungna.",caringin
budak_teuneung_fonts/bt_0329_caringin.png,budak_teuneung_samsoedi_1930.pdf,ᮒ <sp> ᮙᮂ <sp> ᮙᮩ ᮛᮩ ᮔ᮪ <sp> ᮊ ᮠᮤ ᮓᮨ ᮍ ᮔ᮪ <sp> ᮃ ᮞᮦ ᮕ᮪ <sp> ᮇ ᮔᮧ ᮔ᮪ <sp> ᮘ ᮆ <sp> ᮑ <sp> ᮞᮥ ᮊᮥᮁ <sp> ᮃ ᮛᮤ <sp> ᮜ ᮄ ᮔ᮪ <sp> ᮞᮤ ᮃ <sp> ᮙᮂ <sp> ᮔᮥ <sp> ᮘᮧ ᮌ <sp> ᮃ ᮜ᮪ ᮕᮥ ᮊᮂ <sp> ᮙᮦ ᮔ᮪ ᮒ <sp> ᮄ ᮞᮥ ᮊ᮪ <sp> ᮄ ᮞᮥ ᮊ᮪ <sp> ᮝ ᮔ᮪ ᮎᮤ <sp> ᮙᮨ ᮜᮨ ᮒᮦ ᮊ᮪ <sp> ᮞᮢ ᮍᮦ ᮍᮦ <sp> ᮞᮤ <sp> ᮝᮁ ᮏᮤ <sp> ᮌᮩ ᮞ᮪ <sp> ᮃ ᮚ <sp> ᮓᮤ <sp> ᮞ ᮝᮂ <sp> ᮍ ᮌᮤ ᮛᮤᮀ ᮊᮩ ᮔ᮪ <sp> ᮙᮥ ᮔ᮪ ᮓᮤᮀ <sp> ᮓᮥ ᮃ <sp> ᮛ ᮊᮤ ᮒ᮪,109,"""Éta mah meureun kahidengan Asép Onon baé."" ""Nya sukur ari lain sia mah nu boga alpukah ménta."" Isuk-isuk wanci meleték srangéngé, Si Warji geus aya di sawah, ngagiringkeun munding dua rakit.",caringin
budak_teuneung_fonts/bt_0330_caringin.png,budak_teuneung_samsoedi_1930.pdf,ᮞ ᮔ ᮏ ᮔ᮪ <sp> ᮙ ᮔᮦᮂ ᮔ <sp> ᮍ ᮛ ᮞ <sp> ᮒᮤ ᮛᮤ ᮞ᮪ <sp> ᮒᮤ ᮔ <sp> ᮒ ᮎ ᮔ᮪ <sp> ᮒᮥ ᮙ ᮔ᮪ <sp> ᮃ ᮕᮢᮥ ᮊ᮪ <sp> ᮃ ᮕᮢᮥ ᮊ ᮔ᮪ <sp> ᮓᮤ <sp> ᮞ ᮝᮂ <sp> ᮄ ᮞᮥ ᮊ᮪ <sp> ᮄ ᮞᮥ ᮊ᮪ <sp> ᮒ ᮕᮤ <sp> ᮃ ᮛᮤ <sp> ᮓᮤ ᮔ <sp> ᮠ ᮒᮦ ᮔ <sp> ᮙᮂ <sp> ᮌᮩ ᮞ᮪ <sp> ᮍ ᮛ ᮞ <sp> ᮘ ᮌ᮪ ᮏ <sp> ᮜ ᮄ ᮔ᮪ <sp> ᮓᮤ ᮊᮤ ᮉ ᮔ <sp> ᮘ ᮌ᮪ ᮏ <sp> ᮓᮥ ᮙᮦᮂ <sp> ᮌᮩ ᮞ᮪ <sp> ᮏ ᮓᮤ <sp> ᮞᮧ ᮘ ᮒ᮪ <sp> ᮃ ᮞᮦ ᮕ᮪ <sp> ᮇ ᮔᮧ ᮔ᮪ <sp> ᮔᮥ <sp> ᮃ ᮞ ᮜ᮪ ᮔ <sp> ᮕᮧ ᮠ ᮛ <sp> ᮑ ᮒᮢᮥ ᮔ <sp> ᮊ <sp> ᮙ ᮔᮦᮂ ᮔ <sp> ᮘ ᮌ᮪ ᮏ <sp> ᮓᮥ ᮙᮦᮂ <sp> ᮌᮩ ᮞ᮪ <sp> ᮘᮤ ᮞ <sp> ᮙ ᮊ ᮚ ᮊᮩ ᮔ᮪ <sp> ᮄ ᮔ᮪ ᮓᮥᮀ <sp> ᮊᮥ <sp> ᮘᮥ ᮛᮥ ᮠ ᮔ᮪ <sp> ᮍ ᮍᮧ ᮔ᮪ <sp> ᮏ ᮘ <sp> ᮒᮤ <sp> ᮊᮤ ᮒᮥ <sp> ᮘ ᮌ᮪ ᮏ <sp> ᮓᮥ ᮙᮦᮂ <sp> ᮛᮦ ᮊ᮪ <sp> ᮓᮤ ᮃ ᮏᮁ <sp> ᮔᮥ ᮜᮤ ᮞ᮪ <sp> ᮏᮩᮀ <sp> ᮙ ᮎ,195,"Sanajan manéhna ngarasa tiris tina tacan tuman apruk- aprukan di sawah isuk-isuk, tapi ari dina haténa mah geus ngarasa bagja lain dikieuna, bagja duméh geus jadi sobat Asép Onon, nu asalna pohara nyatruna ka manéhna, bagja duméh geus bisa makayakeun indung ku buruhan ngangon, jaba ti kitu bagja duméh rék diajar nulis jeung maca.",caringin
budak_teuneung_fonts/bt_0331_caringin.png,budak_teuneung_samsoedi_1930.pdf,ᮘ ᮛᮀ <sp> ᮓ ᮒᮀ <sp> ᮊ ᮔ <sp> ᮊᮧ ᮒ ᮊ ᮔ᮪ <sp> ᮔᮥ <sp> ᮊ ᮔ᮪ ᮓᮨ ᮜ᮪ <sp> ᮏᮥ ᮊᮥ ᮒ᮪ ᮔ <sp> ᮒᮥᮁ <sp> ᮍᮦ ᮙ᮪ ᮕᮣᮧᮂ <sp> ᮜᮥᮁ <sp> ᮙᮥ ᮔ᮪ ᮓᮤᮀ ᮔ <sp> ᮓᮤ ᮊᮨ ᮔ᮪ ᮎᮁ ᮊᮩ ᮔ᮪ <sp> ᮞᮤ ᮔ <sp> ᮑ ᮛ ᮒᮥ ᮃ ᮔ᮪,54,"Barang datang kana kotakan nu kandel jukutna tur ngémploh, lur mundingna dikencarkeun sina nyaratuan.",caringin
budak_teuneung_fonts/bt_0332_caringin.png,budak_teuneung_samsoedi_1930.pdf,ᮃ ᮛᮤ <sp> ᮙ ᮔᮦᮂ ᮔ <sp> ᮒᮥ ᮜᮥ ᮚ᮪ <sp> ᮙ ᮔ᮪ ᮎ ᮜ᮪ <sp> ᮊ ᮔ <sp> ᮒᮧᮀ ᮌᮧᮀ <sp> ᮙᮥ ᮔ᮪ ᮓᮤᮀ <sp> ᮍ <sp> ᮓᮧ ᮔ᮪ <sp> ᮙᮧ ᮚ ᮔ᮪ <sp> ᮘ ᮛᮤ <sp> ᮠ ᮠ ᮜᮩ ᮃ ᮍ ᮔ᮪,44,"Ari manéhna tuluy mancal kana tonggong munding, nga- don moyan bari hahaleuangan.",caringin
budak_teuneung_fonts/bt_0333_caringin.png,budak_teuneung_samsoedi_1930.pdf,ᮞᮀ ᮌᮩ ᮞ᮪ <sp> ᮊᮤ ᮛ <sp> ᮊᮤ ᮛ <sp> ᮝ ᮔ᮪ ᮎᮤ <sp> ᮙ ᮔ᮪ ᮎᮨ ᮛ ᮔ᮪ <sp> ᮙᮥ ᮔ᮪ ᮓᮤᮀ ᮔ <sp> ᮊ ᮘᮦᮂ <sp> ᮒᮥ ᮜᮥ ᮚ᮪ <sp> ᮓᮤ ᮌᮤ ᮛᮤᮀ ᮊᮩ ᮔ᮪ <sp> ᮊ <sp> ᮔᮥ <sp> ᮄ ᮅᮂ <sp> ᮞᮤ ᮔ <sp> ᮍ ᮅ ᮘ᮪,51,"Sanggeus kira-kira wanci manceran, mundingna kabéh tuluy digiringkeun ka nu iuh, sina ngaub.",caringin
budak_teuneung_fonts/bt_0334_caringin.png,budak_teuneung_samsoedi_1930.pdf,ᮃ ᮛᮤ <sp> ᮞᮤ <sp> ᮝᮁ ᮏᮤ <sp> ᮒ ᮙ᮪ ᮘ <sp> ᮍᮀ ᮌᮥᮁ <sp> ᮒᮩ <sp> ᮕᮥ ᮌᮥᮂ <sp> ᮒᮥ ᮜᮥ ᮚ᮪ <sp> ᮙ ᮔᮦᮂ ᮔ <sp> ᮍ ᮜ <sp> ᮒ ᮔᮩᮂ <sp> ᮜᮤ ᮊᮨ ᮒ᮪ <sp> ᮛᮦ ᮊ᮪ <sp> ᮓᮤ ᮏᮤ ᮉ ᮔ᮪ <sp> ᮎᮦᮀ ᮎᮦ ᮜᮦ ᮍ ᮔ᮪ <sp> ᮓᮤ ᮛᮥ ᮕ ᮊᮩ ᮔ᮪ <sp> ᮙᮥ ᮔ᮪ ᮓᮤᮀ <sp> ᮊᮩᮁ <sp> ᮓᮨ ᮕ,66,"Ari Si Warji tamba nganggur teu puguh, tuluy manéhna ngala taneuh liket, rék dijieun céngcéléngan dirupakeun munding keur depa.",caringin
budak_teuneung_fonts/bt_0335_caringin.png,budak_teuneung_samsoedi_1930.pdf,ᮕᮢ ᮊ᮪ ᮕᮢ ᮊ ᮔ ᮔ <sp> ᮘ ᮛᮀ <sp> ᮏᮤ ᮉ ᮔ᮪ <sp> ᮒᮤ ᮔ <sp> ᮍ ᮜᮥ ᮜᮥᮂ ᮔ <sp> ᮔᮨ ᮕᮤ <sp> ᮊ <sp> ᮍ ᮘ ᮍᮥ ᮔ᮪ ᮔ <sp> ᮙᮥ ᮙᮥ ᮔ᮪ ᮓᮤ ᮍ ᮔ᮪ <sp> ᮑ <sp> ᮒᮩ <sp> ᮝᮥ ᮓᮥ <sp> ᮛ ᮓ <sp> ᮌ ᮔ᮪ <sp> ᮎᮀ <sp> ᮊᮥ ᮞᮤ ᮝᮨ ᮜ᮪ <sp> ᮊᮥ ᮞᮤ ᮝᮨ ᮜ᮪ ᮔ <sp> ᮒᮦᮂ <sp> ᮊ ᮝ ᮞ᮪ <sp> ᮔᮥ <sp> ᮌᮩ ᮞ᮪ <sp> ᮕ ᮠ ᮙ᮪ <sp> ᮊ ᮔ <sp> ᮊ ᮛ ᮏᮤ ᮔ ᮔ᮪ <sp> ᮒ ᮔᮩᮂ <sp> ᮘ ᮆ,95,"Prakprakanana barang jieun, tina ngaluluhna nepi ka ngabangunna mumundingan, nya teu wudu rada gan- cang, kusiwel-kusiwelna téh kawas nu geus paham kana karajinan taneuh baé.",caringin
budak_teuneung_fonts/bt_0336_caringin.png,budak_teuneung_samsoedi_1930.pdf,ᮞᮀ ᮌᮩ ᮞ᮪ <sp> ᮃᮀ ᮌᮩ ᮞ᮪ <sp> ᮑᮤ ᮉ ᮔ᮪ <sp> ᮎᮦᮀ ᮎᮦ ᮜᮦ ᮍ ᮔ᮪ <sp> ᮙᮥ ᮙᮥ ᮔ᮪ <sp> ᮓᮤ ᮍ ᮔ᮪ <sp> ᮔᮥ <sp> ᮊᮩᮁ <sp> ᮓᮨ ᮕ <sp> ᮒᮥ ᮜᮥ ᮚ᮪ <sp> ᮑᮤ ᮉ ᮔ᮪ <sp> ᮎᮦᮀ ᮎᮦ ᮜᮦ ᮍ ᮔ᮪ <sp> ᮙᮥ ᮙᮥ ᮔ᮪ ᮓᮤ ᮍ ᮔ᮪ <sp> ᮔᮥ <sp> ᮊᮩᮁ <sp> ᮔᮀ ᮒᮥᮀ <sp> ᮊᮤ ᮒᮥ <sp> ᮘ ᮆ <sp> ᮌ ᮝᮦ ᮔ <sp> ᮔᮨ ᮕᮤ <sp> ᮊ <sp> ᮃᮀ ᮌᮩ ᮞ᮪ <sp> ᮓᮥ ᮃ <sp> ᮒᮤ ᮜᮥ <sp> ᮎᮦᮀ ᮎᮦ ᮜᮦ ᮍ ᮔ᮪,91,"Sanggeus anggeus nyieun céngcéléngan mumun- dingan nu keur depa, tuluy nyieun céngcéléngan mumundingan nu keur nangtung, kitu baé gawéna, nepi ka anggeus dua-tilu céngcéléngan.",caringin
budak_teuneung_fonts/bt_0337_caringin.png,budak_teuneung_samsoedi_1930.pdf,ᮊᮥ <sp> ᮞ ᮘ ᮘ᮪ <sp> ᮊ ᮒᮥᮀ ᮊᮥ ᮜ᮪ <sp> ᮊᮥ <sp> ᮏᮤ ᮏᮤ ᮉ ᮔ ᮔ᮪ <sp> ᮒᮩ <sp> ᮊ ᮑ ᮠᮧ ᮃ ᮔ᮪ <sp> ᮓᮩ ᮄ <sp> ᮕ ᮔᮧ ᮔ᮪ ᮕᮧ ᮆ <sp> ᮌᮩ ᮞ᮪ <sp> ᮃ ᮚ <sp> ᮓᮤ <sp> ᮊᮥ ᮜᮧ ᮔ᮪,47,"Ku sabab katungkul ku jijieunan, teu kanyahoan deui panonpoé geus aya di kulon.",caringin
budak_teuneung_fonts/bt_0338_caringin.png,budak_teuneung_samsoedi_1930.pdf,ᮞᮤ <sp> ᮝᮁ ᮏᮤ <sp> ᮒᮥ ᮜᮥ ᮚ᮪ <sp> ᮘ ᮜᮤ ᮊ᮪ <sp> ᮘ ᮛᮤ <sp> ᮒᮥ ᮙ᮪ ᮕ ᮊ᮪ <sp> ᮙᮥ ᮔ᮪ ᮓᮤᮀ <sp> ᮜᮩ ᮍᮩ ᮔ᮪ ᮔ <sp> ᮛᮀ ᮌᮦ ᮙ᮪ <sp> ᮊᮥ <sp> ᮙᮥ ᮙᮥ ᮔ᮪ ᮓᮤᮀ <sp> ᮃ ᮔ᮪ <sp> ᮒ ᮔᮩᮂ <sp> ᮜᮤ ᮊᮨ ᮒ᮪ <sp> ᮒᮦ ᮃ,53,"Si Warji tuluy balik bari tumpak munding, leungeunna ranggém ku mumunding- an taneuh liket téa.",caringin
budak_teuneung_fonts/bt_0339_caringin.png,budak_teuneung_samsoedi_1930.pdf,ᮊᮤ ᮛ <sp> ᮊᮤ ᮛ <sp> ᮘ ᮓ <sp> ᮙ ᮌᮢᮤ ᮘ᮪ <sp> ᮞᮀ ᮌᮩ ᮞ᮪ <sp> ᮞᮤ <sp> ᮝᮁ ᮏᮤ <sp> ᮓ ᮓ ᮠ ᮛ ᮔ᮪ <sp> ᮜᮦ ᮇ ᮞ᮪ <sp> ᮙ ᮔᮦᮂ ᮔ <sp> ᮄ ᮔ᮪ ᮓᮤ ᮒ᮪ <sp> ᮊ <sp> ᮘ ᮜᮦ <sp> ᮓᮦ ᮞ <sp> ᮛᮦ ᮊ᮪ <sp> ᮙᮦ ᮔ᮪ ᮒ <sp> ᮓᮤ ᮃ ᮏᮁ <sp> ᮔᮥ ᮜᮤ ᮞ᮪ <sp> ᮏᮩᮀ <sp> ᮙ ᮎ <sp> ᮊ <sp> ᮃ ᮞᮦ ᮕ᮪ <sp> ᮇ ᮔᮧ ᮔ᮪,78,"Kira-kira bada magrib, sanggeus Si Warji dadaharan, léos manéhna indit ka balé désa, rék ménta diajar nulis jeung maca ka Asép Onon.",caringin
budak_teuneung_fonts/bt_0340_caringin.png,budak_teuneung_samsoedi_1930.pdf,ᮠ ᮛᮤ ᮒ <sp> ᮃ ᮞᮦ ᮕ᮪ <sp> ᮇ ᮔᮧ ᮔ᮪ <sp> ᮊ ᮞ ᮙ᮪ ᮕ ᮊ᮪ <sp> ᮊᮩᮁ <sp> ᮙ ᮎ <sp> ᮘᮥ ᮊᮥ <sp> ᮓᮤ <sp> ᮒᮨ ᮕ ᮞ᮪ <sp> ᮠ ᮛᮩ ᮕ᮪ <sp> ᮓᮤ ᮕ ᮚᮥ ᮔ ᮔ᮪ <sp> ᮊᮥ <sp> ᮏᮥ ᮛ ᮌ ᮔ᮪ <sp> ᮜᮥ ᮛᮂ,51,"Harita Asép Onon kasampak keur maca buku di tepas hareup, dipayunan ku Juragan Lurah.",caringin
budak_teuneung_fonts/bt_0341_caringin.png,budak_teuneung_samsoedi_1930.pdf,ᮘ ᮛᮀ <sp> ᮃ ᮞᮦ ᮕ᮪ <sp> ᮇ ᮔᮧ ᮔ᮪ <sp> ᮃ ᮝ ᮞ᮪ <sp> ᮊ <sp> ᮞᮤ <sp> ᮝᮁ ᮏᮤ <sp> ᮓ ᮒᮀ <sp> ᮛᮨ ᮌ᮪ <sp> ᮉ ᮛᮩ ᮔ᮪ <sp> ᮙ ᮎ ᮔ <sp> ᮘ ᮛᮤ <sp> ᮞ ᮅᮁ ᮔ <sp> ᮒᮂ <sp> ᮙᮥ ᮛᮤ ᮓ᮪ <sp> ᮒᮦᮂ <sp> ᮌᮩ ᮞ᮪ <sp> ᮓ ᮒᮀ <sp> ᮊ <sp> ᮓᮤ ᮉ <sp> ᮅᮀ ᮌᮂ <sp> ᮏᮤ <sp> ᮙᮀ ᮌ <sp> ᮎᮦ ᮊ᮪ <sp> ᮞᮤ <sp> ᮝᮁ ᮏᮤ <sp> ᮘ ᮛᮤ <sp> ᮎ ᮒ᮪ <sp> ᮅᮀ ᮌᮂ <sp> ᮊ <sp> ᮒᮨ ᮕ ᮞ᮪,92,"Barang Asép Onon awas ka Si Warji datang, reg eureun macana, bari saurna, ""Tah, murid téh geus datang, ka dieu unggah, Ji!"" ""Mangga!"" cék Si Warji bari cat unggah ka tepas.",caringin
budak_teuneung_fonts/bt_0342_caringin.png,budak_teuneung_samsoedi_1930.pdf,ᮊᮤ ᮉ <sp> ᮏᮤ <sp> ᮞ ᮅᮁ <sp> ᮃ ᮞᮦ ᮕ᮪ <sp> ᮇ ᮔᮧ ᮔ᮪ <sp> ᮘ ᮛᮤ <sp> ᮞᮩ ᮛᮤ,21,"""Kieu, Ji!"" saur Asép Onon bari seuri.",caringin
budak_teuneung_fonts/bt_0343_caringin.png,budak_teuneung_samsoedi_1930.pdf,ᮞ ᮙᮦ ᮙᮦᮂ <sp> ᮕᮢ ᮊ᮪ <sp> ᮓᮤ ᮃ ᮏᮁ <sp> ᮞᮤ ᮜ ᮄᮀ <sp> ᮊᮥ ᮓᮥ <sp> ᮙ ᮚᮁ <sp> ᮠᮩ ᮜ <sp> ᮊ <sp> ᮓᮦ ᮝᮦ ᮊ᮪,29,"""Saméméh prak diajar, silaing kudu mayar heula ka déwék.",caringin
budak_teuneung_fonts/bt_0344_caringin.png,budak_teuneung_samsoedi_1930.pdf,ᮃ ᮛᮤ <sp> ᮙ ᮚᮁ ᮔ <sp> ᮜ ᮄ ᮔ᮪ <sp> ᮊᮥ <sp> ᮓᮥ ᮄ ᮒ᮪ <sp> ᮒ ᮕᮤ <sp> ᮊᮥ <sp> ᮕ ᮌ ᮝᮦ ᮃ ᮔ᮪ <sp> ᮑ ᮆ ᮒ <sp> ᮊᮥ ᮓᮥ <sp> ᮙᮀ ᮑᮩ <sp> ᮊᮩ ᮒ ᮔ᮪ ᮊᮩ ᮔ᮪ <sp> ᮕ ᮒᮣᮧ ᮒ᮪ <sp> ᮏᮩᮀ <sp> ᮙ ᮍᮥ ᮙ᮪ ᮘᮂ ᮊᮩ ᮔ᮪ <sp> ᮞ ᮘ ᮊ᮪ <sp> ᮑ,62,"Ari mayarna lain ku duit, tapi ku pagawéan, nyaéta kudu mangnyeu- keutankeun patlot jeung mangumbahkeun sabak, nya!",caringin
budak_teuneung_fonts/bt_0345_caringin.png,budak_teuneung_samsoedi_1930.pdf,ᮊᮥ ᮙ ᮠ <sp> ᮞᮀ ᮌᮥ ᮕ᮪ <sp> ᮜ᮪ ᮠ᮪ <sp> ᮓ ᮜᮂ <sp> ᮞ ᮕᮥ ᮜᮥᮂ <sp> ᮊ ᮜᮤ ᮉ ᮔ᮪ <sp> ᮊᮤ ᮒᮥ <sp> ᮇ ᮌᮦ <sp> ᮙᮀ ᮌ <sp> ᮔ ᮇ ᮔ᮪ <sp> ᮠᮦ ᮞᮦ ᮔ <sp> ᮙᮤ ᮌ ᮝᮦ <sp> ᮔᮥ <sp> ᮊᮤ ᮒᮥ <sp> ᮋ᮪ <sp> ᮄ ᮏᮤ <sp> ᮊᮤ ᮛ <sp> ᮊᮤ ᮛ <sp> ᮘ ᮓ <sp> ᮙ ᮌᮢᮤ ᮘ᮪ <sp> ᮞᮀ ᮌᮩ ᮞ᮪ <sp> ᮞᮤ <sp> ᮝᮁ ᮏᮤ <sp> ᮓ ᮓ ᮠ ᮛ ᮔ᮪ <sp> ᮜᮦ ᮇ ᮞ᮪ <sp> ᮙ ᮔᮦᮂ ᮔ <sp> ᮄ ᮔ᮪ ᮓᮤ ᮒ᮪ <sp> ᮊ <sp> ᮘ ᮜᮦ <sp> ᮓᮦ ᮞ <sp> ᮛᮦ ᮊ᮪ <sp> ᮙᮦ ᮔ᮪ ᮒ <sp> ᮓᮤ ᮃ ᮏᮁ <sp> ᮔᮥ ᮜᮤ ᮞ᮪ <sp> ᮏᮩᮀ <sp> ᮙ ᮎ <sp> ᮊ <sp> ᮃ ᮞᮦ ᮕ᮪ <sp> ᮇ ᮔᮧ ᮔ᮪,132,"Kumaha sanggup?"" ""lh, dalah sapuluh kalieun kitu ogé mangga, naon héséna migawé nu kitu?"" Q IJI Kira-kira bada magrib, sanggeus Si Warji dadaharan, léos manéhna indit ka balé désa, rék ménta diajar nulis jeung maca ka Asép Onon.",caringin
budak_teuneung_fonts/bt_0346_caringin.png,budak_teuneung_samsoedi_1930.pdf,ᮠ ᮛᮤ ᮒ <sp> ᮃ ᮞᮦ ᮕ᮪ <sp> ᮇ ᮔᮧ ᮔ᮪ <sp> ᮊ ᮞ ᮙ᮪ ᮕ ᮊ᮪ <sp> ᮊᮩᮁ <sp> ᮙ ᮎ <sp> ᮘᮥ ᮊᮥ <sp> ᮓᮤ <sp> ᮒᮨ ᮕ ᮞ᮪ <sp> ᮠ ᮛᮩ ᮕ᮪ <sp> ᮓᮤ ᮕ ᮚᮥ ᮔ ᮔ᮪ <sp> ᮊᮥ <sp> ᮏᮥ ᮛ ᮌ ᮔ᮪ <sp> ᮜᮥ ᮛᮂ,51,"Harita Asép Onon kasampak keur maca buku di tepas hareup, dipayunan ku Juragan Lurah.",caringin
budak_teuneung_fonts/bt_0347_caringin.png,budak_teuneung_samsoedi_1930.pdf,ᮠᮩ ᮌ᮪ <sp> ᮞᮥ ᮊᮥᮁ <sp> ᮃ ᮒᮥᮂ <sp> ᮃ ᮛᮤ <sp> ᮞᮀ ᮌᮥ ᮕ᮪ <sp> ᮙᮂ <sp> ᮃ ᮞᮦ ᮕ᮪ <sp> ᮇ ᮔᮧ ᮔ᮪ <sp> ᮒᮥ ᮜᮥ ᮚ᮪ <sp> ᮑᮧ ᮊᮧ ᮒ᮪ <sp> ᮞ ᮘ ᮊ᮪ <sp> ᮏᮩᮀ <sp> ᮌᮨ ᮛᮤ ᮕ᮪ <sp> ᮊᮧ ᮒᮢᮦ ᮒ᮪ <sp> ᮔᮥ ᮜᮤ ᮞ᮪ <sp> ᮕᮦ ᮊ᮪ <sp> ᮓᮤ ᮒᮨ ᮛᮀ ᮊᮩ ᮔ᮪ <sp> ᮞᮁ ᮒ <sp> ᮒᮥ ᮜᮥ ᮚ᮪ <sp> ᮓᮤ ᮞᮤ ᮔ <sp> ᮓᮤ ᮒᮥ ᮛᮥ ᮒ ᮔ᮪ <sp> ᮊᮥ <sp> ᮞᮤ <sp> ᮝᮁ ᮏᮤ,84,"""Heug, sukur atuh ari sanggup mah."" Asép Onon tuluy nyokot sabak jeung gerip, kotrét nulis, pék diterangkeun sarta tuluy disina diturutan ku Si Warji.",caringin
budak_teuneung_fonts/bt_0348_caringin.png,budak_teuneung_samsoedi_1930.pdf,ᮊᮤ ᮒᮥ <sp> ᮘ ᮆ <sp> ᮓᮤ ᮃ ᮏᮁ ᮔ <sp> ᮔᮨ ᮕᮤ <sp> ᮊ <sp> ᮕᮩ ᮒᮤᮀ <sp> ᮕᮤ ᮞ ᮔ᮪,22,Kitu baé diajarna nepi ka peuting pisan.,caringin
budak_teuneung_fonts/bt_0349_caringin.png,budak_teuneung_samsoedi_1930.pdf,ᮌ ᮔ᮪ ᮎᮀ ᮔ <sp> ᮎ ᮛᮤ ᮒ <sp> ᮞᮀ ᮌᮩ ᮞ᮪ <sp> ᮃ ᮚ <sp> ᮞ ᮘ ᮘ ᮛ ᮠ <sp> ᮘᮥ ᮜ ᮔ᮪ <sp> ᮞᮤ <sp> ᮝᮁ ᮏᮤ <sp> ᮓᮤ ᮃ ᮏᮁ ᮔ <sp> ᮙ ᮔᮦᮂ ᮔ <sp> ᮌᮩ ᮞ᮪ <sp> ᮘᮤ ᮞ <sp> ᮙ ᮎ,48,"Gancangna carita, sanggeus aya sababaraha bulan Si Warji diajarna, manéhna geus bisa maca.",caringin
budak_teuneung_fonts/bt_0350_caringin.png,budak_teuneung_samsoedi_1930.pdf,ᮊᮥ <sp> ᮞ ᮘ ᮘ᮪ <sp> ᮕᮧ ᮠ ᮛ <sp> ᮎᮨ ᮍᮨᮀ ᮔ <sp> ᮙ ᮔ᮪ ᮒᮨᮀ <sp> ᮊ ᮔ <sp> ᮠ ᮚᮀ <sp> ᮘᮤ ᮞ <sp> ᮙ ᮎ <sp> ᮑ <sp> ᮜᮤ ᮜ <sp> ᮜᮤ ᮜ <sp> ᮙᮂ <sp> ᮜ ᮊ᮪ ᮞ ᮔ <sp> ᮘᮤ ᮞ <sp> ᮙ ᮎ <sp> ᮘᮥ ᮊᮥ <sp> ᮘᮥ ᮊᮥ <sp> ᮔᮥ <sp> ᮓᮤ ᮃ ᮏᮁ ᮊᮩ ᮔ᮪ <sp> ᮓᮤ <sp> ᮞ <sp> ᮊᮧ ᮜ <sp> ᮘᮩ ᮔᮀ <sp> ᮔ ᮙ᮪ ᮘᮥ ᮒ ᮔ᮪ <sp> ᮃ ᮞᮦ ᮕ᮪ <sp> ᮇ ᮔᮧ ᮔ᮪ <sp> ᮒᮤ <sp> ᮌᮥ ᮛᮥ ᮔ,94,"Ku sabab pohara cengengna, manteng kana hayang bisa maca, nya lila-lila mah laksana, bisa maca buku-buku nu diajarkeun di sa- kola, beunang nambutan Asép Onon ti guruna.",caringin
budak_teuneung_fonts/bt_0351_caringin.png,budak_teuneung_samsoedi_1930.pdf,ᮊᮧ ᮙᮧ <sp> ᮞᮀ ᮌᮩ ᮞ᮪ <sp> ᮃ ᮚ <sp> ᮒ ᮅ ᮔ᮪ ᮔ <sp> ᮙᮂ <sp> ᮊ ᮒ ᮙ᮪ ᮘᮂ <sp> ᮊᮥ <sp> ᮕᮤ ᮔ᮪ ᮒᮨᮁ <sp> ᮔᮥ ᮜᮤ ᮞ᮪ ᮔ <sp> ᮞᮁ ᮒ <sp> ᮃ ᮊ᮪ ᮞ ᮛ ᮔ <sp> ᮘᮦ ᮛᮦ ᮞ᮪,45,"Komo sanggeus aya taunna mah, katambah ku Pinter nulisna, sarta aksarana bérés.",caringin
budak_teuneung_fonts/bt_0352_caringin.png,budak_teuneung_samsoedi_1930.pdf,ᮏᮥ ᮛ ᮌ ᮔ᮪ <sp> ᮜᮥ ᮛᮂ <sp> ᮛ ᮙ ᮔ <sp> ᮃ ᮞᮦ ᮕ᮪ <sp> ᮇ ᮔᮧ ᮔ᮪ <sp> ᮒᮦ ᮃ <sp> ᮕᮧ ᮠ ᮛ <sp> ᮘᮥ <sp> ᮍ ᮠᮩ ᮔ ᮔ <sp> ᮞᮁ ᮒ <sp> ᮒᮩ <sp> ᮊᮤ ᮛ <sp> ᮊᮤ ᮛ <sp> ᮘ ᮆ <sp> ᮑ ᮃ ᮠᮩ ᮔ ᮔ <sp> ᮊ <sp> ᮞᮤ <sp> ᮝᮁ ᮏᮤ <sp> ᮊᮥ <sp> ᮒᮤ ᮔ <sp> ᮊ ᮒᮤ ᮜᮤ ᮊ᮪ <sp> ᮊ ᮜ ᮊᮥ ᮃ ᮔ ᮔ <sp> ᮞ ᮜ ᮝ ᮞ᮪ ᮔ <sp> ᮠ ᮓᮦ <sp> ᮒᮤ ᮒᮤᮂ <sp> ᮛᮤ ᮔ᮪ ᮒᮤᮂ <sp> ᮒᮥᮁ <sp> ᮜᮥᮀ ᮌᮥᮂ <sp> ᮃ ᮙ᮪ ᮕᮥᮂ <sp> ᮘᮦ ᮓ <sp> ᮕᮤ ᮞ ᮔ᮪ <sp> ᮒᮤ <sp> ᮘ ᮛᮥ ᮓ ᮊ᮪ <sp> ᮃ ᮔᮥ <sp> ᮛᮦ ᮃ,122,"Juragan Lurah, ramana Asép Onon téa, pohara bu- ngaheunana sarta teu kira-kira baé nyaaheunana ka Si Warji, ku tina katilik kalakuanana salawasna hadé, titih- rintih tur lungguh-ampuh, béda pisan ti barudak anu réa.",caringin
budak_teuneung_fonts/bt_0353_caringin.png,budak_teuneung_samsoedi_1930.pdf,ᮏᮩᮀ <sp> ᮃ ᮞᮦ ᮕ᮪ <sp> ᮇ ᮔᮧ ᮔ᮪ <sp> ᮕᮧ ᮠ ᮛ <sp> ᮛ ᮕᮤᮂ ᮔ <sp> ᮓᮤ ᮔ <sp> ᮞ ᮌ ᮜ <sp> ᮊ ᮜ <sp> ᮊᮥ ᮃ ᮔ᮪ <sp> ᮆ ᮞ᮪ ᮒᮥ ᮔᮤᮀ <sp> ᮜ ᮚᮩ ᮒ᮪ <sp> ᮜᮥ ᮜᮥ ᮞ᮪ <sp> ᮛᮥ ᮔ᮪ ᮒᮥ ᮒ᮪ <sp> ᮊ <sp> ᮎ ᮄ <sp> ᮏ ᮓᮤ <sp> ᮞ ᮜᮩ ᮝᮤ <sp> ᮊ <sp> ᮓ ᮛ ᮒ᮪ <sp> ᮏ ᮓᮤ <sp> ᮞ ᮜᮨ ᮘ ᮊ᮪ <sp> ᮒ ᮛ <sp> ᮕ ᮞᮦ ᮃ <sp> ᮕ ᮎᮧ ᮌᮢᮦ ᮌ ᮔ᮪ <sp> ᮓ <sp> ᮞᮧ ᮊ᮪ <sp> ᮞᮤ ᮜᮤᮂ <sp> ᮆ ᮜᮦ ᮓ ᮔ᮪ <sp> ᮞᮤ ᮜᮤᮂ <sp> ᮃ ᮚᮥ ᮔ᮪ ᮊᮩ ᮔ᮪ <sp> ᮏᮩᮀ <sp> ᮞᮤ ᮜᮤᮂ <sp> ᮙ <sp> ᮜᮥ ᮙ᮪,120,"Jeung Asép Onon pohara rapihna, dina sagala kala- kuan éstuning layeut, lulus runtut, ka cai jadi saleuwi, ka darat jadi salebak, tara paséa pacogrégan, da sok silih élédan, silih ayunkeun jeung silih ma'lum.",caringin
budak_teuneung_fonts/bt_0354_caringin.png,budak_teuneung_samsoedi_1930.pdf,ᮊᮥ <sp> ᮊᮤ ᮒᮥ ᮔ <sp> ᮊ ᮑ ᮃᮂ <sp> ᮏᮥ ᮛ ᮌ ᮔ᮪ <sp> ᮜᮥ ᮛᮂ <sp> ᮊ <sp> ᮞᮤ <sp> ᮝᮁ ᮏᮤ <sp> ᮌᮩ ᮞ᮪ <sp> ᮒ ᮚ <sp> ᮘ ᮞ ᮊᮩ ᮔᮩ ᮔ ᮔ <sp> ᮙᮦᮂ <sp> ᮎ ᮛ <sp> ᮊ <sp> ᮕᮥ ᮒᮢ <sp> ᮊᮥ <sp> ᮃ ᮔ᮪ ᮏᮩ ᮔ᮪ <sp> ᮘ ᮆ <sp> ᮞ ᮞᮁ <sp> ᮕᮤ ᮊᮤᮁ <sp> ᮞᮤ <sp> ᮅ ᮒᮥ ᮔ᮪ <sp> ᮙᮥ ᮞᮥᮂ ᮔ <sp> ᮞᮤ <sp> ᮝᮁ ᮏᮤ <sp> ᮒᮦ ᮃ <sp> ᮊᮥ <sp> ᮄ ᮔ᮪ ᮓᮥᮀ ᮔ <sp> ᮊ ᮎᮤ ᮓ <sp> ᮕᮤ ᮞ ᮔ᮪ <sp> ᮓᮤ ᮇ ᮌᮧ ᮔ <sp> ᮘᮥ ᮘᮥ ᮠ ᮔ᮪ <sp> ᮘᮥ ᮓ ᮊ᮪ <sp> ᮔᮥᮀ ᮌ ᮜ᮪ <sp> ᮞ ᮊ ᮠ <sp> ᮚᮀ ᮔ <sp> ᮓᮤ ᮒᮥ ᮛᮥ ᮒ᮪ <sp> ᮓᮤ ᮝᮧ ᮝᮧ ᮚ᮪ <sp> ᮓᮤ ᮈ ᮔᮧ ᮓ᮪,136,"Ku kituna, kanyaah Juragan Lurah ka Si Warji geus taya basakeuneunana, méh cara ka putra ku anjeun baé.• SASAR PIKIR Si Utun, musuhna Si Warji téa, ku indungna kacida pisan diogona, bubuhan budak nunggal, sakaha- yangna diturut, diwowoy, dienod.",caringin
budak_teuneung_fonts/bt_0355_caringin.png,budak_teuneung_samsoedi_1930.pdf,ᮊ ᮜ ᮊᮥ ᮃ ᮔ ᮔ <sp> ᮓᮤ ᮃ ᮔ᮪ ᮒᮨ ᮕ᮪ <sp> ᮞ ᮊ ᮛᮨ ᮕ᮪ ᮔ <sp> ᮒ ᮛ <sp> ᮕᮤ ᮞ ᮔ᮪ <sp> ᮓᮤ ᮌᮨ ᮒᮢᮤ ᮊ᮪ <sp> ᮌᮨ ᮒᮢᮤ ᮊ᮪ <sp> ᮔ ᮏ ᮔ᮪ <sp> ᮍ ᮜ ᮙ᮪ ᮕᮂ ᮊᮩ ᮔ᮪ <sp> ᮕᮨ ᮒ <sp> ᮞ ᮜᮂ <sp> ᮇ ᮌᮦ,54,"Kalakuanana diantep sakarepna, tara pisan digetrik-getrik, najan ngalampahkeun peta salah ogé.",caringin
budak_teuneung_fonts/bt_0356_caringin.png,budak_teuneung_samsoedi_1930.pdf,ᮄ ᮔ᮪ ᮓᮥᮀ ᮔ <sp> ᮑ ᮠᮧ ᮉ ᮔ᮪ <sp> ᮞᮁ ᮒ <sp> ᮙᮤ ᮔ᮪ ᮓᮨᮀ <sp> ᮙᮀ ᮌᮤ ᮠ ᮔ᮪ <sp> ᮞᮤ <sp> ᮅ ᮒᮥ ᮔ᮪ <sp> ᮍ ᮜ ᮙ᮪ ᮕᮂ ᮊᮩ ᮔ᮪ <sp> ᮊ ᮌᮧ ᮛᮦ ᮍ ᮔ᮪ <sp> ᮞ ᮕᮨᮁ ᮒᮤ <sp> ᮞᮧ ᮊ᮪ <sp> ᮙ ᮜᮤ ᮍ ᮔ᮪ <sp> ᮓᮥ ᮄ ᮒ᮪ <sp> ᮄ ᮔ᮪ ᮓᮥᮀ ᮔ <sp> ᮜ ᮜ ᮓ ᮍ ᮔ᮪ <sp> ᮔᮤ ᮕᮥ <sp> ᮏᮩᮀ <sp> ᮍ ᮘᮧ ᮠᮧᮀ <sp> ᮊ <sp> ᮘ <sp> ᮘ ᮒᮥ ᮛ ᮔ ᮔ <sp> ᮠ ᮛ ᮊ᮪ <sp> ᮏᮩᮀ <sp> ᮞᮧ ᮊ᮪ <sp> ᮙ ᮛ ᮓᮥ ᮊᮩ ᮔ᮪,101,"Indungna nyahoeun sarta mindeng manggihan Si Utun ngalampahkeun kagoréngan, saperti sok malingan duit indungna laladangan, nipu jeung ngabohong ka ba- baturanana, harak jeung sok maradukeun.",caringin
budak_teuneung_fonts/bt_0357_caringin.png,budak_teuneung_samsoedi_1930.pdf,ᮏ ᮘ <sp> ᮒᮤ <sp> ᮆ ᮒ <sp> ᮜᮧ ᮘ <sp> ᮓᮩ ᮄ <sp> ᮊ ᮜ ᮊᮥ ᮃ ᮔ ᮔ <sp> ᮔᮥ <sp> ᮒᮩ <sp> ᮕ ᮛᮧ ᮊ᮪ <sp> ᮏᮩᮀ <sp> ᮘ ᮒᮥᮁ,33,Jaba ti éta loba deui kalakuanana nu teu parok jeung batur.,caringin
budak_teuneung_fonts/bt_0358_caringin.png,budak_teuneung_samsoedi_1930.pdf,ᮃ ᮔ <sp> ᮛ ᮏᮩ ᮔ᮪ <sp> ᮞ ᮊ ᮜᮤ <sp> ᮊ ᮜᮤ ᮉ ᮔ᮪ <sp> ᮓᮤ ᮌᮩᮀ ᮌᮩ ᮛᮩᮂ ᮊᮩ ᮔ᮪ <sp> ᮊᮥ <sp> ᮄ ᮔ᮪ ᮓᮥᮀ ᮔ <sp> ᮙ ᮔ ᮔ᮪ <sp> ᮍ ᮌᮥ ᮌᮥ <sp> ᮙᮂ <sp> ᮊ ᮜᮂ <sp> ᮊ <sp> ᮞᮧ ᮊ᮪ <sp> ᮙ ᮜᮤ ᮊ᮪ <sp> ᮑ <sp> ᮛᮦ ᮊ ᮔ᮪ <sp> ᮙ ᮜᮂ <sp> ᮞᮧ ᮊ᮪ <sp> ᮝ ᮔᮤ <sp> ᮙ ᮜᮦ ᮓᮧ ᮌ᮪ <sp> ᮞ ᮌ ᮜ,75,"Ana rajeun sakali-kalieun digeunggeureuhkeun ku indungna, manan ngagugu mah kalah ka sok malik nya- rékan, malah sok wani malédog sagala.",caringin
budak_teuneung_fonts/bt_0359_caringin.png,budak_teuneung_samsoedi_1930.pdf,ᮞ ᮊ ᮕᮩᮀ <sp> ᮙᮂ <sp> ᮊᮥ <sp> ᮘ ᮝ ᮔᮤᮀ <sp> ᮊᮩ ᮠᮩ ᮜ᮪ <sp> ᮃ ᮙ᮪ ᮘᮥ <sp> ᮄ ᮏᮨ ᮙ᮪ <sp> ᮔᮨ ᮕᮤ <sp> ᮊ <sp> ᮞᮧ ᮊ᮪ <sp> ᮎᮩ ᮛᮤ ᮊ᮪ <sp> ᮘ ᮜᮤ ᮜᮤ ᮠ ᮔ᮪ <sp> ᮜ ᮔ᮪ ᮒ ᮛ ᮔ᮪ <sp> ᮃ ᮛᮤ <sp> ᮊ <sp> ᮃ ᮔ ᮊ᮪ <sp> ᮒᮩ ᮄᮀ <sp> ᮊᮥ <sp> ᮑ ᮃᮂ <sp> ᮒ ᮕᮤ <sp> ᮊ ᮔ <sp> ᮊ ᮜ ᮊᮥ ᮃ ᮔ ᮔ <sp> ᮒᮩ <sp> ᮘᮤ ᮞ ᮉ ᮔ᮪ <sp> ᮙᮧ ᮔ᮪ ᮓᮂ <sp> ᮞᮥ ᮙ ᮝᮧ ᮔ᮪ ᮔ <sp> ᮍ ᮠ ᮓᮦ ᮃ ᮔ᮪,100,"Sakapeung mah ku bawaning keuheul, Ambu Ijem nepi ka sok ceurik balilihan, lantaran ari ka anak teuing ku nyaah, tapi kana kalakuanana teu bisaeun mondah, sumawonna ngahadéan.",caringin
budak_teuneung_fonts/bt_0360_caringin.png,budak_teuneung_samsoedi_1930.pdf,ᮘ ᮛᮀ <sp> ᮅ ᮙᮥᮁ <sp> ᮞᮤ <sp> ᮅ ᮒᮥ ᮔ᮪ <sp> ᮌᮩ ᮞ᮪ <sp> ᮔᮤ ᮔ᮪ ᮎ ᮊ᮪ <sp> ᮊ ᮔ <sp> ᮃ ᮊᮤ ᮜ᮪ <sp> ᮘ ᮜᮦ ᮌ᮪ <sp> ᮊ ᮜ ᮊᮥ ᮃ ᮔ ᮔ <sp> ᮘᮩ ᮊᮤ <sp> ᮃ ᮍᮧ ᮒ᮪ <sp> ᮘ ᮆ <sp> ᮌᮧ ᮛᮦᮀ ᮔ <sp> ᮎᮦ ᮊ᮪ <sp> ᮘ ᮘ ᮞ ᮔ᮪ <sp> ᮒᮦ ᮃ <sp> ᮙᮂ <sp> ᮌᮩ ᮞ᮪ <sp> ᮒ ᮚ <sp> ᮞᮤ ᮛᮥ ᮃ ᮔᮩ ᮔ ᮔ <sp> ᮙᮥ ᮒᮥᮂ <sp> ᮔᮥ ᮛᮥ ᮞ᮪ ᮒᮥ ᮔ᮪ ᮏᮥᮀ ᮔ,88,"Barang umur Si Utun geus nincak kana akil balég, kalakuanana beuki angot baé goréngna, cék babasan téa mah geus taya siruaneunana, mutuh nurustunjungna.",caringin
budak_teuneung_fonts/bt_0361_caringin.png,budak_teuneung_samsoedi_1930.pdf,ᮄ ᮔ᮪ ᮓᮥᮀ ᮔ <sp> ᮘᮩ ᮊᮤ <sp> ᮜᮤ ᮜ <sp> ᮒᮦᮂ <sp> ᮘᮩ ᮊᮤ <sp> ᮒ ᮙ᮪ ᮘᮂ <sp> ᮊᮨ ᮏᮦᮀ <sp> ᮘ ᮆ <sp> ᮜ ᮔ᮪ ᮒ ᮛ ᮔ᮪ <sp> ᮞ ᮜ ᮝ ᮞ᮪ ᮔ <sp> ᮎ ᮕᮦ <sp> ᮠ ᮒᮦ,43,"Indungna beuki lila téh beuki tambah kejéng baé, lantaran salawasna capé haté.",caringin
budak_teuneung_fonts/bt_0362_caringin.png,budak_teuneung_samsoedi_1930.pdf,ᮊ ᮔ <sp> ᮍ ᮝ ᮛᮥᮀ ᮔ <sp> ᮌᮩ ᮞ᮪ <sp> ᮒᮩ <sp> ᮕ ᮒᮤ <sp> ᮞᮥ ᮠᮥ ᮓ᮪ <sp> ᮊ ᮒ ᮙ᮪ ᮘᮂ <sp> ᮓ ᮌ ᮍ ᮔ ᮔ <sp> ᮒᮩ <sp> ᮞ ᮊᮥ ᮙ ᮠ <sp> ᮕ ᮚᮥ ᮔ,41,"Kana ngawarungna geus teu pati suhud, katambah daganganana teu sakumaha payuna.",caringin
budak_teuneung_fonts/bt_0363_caringin.png,budak_teuneung_samsoedi_1930.pdf,ᮜᮤ ᮜ <sp> ᮜᮤ ᮜ <sp> ᮃ ᮙ᮪ ᮘᮥ <sp> ᮄ ᮏᮨ ᮙ᮪ <sp> ᮘᮢᮨ ᮊ᮪ <sp> ᮌᮨ ᮛᮤᮀ <sp> ᮕ ᮚᮂ <sp> ᮕᮤ ᮞ ᮔ᮪ <sp> ᮞᮁ ᮒ <sp> ᮔᮨ ᮕᮤ <sp> ᮊ <sp> ᮙ ᮇ ᮒ᮪ ᮔ,39,Lila-lila Ambu Ijem brek gering payah pisan sarta nepi ka maotna.,caringin
budak_teuneung_fonts/bt_0364_caringin.png,budak_teuneung_samsoedi_1930.pdf,ᮞᮀ ᮌᮩ ᮞ᮪ <sp> ᮞᮤ <sp> ᮅ ᮒᮥ ᮔ᮪ <sp> ᮓᮤ ᮒᮤᮀ ᮌ ᮜ᮪ <sp> ᮙ ᮇ ᮒ᮪ <sp> ᮊᮥ <sp> ᮄ ᮔ᮪ ᮓᮥᮀ ᮔ <sp> ᮃ ᮔ᮪ ᮒ ᮛ <sp> ᮞ ᮕᮧ ᮆ <sp> ᮓᮥ ᮃ <sp> ᮕᮧ ᮆ <sp> ᮙᮂ <sp> ᮊ ᮝ ᮞ᮪ <sp> ᮔᮥ <sp> ᮠᮩ ᮉᮂ <sp> ᮙ ᮊᮦ <sp> ᮞᮧ ᮊ᮪ <sp> ᮎᮥ ᮙ <sp> ᮜᮤ ᮙ᮪ ᮘ <sp> ᮞ ᮌ ᮜ,68,"Sanggeus Si Utun ditinggal maot ku indungna, antara sapoé dua poé mah, kawas nu heueuh, maké sok cuma- limba sagala.",caringin
budak_teuneung_fonts/bt_0365_caringin.png,budak_teuneung_samsoedi_1930.pdf,ᮒ ᮕᮤ <sp> ᮘ ᮛᮀ <sp> ᮙ ᮔᮦᮂ ᮔ <sp> ᮄ ᮍᮨ ᮒ᮪ <sp> ᮚᮦ ᮔ᮪ <sp> ᮜᮧ ᮘ <sp> ᮓᮥ ᮄ ᮒ᮪ <sp> ᮏᮩᮀ <sp> ᮘ ᮛᮀ <sp> ᮒᮤ ᮒᮤᮀ ᮌ ᮜ᮪ <sp> ᮄ ᮔ᮪ ᮓᮥᮀ ᮔ <sp> ᮙ ᮔᮦᮂ ᮔ <sp> ᮞᮧ ᮊ᮪ <sp> ᮍ ᮓ ᮊ᮪ <sp> ᮍ ᮓ ᮊ᮪ <sp> ᮏ ᮓᮤ <sp> ᮎᮦᮀ ᮠᮁ <sp> ᮘᮧ ᮌ <sp> ᮛ ᮞ <sp> ᮜᮩ ᮝᮤᮂ <sp> ᮙᮨᮁ ᮓᮤ ᮊ <sp> ᮙᮩ ᮔᮀ <sp> ᮞ ᮊᮥ ᮙ ᮠ <sp> ᮊ ᮠ ᮚᮀ <sp> ᮊ ᮜ ᮝ ᮔ᮪ <sp> ᮒ ᮚ <sp> ᮔᮥ <sp> ᮑᮤ ᮞᮤ ᮊᮥ ᮓᮤ <sp> ᮉ ᮝᮩᮂ <sp> ᮔᮥ <sp> ᮍ ᮌᮨ ᮒᮢᮤ ᮊ᮪ <sp> ᮌᮨ ᮒᮢᮤ ᮊ᮪,113,"Tapi barang manéhna inget yén loba duit jeung barang titinggal indungna, manéhna sok ngadak- ngadak jadi cénghar, boga rasa leuwih merdika, meunang sakumaha kahayang, kalawan taya nu nyisikudi, euweuh nu ngagetrik-getrik.",caringin
budak_teuneung_fonts/bt_0366_caringin.png,budak_teuneung_samsoedi_1930.pdf,ᮞ ᮒᮥᮀ ᮒᮥᮀ <sp> ᮃ ᮚ <sp> ᮓᮥ ᮄ ᮒ᮪ <sp> ᮒᮤ ᮒᮤᮀ ᮌ ᮜ᮪ <sp> ᮄ ᮔ᮪ ᮓᮥᮀ ᮔ <sp> ᮞᮤ <sp> ᮅ ᮒᮥ ᮔ᮪ <sp> ᮙᮦᮂ <sp> ᮅᮀ ᮌ ᮜ᮪ <sp> ᮕᮩ ᮒᮤᮀ <sp> ᮍ ᮜ ᮏᮥᮁ <sp> ᮔ ᮕ᮪ ᮞᮥ <sp> ᮍᮥ ᮙ᮪ ᮘᮁ <sp> ᮃ ᮙ ᮛᮂ <sp> ᮊ ᮛᮨ <sp> ᮞᮨ ᮕ᮪ ᮔ <sp> ᮘ ᮘ ᮊᮥ ᮔ <sp> ᮊ ᮔ <sp> ᮙ ᮆ ᮔ᮪ <sp> ᮙ ᮆ ᮔ᮪ <sp> ᮊᮁ ᮒᮥ <sp> ᮙ ᮆ ᮔ᮪ <sp> ᮞᮤ ᮔ᮪ ᮒᮤᮁ <sp> ᮊᮦ <sp> ᮎᮦ ᮊ᮪ <sp> ᮏᮩᮀ <sp> ᮞ ᮘᮀ ᮞ ᮔ,97,"Satungtung aya duit titinggal indungna, Si Utun méh unggal peuting ngalajur napsu, ngumbar amarah, kare- sepna babakuna kana maén: maén kartu, maén sintir, ké- cék jeung sabangsana.",caringin
budak_teuneung_fonts/bt_0367_caringin.png,budak_teuneung_samsoedi_1930.pdf,ᮊᮤ ᮒᮥ <sp> ᮓᮩ ᮄ <sp> ᮊ ᮔ <sp> ᮃ ᮓᮥ <sp> ᮃ ᮓᮥ ᮃ ᮔ᮪ <sp> ᮇ ᮌᮦ <sp> ᮒᮩ <sp> ᮊ ᮜ ᮛᮥᮀ <sp> ᮍ ᮓᮥ <sp> ᮓᮧ ᮙ᮪ ᮘ <sp> ᮍ ᮓᮥ <sp> ᮠ ᮚ ᮙ᮪ <sp> ᮃ ᮒ ᮝ <sp> ᮍ ᮓᮥ <sp> ᮕᮥ ᮚᮥᮂ <sp> ᮏᮩᮀ <sp> ᮍ ᮓᮥ <sp> ᮙᮥ ᮔ᮪ ᮎᮀ <sp> ᮠᮨ ᮔ᮪ ᮒᮩ <sp> ᮊ ᮜᮤ ᮝ ᮒ᮪,67,"Kitu deui kana adu-aduan ogé teu kalarung: ngadu domba, ngadu hayam atawa ngadu puyuh jeung ngadu muncang henteu kaliwat.",caringin
budak_teuneung_fonts/bt_0368_caringin.png,budak_teuneung_samsoedi_1930.pdf,ᮜᮤ ᮜ <sp> ᮜᮤ ᮜ <sp> ᮓᮥ ᮄ ᮒ᮪ <sp> ᮒᮤ ᮒᮤᮀ ᮌ ᮜ᮪ <sp> ᮄ ᮔ᮪ ᮓᮥᮀ ᮔ <sp> ᮒᮦᮂ <sp> ᮜᮨ ᮓᮤ ᮞ᮪ <sp> ᮃ ᮛᮤ <sp> ᮊ ᮔ <sp> ᮙ <sp> ᮆ ᮔ᮪ <sp> ᮒᮨ ᮛᮥ ᮞ᮪ <sp> ᮍ ᮛ ᮊ᮪ ᮞᮥ ᮊ᮪,46,"Lila-lila duit titinggal indungna téh ledis, ari kana ma- én terus ngaraksuk.",caringin
budak_teuneung_fonts/bt_0369_gedepangrango.png,budak_teuneung_samsoedi_1930.pdf,ᮃ ᮒᮥᮂ <sp> ᮒᮥ ᮜᮥ ᮚ᮪ <sp> ᮘ ᮆ <sp> ᮏᮥ ᮏᮥ ᮃ ᮜ ᮔ᮪ <sp> ᮍ ᮏᮥ ᮃ ᮜ ᮔ᮪ <sp> ᮕ ᮛ ᮘᮧ ᮒ᮪ <sp> ᮞ ᮃ ᮚ <sp> ᮃ ᮚ,33,"Atuh tuluy baé jujualan, ngajualan parabot saaya-aya.",gedepangrango
budak_teuneung_fonts/bt_0370_gedepangrango.png,budak_teuneung_samsoedi_1930.pdf,ᮞᮀ ᮌᮩ ᮞ᮪ <sp> ᮞ ᮌ ᮜ <sp> ᮘᮦ ᮃ ᮊ᮪ <sp> ᮑ <sp> ᮒᮥᮀ ᮒᮥᮀ <sp> ᮔ <sp> ᮄ ᮙᮂ <sp> ᮏᮩᮀ <sp> ᮕ ᮊ ᮛ ᮍ ᮔ ᮔ <sp> ᮓᮤ ᮏᮥ ᮃ ᮜ᮪ <sp> ᮓᮤ ᮙᮥ ᮛᮂ <sp> ᮙ ᮛᮦᮂ <sp> ᮞᮀ ᮊ ᮔ᮪ <sp> ᮕ ᮚᮥ ᮔ,50,"Sanggeus sagala béak, nya tungtung- na imah jeung pakaranganana dijual dimurah-maréh, sangkan payuna.",gedepangrango
budak_teuneung_fonts/bt_0371_gedepangrango.png,budak_teuneung_samsoedi_1930.pdf,ᮞᮀ ᮌᮩ ᮞ᮪ <sp> ᮘᮧ ᮌ <sp> ᮜ ᮓᮀ <sp> ᮜ ᮠ ᮔ᮪ <sp> ᮏᮩᮀ <sp> ᮄ ᮙᮂ <sp> ᮞᮤ <sp> ᮅ ᮒᮥ ᮔ᮪ <sp> ᮘᮩ ᮊᮤ <sp> ᮕᮧ ᮌᮧ ᮒ᮪ <sp> ᮘ ᮆ <sp> ᮊ ᮔ <sp> ᮃ ᮓᮥ <sp> ᮃ ᮓᮥ ᮃ ᮔ ᮔ <sp> ᮊ ᮔ <sp> ᮒᮥ ᮙ᮪ ᮕ ᮍ ᮔ ᮔ <sp> ᮘᮩ ᮊᮤ <sp> ᮇ ᮞᮧ ᮌ᮪ <sp> ᮊᮧ ᮙᮧ <sp> ᮅ ᮕ ᮙ <sp> ᮕ ᮓ <sp> ᮍᮧ ᮜᮧ <sp> ᮏᮩᮀ <sp> ᮕ ᮓ <sp> ᮍᮀ ᮞᮧ ᮔ ᮔ᮪ <sp> ᮙᮂ <sp> ᮕᮤ ᮊᮤᮁ ᮔ <sp> ᮘᮩ ᮊᮤ <sp> ᮕᮧ ᮠ ᮛ <sp> ᮞ ᮞᮁ ᮔ <sp> ᮒᮩ <sp> ᮄ ᮍᮨ ᮒ᮪ <sp> ᮊ ᮔ <sp> ᮕᮤ ᮊ ᮠ ᮛᮩ ᮕᮩ ᮔ᮪,119,"Sanggeus boga ladang lahan jeung imah, Si Utun beuki pogot baé kana adu-aduanana, kana tumpanganana beuki osog, komo upama pada ngolo jeung pada ngangsonan mah, pikirna beuki pohara sasarna, teu inget kana pikahareupeun.",gedepangrango
budak_teuneung_fonts/bt_0372_gedepangrango.png,budak_teuneung_samsoedi_1930.pdf,ᮒᮩ <sp> ᮊᮥᮀ ᮞᮤ <sp> ᮞ ᮝ ᮒ ᮛ <sp> ᮘᮥ ᮜ ᮔ᮪ <sp> ᮓᮥ ᮄ ᮒ᮪ ᮔ <sp> ᮌᮩ ᮞ᮪ <sp> ᮜᮨ ᮓᮤ ᮞ᮪ <sp> ᮒᮩ <sp> ᮑᮦ ᮞ <sp> ᮞ ᮕᮦ ᮞᮦᮁ <sp> ᮕᮦ ᮞᮦᮁ <sp> ᮃ ᮎ ᮔ᮪,41,"Teu kungsi sawatara bulan, duitna geus ledis, teu nyésa sapésér-pésér acan.",gedepangrango
budak_teuneung_fonts/bt_0373_gedepangrango.png,budak_teuneung_samsoedi_1930.pdf,ᮕ ᮕ ᮊᮦ ᮃ ᮔ ᮔ <sp> ᮇ ᮌᮦ <sp> ᮜᮨ ᮓᮤ ᮞ᮪ <sp> ᮍ ᮔ᮪ <sp> ᮊ ᮛᮤ <sp> ᮔᮥ <sp> ᮔ ᮕᮨ ᮜ᮪ <sp> ᮓᮤ ᮔ <sp> ᮃ ᮝ ᮊ᮪ ᮔ <sp> ᮘ ᮆ <sp> ᮊᮤ ᮒᮥ <sp> ᮇ ᮌᮦ <sp> ᮌᮩ ᮞ᮪ <sp> ᮊᮥ ᮜᮩ ᮠᮩ <sp> ᮕᮤ ᮞ ᮔ᮪ <sp> ᮃ ᮜᮂ <sp> ᮘ ᮒ ᮔ᮪ <sp> ᮕ ᮕ ᮊᮦ ᮃ ᮔ᮪ <sp> ᮕ ᮙ ᮓ ᮒ ᮔ᮪ <sp> ᮓ <sp> ᮕᮥ ᮌᮥᮂ <sp> ᮒ ᮛ <sp> ᮕᮤ ᮞ ᮔ᮪ <sp> ᮓᮤ ᮞᮩ ᮞᮩᮂ,88,"Papakéanana ogé ledis, ngan kari nu napel dina awakna baé, kitu ogé geus kuleuheu pisan, alah batan papakéan pamadatan, da puguh tara pisan diseuseuh.",gedepangrango
budak_teuneung_fonts/bt_0374_gedepangrango.png,budak_teuneung_samsoedi_1930.pdf,ᮊᮥ ᮙ ᮠ <sp> ᮃ ᮛᮤ <sp> ᮌᮩ ᮞ᮪ <sp> ᮊᮤ ᮒᮥ,12,Kumaha ari geus kitu?,gedepangrango
budak_teuneung_fonts/bt_0375_gedepangrango.png,budak_teuneung_samsoedi_1930.pdf,ᮃ ᮛᮤ <sp> ᮌᮩ ᮞ᮪ <sp> ᮊᮤ ᮒᮥ <sp> ᮙᮂ <sp> ᮞᮤ <sp> ᮅ ᮒᮥ ᮔ᮪ <sp> ᮒᮦᮂ <sp> ᮍ ᮔ᮪ <sp> ᮊ ᮔ᮪ ᮒᮥ ᮔ᮪ <sp> ᮘᮤ ᮍᮥᮀ <sp> ᮒᮤᮀ ᮌ ᮜ᮪ <sp> ᮞᮥ ᮞᮂ <sp> ᮘ ᮆ <sp> ᮔᮥ <sp> ᮃ ᮚ <sp> ᮓ <sp> ᮒᮩ <sp> ᮘᮤ ᮞ ᮉ ᮔ᮪ <sp> ᮘ ᮜᮀ ᮞᮤ ᮃᮁ <sp> ᮊ ᮔ <sp> ᮓᮥ ᮌᮥᮀ <sp> ᮓ ᮌᮀ <sp> ᮒᮩ <sp> ᮘᮤ ᮞ <sp> ᮒᮥ ᮛᮥ ᮌ᮪ <sp> ᮒᮥ ᮛᮥ ᮌ᮪ <sp> ᮒᮩ <sp> ᮃ ᮚ <sp> ᮙᮧ ᮓ ᮜ᮪ <sp> ᮍ ᮔ᮪ ᮏᮥ ᮊ᮪ <sp> ᮒ ᮚ <sp> ᮔᮥ <sp> ᮙᮨᮁ ᮎ ᮚ <sp> ᮊ ᮔ <sp> ᮊᮥ ᮜ <sp> ᮊᮥ ᮜᮤ <sp> ᮊᮧ ᮙᮧ <sp> ᮒᮩ <sp> ᮍᮁ ᮒᮤ <sp> ᮔ ᮊ᮪ ᮒ ᮊ᮪ <sp> ᮙᮥ ᮔ᮪ ᮓ ᮊ᮪ <sp> ᮒᮩ <sp> ᮊᮥ ᮃ ᮒ᮪ <sp> ᮆ ᮞ᮪ ᮒᮥ <sp> ᮙᮥ ᮒᮥᮂ <sp> ᮞ ᮌ ᮜ <sp> ᮍ ᮝ ᮌᮥ <sp> ᮞ ᮌ ᮜ <sp> ᮕᮥ ᮌ ᮌ᮪,159,"Ari geus kitu mah Si Utun téh ngan kantun bingung, tinggal susah baé nu aya, da teu bisaeun balangsiar, kana dugung-dagang teu bisa, turug-turug teu aya modal, nganjuk taya nu mercaya, kana kula-kuli komo teu ngarti, naktak mundak teu kuat, éstu mutuh sagala ngawagu, sagala pugag.",gedepangrango
budak_teuneung_fonts/bt_0376_gedepangrango.png,budak_teuneung_samsoedi_1930.pdf,ᮍ ᮔ᮪ <sp> ᮃ ᮚ <sp> ᮕ ᮍ ᮘᮤ ᮞ ᮔ <sp> ᮒᮦᮂ <sp> ᮞ ᮛᮥ ᮕ <sp> ᮒ ᮕᮤ <sp> ᮕ <sp> ᮍ ᮘᮤ ᮞ <sp> ᮔᮥ <sp> ᮒᮩ <sp> ᮕ ᮛᮧ ᮊ᮪ <sp> ᮏᮩᮀ <sp> ᮘ ᮒᮥᮁ <sp> ᮑ ᮆ ᮒ,43,"Ngan aya pangabisana téh sarupa, tapi pa- ngabisa nu teu parok jeung batur, nyaéta .....",gedepangrango
budak_teuneung_fonts/bt_0377_gedepangrango.png,budak_teuneung_samsoedi_1930.pdf,ᮠᮩ ᮠᮩ ᮜᮀ <sp> ᮃ ᮔ᮪ <sp> ᮃ ᮒ ᮝ <sp> ᮅ ᮅ ᮎᮤ ᮍ ᮔ᮪,16,heuheulang- an atawa uucingan.,gedepangrango
budak_teuneung_fonts/bt_0378_gedepangrango.png,budak_teuneung_samsoedi_1930.pdf,ᮅ ᮕ ᮙ <sp> ᮃ ᮚ <sp> ᮠ ᮚ ᮙ᮪ <sp> ᮘ ᮒᮥᮁ <sp> ᮍᮥ ᮕᮥ ᮊ᮪ <sp> ᮓᮤ <sp> ᮊᮨ ᮘᮧ ᮔ᮪ <sp> ᮔᮥ <sp> ᮛ ᮓ <sp> ᮞᮥ ᮔᮤ <sp> ᮠᮩ ᮌ᮪ <sp> ᮊ ᮕᮀ ᮌᮤᮂ <sp> ᮊᮥ <sp> ᮞᮤ <sp> ᮅ ᮒᮥ ᮔ᮪ <sp> ᮌᮩ ᮞ᮪ <sp> ᮒᮀ ᮒᮥ <sp> ᮓᮤ ᮓᮧ ᮓᮧ ᮠᮧ <sp> ᮓᮤ ᮒᮦ ᮝ ᮊ᮪,62,"Upama aya hayam batur ngupuk di kebon nu rada suni, heug kapanggih ku Si Utun, geus tangtu didodoho ditéwak.",gedepangrango
budak_teuneung_fonts/bt_0379_gedepangrango.png,budak_teuneung_samsoedi_1930.pdf,ᮜ ᮙᮥ ᮔ᮪ <sp> ᮃ ᮚ <sp> ᮕᮧ ᮕᮧ ᮆ ᮃ ᮔ᮪ <sp> ᮘ ᮒᮥᮁ <sp> ᮘ ᮏᮥ <sp> ᮃ ᮒ ᮝ <sp> ᮞ ᮙ᮪ ᮕᮤᮀ <sp> ᮌᮩ ᮞ᮪ <sp> ᮒ ᮛ <sp> ᮍ ᮛᮤ <sp> ᮊᮥ <sp> ᮙ ᮔᮦᮂ ᮔ <sp> ᮓᮤ ᮕ ᮜᮤᮀ <sp> ᮊᮧ ᮙᮧ <sp> ᮊ ᮔ <sp> ᮞᮤ ᮕ ᮒᮤᮀ <sp> ᮘᮥ ᮘᮥ ᮃ ᮠ ᮔ᮪ <sp> ᮃ ᮒ ᮝ <sp> ᮕᮨ ᮕᮨ ᮜ ᮊ ᮔ᮪ <sp> ᮙᮂ <sp> ᮌᮩ ᮞ᮪ <sp> ᮒ ᮛ <sp> ᮆ ᮛ <sp> ᮍ ᮛ ᮔ᮪ ᮏᮂ <sp> ᮙᮥ ᮔ᮪ <sp> ᮊ ᮕᮀ ᮌᮤᮂ <sp> ᮊᮥ <sp> ᮔᮥ <sp> ᮘᮧ ᮌ <sp> ᮞᮧ ᮊ᮪ <sp> ᮑᮨ ᮘᮥ ᮒ᮪ ᮊᮩ ᮔ᮪ <sp> ᮙᮦ ᮔ᮪ ᮒ <sp> ᮙᮥ ᮔ᮪ <sp> ᮒᮩ <sp> ᮊ ᮑ ᮠᮧ ᮃ ᮔ᮪ <sp> ᮙᮂ <sp> ᮞᮧ ᮊ᮪ <sp> ᮞ ᮙᮨ ᮙᮨ ᮔ᮪ ᮔ <sp> ᮘ ᮆ,139,"Lamun aya popoéan batur, baju atawa samping geus tara ngari, ku manéhna dipaling, komo kana sipating bubuahan atawa pepelakan mah, geus tara éra ngaranjah, mun kapanggih ku nu boga sok nyebutkeun ménta, mun teu kanyahoan mah sok samemenna baé.",gedepangrango
budak_teuneung_fonts/bt_0380_gedepangrango.png,budak_teuneung_samsoedi_1930.pdf,ᮘᮩ ᮊᮤ <sp> ᮜᮤ ᮜ <sp> ᮊ ᮔ <sp> ᮕᮥ ᮜᮀ <sp> ᮕ ᮜᮤᮀ ᮔ <sp> ᮘᮩ ᮊᮤ <sp> ᮘᮤ ᮞ <sp> ᮘᮩ ᮊᮤ <sp> ᮕᮤ ᮔ᮪ ᮒᮨᮁ <sp> ᮘ ᮆ <sp> ᮙ ᮜᮂ <sp> ᮞᮧ ᮊ᮪ <sp> ᮙᮤ ᮔ᮪ ᮓᮨᮀ <sp> ᮍ ᮘᮧᮀ ᮊᮁ <sp> ᮄ ᮙᮂ <sp> ᮔᮥ <sp> ᮘ ᮜᮩᮀ ᮠᮁ,54,"Beuki lila kana pulang-palingna beuki bisa, beuki Pinter baé, malah sok mindeng ngabongkar imah nu baleunghar.",gedepangrango
budak_teuneung_fonts/bt_0381_gedepangrango.png,budak_teuneung_samsoedi_1930.pdf,ᮊᮥ <sp> ᮊᮤ ᮒᮥ ᮔ <sp> ᮓᮤ <sp> ᮓᮦ ᮞ <sp> ᮘ ᮘ ᮊ ᮔ᮪ <sp> ᮞᮤ ᮙ᮪ ᮕᮀ <sp> ᮏ ᮓᮤ <sp> ᮠ <sp> ᮛᮦᮀ ᮠᮦᮀ <sp> ᮙᮦᮂ <sp> ᮅᮀ ᮌ ᮜ᮪ <sp> ᮕᮧ ᮆ <sp> ᮃ ᮚ <sp> ᮔᮥ <sp> ᮊ ᮕ ᮜᮤ ᮍ ᮔ᮪ <sp> ᮃ ᮒ ᮝ <sp> ᮊ ᮘᮧᮀ ᮊ ᮛ ᮔ᮪,57,"Ku kituna di Désa Babakan Simpang jadi ha- rénghéng, méh unggal poé aya nu kapalingan atawa kabongkaran.",gedepangrango
budak_teuneung_fonts/bt_0382_gedepangrango.png,budak_teuneung_samsoedi_1930.pdf,ᮔ ᮠ <sp> ᮃ ᮒᮥᮂ <sp> ᮞᮤ <sp> ᮅ ᮒᮥ ᮔ᮪ <sp> ᮒᮦᮂ <sp> ᮒᮩ <sp> ᮓᮤ ᮒᮀ ᮊᮨ ᮕ᮪,20,Naha atuh Si Utun téh teu ditangkep?,gedepangrango
budak_teuneung_fonts/bt_0383_gedepangrango.png,budak_teuneung_samsoedi_1930.pdf,ᮄᮂ <sp> ᮜ ᮄ ᮔ᮪ <sp> ᮒᮩ <sp> ᮓᮤ ᮒᮀ ᮊᮨ ᮕ᮪ <sp> ᮍ ᮔ᮪ <sp> ᮒ ᮎ ᮔ᮪ <sp> ᮊ ᮕᮀ ᮌᮤᮂ <sp> ᮘ ᮆ <sp> ᮕᮤ ᮔ᮪ <sp> ᮒᮨᮁ <sp> ᮑᮥ ᮙ᮪ ᮕᮥ ᮒ᮪ ᮔ <sp> ᮓ <sp> ᮃ ᮛᮤ <sp> ᮓᮤ ᮄᮂ ᮒᮤ ᮃ ᮛ ᮔ᮪ <sp> ᮙᮂ <sp> ᮃ ᮚ,54,"Ih, lain teu ditangkep, ngan tacan kapanggih baé, pin- ter nyumputna, da ari diihtiaran mah aya.",gedepangrango
budak_teuneung_fonts/bt_0384_gedepangrango.png,budak_teuneung_samsoedi_1930.pdf,ᮒᮥ ᮃ <sp> ᮊ ᮙ᮪ ᮕᮥᮀ <sp> ᮏᮩᮀ <sp> ᮕᮥ ᮜᮤ ᮞᮤ <sp> ᮙᮦᮂ <sp> ᮅᮀ ᮌ ᮜ᮪ <sp> ᮕᮩ ᮒᮤᮀ <sp> ᮍᮥ ᮜᮤ ᮔ᮪ ᮎᮨᮁ <sp> ᮍ ᮛᮧ ᮔ᮪ ᮓ <sp> ᮒ ᮕᮤ <sp> ᮝᮨ ᮜᮦᮂ <sp> ᮒ ᮚ <sp> ᮘᮥ ᮘᮥ ᮊ ᮔ ᮔ,46,"Tua kampung jeung pulisi méh unggal peuting ngulincer, ngaronda, tapi weléh taya bubukanana.",gedepangrango
budak_teuneung_fonts/bt_0385_gedepangrango.png,budak_teuneung_samsoedi_1930.pdf,ᮏᮥ ᮛ ᮌ ᮔ᮪ <sp> ᮜᮥ ᮛᮂ <sp> ᮌᮩ ᮞ᮪ <sp> ᮕᮧ ᮠ ᮛ <sp> ᮕᮥ ᮞᮤ ᮍᮩ ᮔ ᮔ <sp> ᮛᮦ ᮠᮤᮀ <sp> ᮙᮦᮂ <sp> ᮅᮀ ᮌ ᮜ᮪ <sp> ᮄ ᮞᮥ ᮊ᮪ <sp> ᮃ ᮚ <sp> ᮔᮥ <sp> ᮜ ᮕᮧᮁ <sp> ᮚᮦ ᮔ᮪ <sp> ᮊ ᮕ ᮜᮤ ᮍ ᮔ᮪,50,"Juragan Lurah geus pohara pusingeunana, réhing méh unggal isuk aya nu lapor yén kapalingan.",gedepangrango
budak_teuneung_fonts/bt_0386_gedepangrango.png,budak_teuneung_samsoedi_1930.pdf,ᮃ ᮔ᮪ ᮏᮩ ᮔ᮪ ᮔ <sp> ᮌᮩ ᮞ᮪ <sp> ᮍ ᮘᮦ ᮝ ᮛ ᮊᮩ ᮔ᮪ <sp> ᮊ <sp> ᮅᮀ ᮌ ᮜ᮪ <sp> ᮏᮨ ᮜᮨ ᮙ <sp> ᮞ ᮠ <sp> ᮞ ᮠ <sp> ᮔᮥ <sp> ᮘᮤ ᮞ <sp> ᮔᮀ ᮊᮨ ᮕ᮪ <sp> ᮞᮤ <sp> ᮅ ᮒᮥ ᮔ᮪ <sp> ᮘ ᮛᮤ ᮞ᮪ <sp> ᮓᮤ ᮕᮨ ᮛᮨ ᮞᮦ ᮔ᮪ <sp> ᮓᮥ ᮄ ᮒ᮪ <sp> ᮞ ᮜ ᮝᮦ <sp> ᮕᮦ ᮛ ᮊ᮪,68,"Anjeunna geus ngabéwarakeun ka unggal jelema, saha-saha nu bisa nangkep Si Utun, baris diperesén duit salawé pérak.",gedepangrango
budak_teuneung_fonts/bt_0387_gedepangrango.png,budak_teuneung_samsoedi_1930.pdf,ᮏᮨ ᮜᮨ ᮙ <sp> ᮏᮨ ᮜᮨ ᮙ <sp> ᮞ ᮓᮦ ᮞ <sp> ᮆ ᮒ <sp> ᮕ ᮓ <sp> ᮓ ᮛ ᮆ ᮊ᮪ <sp> ᮍ ᮛᮧ ᮔ᮪ ᮓ <sp> ᮕ ᮓ <sp> ᮠ ᮛ ᮚᮀ <sp> ᮙᮩ ᮔᮀ ᮊᮩ ᮔ᮪ <sp> ᮞᮤ <sp> ᮅ ᮒᮥ ᮔ᮪ <sp> ᮒ ᮕᮤ <sp> ᮝᮨ ᮜᮦᮂ <sp> ᮘ ᮆ <sp> ᮒ ᮚ <sp> ᮔᮥ <sp> ᮘᮤ ᮞ <sp> ᮙᮀ ᮌᮤ ᮠ ᮔ᮪ <sp> ᮞᮥ ᮙ ᮝᮧ ᮔ᮪ ᮔ <sp> ᮔᮀ ᮊᮨ ᮕ᮪ <sp> ᮒ ᮚ <sp> ᮔᮥ <sp> ᮑ <sp> ᮠᮧ ᮉ ᮔ᮪ <sp> ᮑ ᮠᮧ ᮉ ᮔ᮪ <sp> ᮃ ᮎ ᮔ᮪ <sp> ᮊ ᮔ <sp> ᮕ ᮑᮥ ᮙ᮪ ᮕᮥ ᮒ ᮔ ᮔ,108,"Jelema-jelema sadésa éta, pada daraék ngaronda, pada harayang meunangkeun Si Utun, tapi weléh baé taya nu bisa manggihan, sumawonna nangkep, taya nu nya- hoeun-nyahoeun acan kana panyumputanana.",gedepangrango
budak_teuneung_fonts/bt_0388_gedepangrango.png,budak_teuneung_samsoedi_1930.pdf,ᮓᮤ <sp> ᮙ ᮔ <sp> ᮃ ᮒᮥᮂ <sp> ᮑᮥ ᮙ᮪ ᮕᮥ ᮒ᮪ ᮔ <sp> ᮆ ᮒ <sp> ᮘᮀ ᮞ ᮒ᮪ <sp> ᮊ ᮒ ᮍᮤ <sp> ᮈ ᮕ᮪ <sp> ᮄ <sp> ᮝᮁ ᮏᮤ <sp> ᮘᮥ ᮓ ᮊ᮪ <sp> ᮃ ᮍᮧ ᮔ᮪ <sp> ᮙᮥ ᮔ᮪ ᮓᮤᮀ <sp> ᮏᮥ ᮛ ᮌ ᮔ᮪ <sp> ᮜᮥ ᮛᮂ <sp> ᮒᮦ ᮃ <sp> ᮃ ᮚᮩ ᮔ <sp> ᮙᮂ <sp> ᮌᮩ ᮞ᮪ <sp> ᮌᮨ ᮓᮦ <sp> ᮌᮩ ᮞ᮪ <sp> ᮃ ᮊᮤ ᮜ᮪ <sp> ᮘ ᮜᮦ ᮌ᮪ <sp> ᮞᮁ ᮒ <sp> ᮌᮩ ᮞ᮪ <sp> ᮒᮩ <sp> ᮍ ᮍᮧ ᮔ᮪ <sp> ᮙᮥ ᮔ᮪ ᮓᮤᮀ,94,"Di mana atuh nyumputna éta bangsat KATANGI<EP i Warji, budak angon munding Juragan Lurah téa, ayeuna mah geus gedé, geus akil balég sarta geus teu ngangon munding.",gedepangrango
budak_teuneung_fonts/bt_0389_gedepangrango.png,budak_teuneung_samsoedi_1930.pdf,ᮞ ᮘ ᮘ᮪ <sp> ᮕᮧ ᮠ ᮛ <sp> ᮓᮤ ᮕᮤ ᮊ ᮑ ᮃᮂ ᮔ <sp> ᮊᮥ <sp> ᮏᮥ ᮛ ᮌ ᮔ᮪ <sp> ᮜᮥ ᮛᮂ <sp> ᮔᮨ ᮕᮤ <sp> ᮊ <sp> ᮓᮤ ᮏᮤ ᮉ ᮔ᮪ <sp> ᮏᮥ ᮛᮥ ᮒᮥ ᮜᮤ ᮞ᮪ <sp> ᮓᮦ ᮞ,43,"Sabab pohara dipikanyaahna ku Juragan Lurah, nepi ka dijieun jurutulis désa.",gedepangrango
budak_teuneung_fonts/bt_0390_gedepangrango.png,budak_teuneung_samsoedi_1930.pdf,ᮃ ᮛᮤ <sp> ᮙᮥ ᮔ᮪ ᮓᮤᮀ ᮔ <sp> ᮓᮤ ᮃ ᮍᮧ ᮔ᮪ <sp> ᮊᮥ <sp> ᮘᮥ ᮓ ᮊ᮪ <sp> ᮞᮦ ᮏᮦ ᮔ᮪,22,Ari mundingna diangon ku budak séjén.,gedepangrango
budak_teuneung_fonts/bt_0391_gedepangrango.png,budak_teuneung_samsoedi_1930.pdf,ᮓᮤ ᮔ <sp> ᮠᮤ ᮏᮤ <sp> ᮕᮩ ᮒᮤᮀ <sp> ᮕ ᮛᮨᮀ <sp> ᮠᮥ ᮏ ᮔ᮪ <sp> ᮍ ᮛᮤ ᮛᮤ ᮔ᮪ ᮎᮤ ᮊ᮪ <sp> ᮓᮤ <sp> ᮓᮦ ᮞ <sp> ᮘ ᮘ ᮊ ᮔ᮪ <sp> ᮞᮤ ᮙ᮪ ᮕᮀ <sp> ᮕᮧ ᮠ ᮛ <sp> ᮞᮨ ᮕᮤ ᮔ <sp> ᮏᮨ ᮙ᮪ ᮕᮣᮤᮀ <sp> ᮒ ᮚ <sp> ᮔ ᮇ ᮔ᮪ <sp> ᮔ ᮇ ᮔ᮪,59,"Dina hiji peuting pareng hujan ngaririncik, di Désa Babakan Simpang pohara sepina, jempling taya naon- naon.",gedepangrango
budak_teuneung_fonts/bt_0392_gedepangrango.png,budak_teuneung_samsoedi_1930.pdf,ᮏᮨ ᮜᮨ ᮙ <sp> ᮏᮨ ᮜᮨ ᮙ <sp> ᮓᮤ <sp> ᮅᮀ ᮌ ᮜ᮪ <sp> ᮄ ᮙᮂ <sp> ᮊ ᮘᮦᮂ <sp> ᮌᮩ ᮞ᮪ <sp> ᮍ ᮛ ᮛᮤᮀ <sp> ᮊᮥ ᮊ᮪ <sp> ᮒ ᮛᮤ ᮛᮤ ᮞᮩ ᮔ᮪ <sp> ᮙ ᮜᮂ <sp> ᮛᮦ ᮃ <sp> ᮔᮥ <sp> ᮌᮩ ᮞ᮪ <sp> ᮛᮥ ᮕ᮪ <sp> ᮛᮩ ᮕ᮪ <sp> ᮞ ᮜ ᮛᮦ,56,"Jelema-jelema di unggal imah kabéh geus ngararing- kuk taririseun, malah réa nu geus rup-reup salaré.",gedepangrango
budak_teuneung_fonts/bt_0393_gedepangrango.png,budak_teuneung_samsoedi_1930.pdf,ᮝ ᮊ᮪ ᮒᮥ <sp> ᮠ ᮛᮤ ᮒ <sp> ᮓᮤ <sp> ᮕ ᮊ ᮛ ᮍ ᮔ᮪ <sp> ᮏᮥ ᮛ ᮌ ᮔ᮪ <sp> ᮜᮥ ᮛᮂ <sp> ᮓᮤ <sp> ᮒᮥ ᮊᮀ <sp> ᮃ ᮚ <sp> ᮓᮥ ᮃ <sp> ᮏᮨ ᮜᮨ ᮙ <sp> ᮒᮤᮀ ᮞ ᮜᮤᮀ ᮊᮨᮁ <sp> ᮓᮤ <sp> ᮔᮥ <sp> ᮕᮧ ᮆ ᮊ᮪ <sp> ᮒᮤᮀ ᮞᮥ ᮜᮥ ᮙ᮪ ᮕᮥ ᮒ᮪ <sp> ᮊ ᮔ <sp> ᮓ ᮕᮥ ᮛ ᮔ᮪ <sp> ᮞ ᮜ ᮊ᮪,70,"Waktu harita di pakarangan Juragan Lurah di tukang, aya dua jelema tingsalingker di nu poék, tingsulumput kana dapuran salak.",gedepangrango
budak_teuneung_fonts/bt_0394_gedepangrango.png,budak_teuneung_samsoedi_1930.pdf,ᮒ <sp> ᮏᮨ ᮜᮨ ᮙ <sp> ᮔᮥ <sp> ᮞ ᮅ ᮛᮀ <sp> ᮏᮀ ᮊᮥᮀ <sp> ᮘᮨ ᮌᮀ <sp> ᮃ ᮛᮤ <sp> ᮔᮥ <sp> ᮞ <sp> ᮅ ᮛᮀ <sp> ᮓᮩ ᮄ <sp> ᮕᮨ ᮔ᮪ ᮓᮦ ᮊ᮪ <sp> ᮘᮥ ᮠᮩ ᮊᮩ,39,"Éta jelema nu saurang jangkung begang, ari nu sa- urang deui pendék buheukeu.",gedepangrango
budak_teuneung_fonts/bt_0395_gedepangrango.png,budak_teuneung_samsoedi_1930.pdf,ᮎᮤᮀ <sp> ᮛᮦ ᮊ᮪ <sp> ᮔ ᮛ ᮇ ᮔ᮪ <sp> ᮆ ᮒ <sp> ᮓᮥ ᮃ <sp> ᮏᮨ ᮜᮨ ᮙ <sp> ᮒᮦᮂ,21,Cing rék naraon éta dua jelema téh?,gedepangrango
budak_teuneung_fonts/bt_0396_gedepangrango.png,budak_teuneung_samsoedi_1930.pdf,ᮎᮤᮀ <sp> ᮓᮦ ᮍᮦ ᮊᮩ ᮔ᮪ <sp> ᮉ ᮚ᮪ <sp> ᮃ ᮚ <sp> ᮊᮦ ᮔᮦᮂ <sp> ᮔᮥ <sp> ᮑ ᮛᮤᮀ <sp> ᮃ ᮒ ᮝ <sp> ᮌᮩ ᮞ᮪ <sp> ᮠ ᮛᮦ ᮆ ᮞ᮪ <sp> ᮊ ᮘᮦᮂ <sp> ᮎᮦ ᮊ᮪ <sp> ᮞᮤ <sp> ᮅ ᮒᮥ ᮔ᮪ <sp> ᮊ <sp> ᮞᮤ <sp> ᮘᮨ ᮌᮥ <sp> ᮘ ᮛᮤ <sp> ᮍ ᮠ <sp> ᮛᮦ ᮝᮧ ᮞ᮪,61,"""Cing déngékeun euy, aya kénéh nu nyaring atawa geus haréés kabéh?"" cék Si Utun ka Si Begu bari ngaha- réwos.",gedepangrango
budak_teuneung_fonts/bt_0397_gedepangrango.png,budak_teuneung_samsoedi_1930.pdf,ᮃᮂ <sp> ᮔ ᮏ ᮔ᮪ <sp> ᮃ ᮚ <sp> ᮊᮦ ᮔᮦᮂ <sp> ᮔᮥ <sp> ᮑ ᮛᮤᮀ <sp> ᮇ ᮌᮦ <sp> ᮙᮧ ᮃ ᮜ᮪ <sp> ᮃ ᮚ <sp> ᮔᮥ <sp> ᮝ ᮔᮤ ᮉ ᮔ᮪ <sp> ᮊ ᮜᮥ ᮃᮁ <sp> ᮒᮤ <sp> ᮄ ᮙᮂ <sp> ᮞ ᮊᮤ ᮉ <sp> ᮑ <sp> ᮠᮥ ᮏ ᮔ᮪ <sp> ᮑ <sp> ᮒᮤ ᮛᮤ ᮞ᮪ <sp> ᮎᮦ ᮊ᮪ <sp> ᮞᮤ <sp> ᮘᮨ ᮌᮥ,66,"""Ah, najan aya kénéh nu nyaring ogé;moal aya nu wanieun kaluar ti imah, sakieu nya hujan, nya tiris!"" cék Si Begu.",gedepangrango
budak_teuneung_fonts/bt_0398_gedepangrango.png,budak_teuneung_samsoedi_1930.pdf,ᮄ <sp> ᮜ ᮚᮥ <sp> ᮃ ᮒᮥᮂ <sp> ᮘᮥ ᮛᮥ <sp> ᮘᮥ ᮛᮥ <sp> ᮎᮦ ᮊ᮪ <sp> ᮞᮤ <sp> ᮅ ᮒᮥ ᮔ᮪,22,"""I-layu atuh buru-buru!"" cék Si Utun.",gedepangrango
budak_teuneung_fonts/bt_0399_gedepangrango.png,budak_teuneung_samsoedi_1930.pdf,ᮒᮥ ᮜᮥ ᮚ᮪ <sp> ᮆ ᮒ <sp> ᮓᮥ ᮃ <sp> ᮘᮀ ᮞ ᮒ᮪ <sp> ᮃ ᮛᮤ ᮔ᮪ ᮓᮤ ᮒ᮪ <sp> ᮊ <sp> ᮊ ᮔ᮪ ᮓᮀ <sp> ᮙᮥ ᮔ᮪ ᮓᮤᮀ,29,Tuluy éta dua bangsat arindit ka kandang munding.,gedepangrango
budak_teuneung_fonts/bt_0400_gedepangrango.png,budak_teuneung_samsoedi_1930.pdf,ᮞᮤᮀ <sp> ᮃ ᮒᮤ <sp> ᮃ ᮒᮤ <sp> ᮜ ᮜ ᮅ ᮔ ᮔ᮪ <sp> ᮉ ᮚ᮪ <sp> ᮍ ᮜ ᮃ ᮔ᮪ <sp> ᮒᮥ ᮜ ᮊ᮪ ᮔ <sp> ᮎᮦ ᮊ᮪ <sp> ᮞᮤ <sp> ᮅ ᮒᮥ ᮔ᮪ <sp> ᮊ <sp> ᮞᮤ <sp> ᮘᮨ ᮌᮥ,42,"""Sing ati-ati, lalaunan euy ngalaan tulakna,"" cék Si Utun ka Si Begu.",gedepangrango
budak_teuneung_fonts/bt_0401_gedepangrango.png,budak_teuneung_samsoedi_1930.pdf,ᮞᮤ <sp> ᮘᮨ ᮌᮥ <sp> ᮙᮥ ᮊ <sp> ᮒᮥ ᮜ ᮊ᮪ <sp> ᮊ ᮔ᮪ ᮓᮀ <sp> ᮞᮀ ᮌᮩ ᮞ᮪ <sp> ᮘᮩ <sp> ᮔᮀ <sp> ᮒᮥ ᮜᮥ ᮚ᮪ <sp> ᮃ ᮛ ᮞᮥ ᮕ᮪,32,"Si Begu muka tulak kandang, sanggeus beu- nang, tuluy arasup.",gedepangrango
budak_teuneung_fonts/bt_0402_gedepangrango.png,budak_teuneung_samsoedi_1930.pdf,ᮞ ᮘ ᮛ ᮠ <sp> ᮠᮤ ᮏᮤ <sp> ᮉ ᮚ᮪ <sp> ᮔᮥ <sp> ᮛᮦ ᮊ᮪ <sp> ᮓᮤ ᮎᮧ ᮊᮧ ᮒ᮪ <sp> ᮒᮦᮂ <sp> ᮎᮦ ᮊ᮪ <sp> ᮞᮤ <sp> ᮅ ᮒᮥ ᮔ᮪,31,"""Sabaraha hiji euy, nu rék dicokot téh?"" cék Si Utun.",gedepangrango
budak_teuneung_fonts/bt_0403_gedepangrango.png,budak_teuneung_samsoedi_1930.pdf,ᮃᮂ <sp> ᮓᮥ ᮃ <sp> ᮘ ᮆ <sp> ᮃ ᮙ᮪ ᮘᮦᮂ <sp> ᮠᮤ ᮏᮤ <sp> ᮞᮦ ᮝᮀ <sp> ᮎᮦ ᮊ᮪ <sp> ᮞᮤ <sp> ᮘᮨ ᮌᮥ,25,"""Ah, dua baé, ambéh hiji séwang!"" cék Si Begu.",gedepangrango
budak_teuneung_fonts/bt_0404_gedepangrango.png,budak_teuneung_samsoedi_1930.pdf,ᮊᮥ ᮙ ᮠ <sp> ᮙᮥ ᮔ᮪ <sp> ᮒᮩ <sp> ᮊ ᮒ ᮔ ᮌ ᮃ ᮔ᮪,15,"""Kumaha mun teu katanagaan?",gedepangrango
budak_teuneung_fonts/bt_0405_gedepangrango.png,budak_teuneung_samsoedi_1930.pdf,ᮃᮂ <sp> ᮙᮨ ᮔ᮪ ᮓᮤᮀ <sp> ᮠᮤ ᮏᮤ <sp> ᮘ ᮆ <sp> ᮉ ᮚ᮪ <sp> ᮃ ᮞ ᮜ᮪ <sp> ᮔᮥ <sp> ᮕᮀ ᮌᮨ ᮓᮦ ᮔ <sp> ᮏᮩᮀ <sp> ᮕᮀ ᮜᮤ ᮔ᮪ ᮒᮥᮂ ᮔ <sp> ᮑ <sp> ᮃᮂ <sp> ᮙᮥ ᮞ᮪ ᮒ ᮠᮤ ᮜ᮪ <sp> ᮒᮩ <sp> ᮊ ᮒ ᮔ ᮌ ᮃ ᮔ᮪ <sp> ᮙ ᮝ <sp> ᮙᮥ ᮔ᮪ ᮓᮤᮀ <sp> ᮓᮥ ᮃ <sp> ᮒᮩ <sp> ᮊᮥᮀ ᮞᮤ <sp> ᮜᮤ ᮜ <sp> ᮆ ᮒ <sp> ᮓᮥ ᮃ <sp> ᮘᮀ ᮞ ᮒ᮪ <sp> ᮒᮦᮂ <sp> ᮌᮩ ᮞ᮪ <sp> ᮊ ᮜ ᮜᮥ ᮃᮁ <sp> ᮓᮩ ᮄ <sp> ᮒᮤ <sp> ᮊ ᮔ᮪ ᮓᮀ <sp> ᮘ ᮛᮤ <sp> ᮔ ᮛᮥᮀ ᮒᮥ ᮔ᮪ <sp> ᮙᮥ ᮔ᮪ ᮓᮤᮀ <sp> ᮠᮤ ᮏᮤ <sp> ᮞᮦ ᮝᮀ <sp> ᮞᮁ ᮒ <sp> ᮒᮨ ᮛᮥ ᮞ᮪ <sp> ᮓᮤ ᮘ ᮝ <sp> ᮊ <sp> ᮔᮥ <sp> ᮞᮥ ᮔᮤ,135,"Ah, mending hiji baé, euy, asal nu panggedéna jeung panglintuhna, nya?"" ""Ah, mustahil teu katanagaan mawa munding dua Teu kungsi lila éta dua bangsat téh geus kalaluar deui ti kandang bari narungtun munding hiji séwang, sarta terus dibawa ka nu suni.",gedepangrango
budak_teuneung_fonts/bt_0406_gedepangrango.png,budak_teuneung_samsoedi_1930.pdf,ᮜᮩ <sp> ᮙᮥ ᮔ᮪ ᮓᮤᮀ <sp> ᮒᮦᮂ <sp> ᮛᮦ ᮊ᮪ <sp> ᮓᮤ ᮏᮥ ᮃ ᮜ᮪ <sp> ᮃ ᮒ ᮝ <sp> ᮛᮦ ᮊ᮪ <sp> ᮓᮤ ᮕᮩ ᮔ᮪ ᮎᮤ ᮒ᮪ <sp> ᮓᮤ ᮊᮦ ᮒᮦᮀ ᮊᮩ ᮔ᮪ <sp> ᮜ ᮅ ᮊ᮪ ᮔ <sp> ᮎᮦ ᮊ᮪ <sp> ᮞᮤ <sp> ᮅ ᮒᮥ ᮔ᮪,48,"""leu munding téh rék dijual atawa rék dipeuncit, dikéténgkeun laukna?"" cék Si Utun.",gedepangrango
budak_teuneung_fonts/bt_0407_gedepangrango.png,budak_teuneung_samsoedi_1930.pdf,ᮄᮂ <sp> ᮃ ᮒᮥᮂ <sp> ᮓᮤ ᮏᮥ ᮃ ᮜ᮪ <sp> ᮙᮂ <sp> ᮞ ᮛᮥ ᮃ <sp> ᮘ ᮆ <sp> ᮏᮩᮀ <sp> ᮍ ᮞᮥ ᮕ᮪ ᮊᮩ ᮔ᮪ <sp> ᮙ ᮔᮦᮂ <sp> ᮊ <sp> ᮘᮥ ᮄ <sp> ᮎᮦ ᮊ᮪ <sp> ᮞᮤ <sp> ᮘᮨ ᮌᮥ,42,"""Ih, atuh dijual mah sarua baé jeung ngasupkeun manéh ka bui,"" cék Si Begu.",gedepangrango
budak_teuneung_fonts/bt_0408_gedepangrango.png,budak_teuneung_samsoedi_1930.pdf,ᮙ ᮊ᮪ ᮞᮥ ᮓ᮪ <sp> ᮓᮦ ᮝᮦ ᮊ᮪ <sp> ᮒ ᮚ <sp> ᮜᮤ ᮃ ᮔ᮪ <sp> ᮍ ᮔ᮪ <sp> ᮛᮦ ᮊ᮪ <sp> ᮓᮤ ᮏᮥ ᮃ ᮜ᮪ <sp> ᮓ ᮌᮤᮀ ᮔ <sp> ᮊ <sp> ᮕ ᮞᮁ <sp> ᮓᮤ ᮊᮦ ᮒᮦᮀ ᮊᮩ ᮔ᮪ <sp> ᮞᮀ ᮊ ᮔ᮪ <sp> ᮒᮩ <sp> ᮊ ᮒ ᮛ,51,"""Maksud déwék taya lian ngan rék dijual dagingna ka pasar, dikéténgkeun sangkan—-———— teu katara.",gedepangrango
budak_teuneung_fonts/bt_0409_gedepangrango.png,budak_teuneung_samsoedi_1930.pdf,ᮄ ᮔ᮪ ᮓᮥᮀ <sp> ᮓᮦ ᮝᮦ ᮊ᮪ <sp> ᮔᮥ <sp> ᮞᮤ ᮔ <sp> ᮓ ᮌᮀ ᮔ <sp> ᮊ <sp> ᮕ ᮞᮁ <sp> ᮃ ᮒ ᮝ <sp> ᮓᮤ ᮜᮦ ᮜᮀ ᮊᮩ ᮔ᮪ <sp> ᮊ <sp> ᮒᮀ ᮊᮥ ᮜ ᮊ᮪ <sp> ᮠᮩ ᮉᮂ <sp> ᮃ ᮜᮥ ᮞ᮪ <sp> ᮆ ᮒ <sp> ᮃ ᮒᮥ ᮛ ᮔ᮪ <sp> ᮒᮦᮂ <sp> ᮌᮥ <sp> ᮎᮦ ᮊ᮪ <sp> ᮞᮤ <sp> ᮅ ᮒᮥ ᮔ᮪ <sp> ᮘ ᮛᮤ <sp> ᮊᮨ ᮘ ᮒ᮪ <sp> ᮜᮩ ᮙ᮪ ᮕᮀ ᮔ <sp> ᮙᮥ ᮛᮥ <sp> ᮊ <sp> ᮕ ᮑᮥ ᮙ᮪ ᮕᮥ ᮒ ᮔ᮪,90,"Indung déwék nu sina dagangna ka pasar, atawa dilélangkeun ka tangkulak."" ""Heueuh, alus éta aturan téh, Gu!"" cék Si Utun, bari kebat leumpangna muru ka panyumputan.",gedepangrango
budak_teuneung_fonts/bt_0410_gedepangrango.png,budak_teuneung_samsoedi_1930.pdf,ᮊ ᮎ ᮛᮤ ᮒ ᮊᮩ ᮔ᮪ <sp> ᮄ ᮞᮥ ᮊ᮪ ᮔ <sp> ᮝ ᮊ᮪ ᮒᮥ <sp> ᮘᮥ ᮓ ᮊ᮪ <sp> ᮃ ᮍᮧ ᮔ᮪ <sp> ᮍ ᮜᮧ ᮍᮧ ᮊ᮪ <sp> ᮊ ᮔ᮪ ᮓᮀ <sp> ᮙᮥ ᮔ᮪ ᮓᮤᮀ <sp> ᮊ ᮞ ᮙ᮪ ᮕ ᮊ᮪ <sp> ᮒᮥ ᮜ ᮊ᮪ <sp> ᮊ ᮔ᮪ ᮓᮀ <sp> ᮒᮦᮂ <sp> ᮌᮩ ᮞ᮪ <sp> ᮍ ᮌᮧ ᮜᮦᮁ <sp> ᮓᮤ ᮔ <sp> ᮒ ᮔᮩᮂ <sp> ᮞᮁ ᮒ <sp> ᮙᮥ ᮔ᮪ ᮓᮤᮀ ᮔ <sp> ᮍ ᮔ᮪ <sp> ᮊ ᮛᮤ <sp> ᮞ ᮛ ᮊᮤ ᮒ᮪ <sp> ᮓᮩ ᮄ,87,"Kacaritakeun isukna, waktu budak angon ngalongok kandang munding, kasampak tulak kandang téh geus ngagolér dina taneuh, sarta mundingna ngan kari sarakit deui.",gedepangrango
budak_teuneung_fonts/bt_0411_gedepangrango.png,budak_teuneung_samsoedi_1930.pdf,ᮙᮤ ᮙᮤ ᮒᮤ ᮔ <sp> ᮊᮥ <sp> ᮙ ᮔᮦᮂ ᮔ <sp> ᮓᮤ ᮞ ᮊ᮪ ᮞᮢ ᮊ᮪ <sp> ᮊ <sp> ᮞ ᮊᮥ ᮜᮤ ᮃᮂ <sp> ᮕ ᮊ <sp> ᮛ ᮍ ᮔ᮪ <sp> ᮒ ᮕᮤ <sp> ᮉ ᮝᮩᮂ <sp> ᮓ <sp> ᮕᮥ ᮌᮥᮂ <sp> ᮌᮩ ᮞ᮪ <sp> ᮓᮤ ᮕ ᮜᮤᮀ <sp> ᮊᮥ <sp> ᮘᮀ ᮞ ᮒ᮪,54,"Mimitina ku manéhna disaksrak ka sakuliah paka- rangan, tapi euweuh, da puguh geus dipaling ku bangsat.",gedepangrango
budak_teuneung_fonts/bt_0412_gedepangrango.png,budak_teuneung_samsoedi_1930.pdf,ᮘ ᮛᮀ <sp> ᮙ ᮔᮦᮂ ᮔ <sp> ᮔᮦ ᮔ᮪ ᮏᮧ <sp> ᮊ <sp> ᮜᮨ ᮘᮂ <sp> ᮏᮥ ᮛᮥ <sp> ᮕ ᮊ ᮛ ᮍ ᮔ᮪ <sp> ᮙ ᮔ <sp> ᮠᮧ ᮛᮦᮀ <sp> ᮕ ᮌᮨᮁ ᮔ <sp> ᮌᮩ ᮞ᮪ <sp> ᮘᮧ ᮜᮧ ᮍᮧᮁ <sp> ᮓᮤ ᮛᮨ ᮘᮂ ᮊᮩ ᮔ᮪ <sp> ᮞᮁ ᮒ <sp> ᮃ ᮚ <sp> ᮒ ᮕ ᮊ᮪ <sp> ᮙᮥ ᮔ᮪ ᮓᮤᮀ <sp> ᮑ ᮛᮨ ᮘᮣᮧ ᮊ᮪,66,"Barang manéhna nénjo ka lebah juru pakarangan, mana- horéng pagerna geus bolongor, direbahkeun, sarta aya tapak munding nyareblok.",gedepangrango
budak_teuneung_fonts/bt_0413_gedepangrango.png,budak_teuneung_samsoedi_1930.pdf,ᮃ ᮒᮥᮂ <sp> ᮌ ᮔ᮪ ᮎ ᮛᮨ ᮌ᮪ <sp> ᮘ ᮆ <sp> ᮠ ᮛᮤ ᮝᮩ ᮞ᮪ <sp> ᮝᮩ ᮞ᮪ <sp> ᮅ ᮔ᮪ ᮏᮥ ᮊ ᮔ᮪ <sp> ᮊ <sp> ᮏᮥ ᮛ ᮌ ᮔ᮪ <sp> ᮜᮥ ᮛᮂ <sp> ᮚᮦ ᮔ᮪ <sp> ᮙᮥ ᮔ᮪ ᮓᮤᮀ <sp> ᮔᮥ <sp> ᮕᮨ ᮜᮦ ᮔ᮪ <sp> ᮏᮩᮀ <sp> ᮔᮥ <sp> ᮞᮀ ᮌ ᮓᮥ ᮜᮀ <sp> ᮃ ᮚ <sp> ᮔᮥ <sp> ᮙ ᮜᮤᮀ,65,Atuh gancareg baé hariweus- weus unjukan ka Juragan Lurah yén munding nu pelén jeung nu sanggadulang aya nu maling.,gedepangrango
budak_teuneung_fonts/bt_0414_gedepangrango.png,budak_teuneung_samsoedi_1930.pdf,ᮃᮂ <sp> ᮌᮩ ᮞ᮪ <sp> ᮙᮧ ᮃ ᮜ᮪ <sp> ᮞ ᮜᮂ <sp> ᮒᮀ ᮒᮥ <sp> ᮞᮤ <sp> ᮅ ᮒᮥ ᮔ᮪ <sp> ᮘᮀ ᮞ ᮒ᮪ ᮔ <sp> ᮞ ᮅᮁ <sp> ᮏᮥ ᮛ ᮌ ᮔ᮪ <sp> ᮜᮥ ᮛᮂ,36,"""Ah, geus moal salah, tangtu Si Utun bangsatna,"" saur Juragan Lurah.",gedepangrango
budak_teuneung_fonts/bt_0415_gedepangrango.png,budak_teuneung_samsoedi_1930.pdf,ᮊᮩ ᮔ᮪ <sp> ᮞᮤ ᮃ <sp> ᮃ ᮒᮤ <sp> ᮃ ᮒᮤ <sp> ᮆ ᮒ <sp> ᮞᮦ ᮒ ᮔ᮪ <sp> ᮒᮦᮂ <sp> ᮔᮨ ᮕᮤ <sp> ᮊ <sp> ᮝ ᮔᮤ <sp> ᮝ ᮔᮤ <sp> ᮙ ᮜᮤᮀ <sp> ᮙᮥ ᮔ᮪ ᮓᮤᮀ <sp> ᮃ ᮄᮀ <sp> ᮠ ᮛᮤ ᮒ <sp> ᮊᮦ ᮔᮦᮂ <sp> ᮌ ᮔ᮪ ᮎᮀ <sp> ᮏᮥ ᮛ ᮌ ᮔ᮪ <sp> ᮜᮥ ᮛᮂ <sp> ᮏᮩᮀ <sp> ᮒᮥ ᮃ <sp> ᮊ ᮙ᮪ <sp> ᮕᮥᮀ <sp> ᮊ ᮒᮥ ᮒ᮪ <sp> ᮕᮥ ᮜᮤ ᮞᮤ <sp> ᮃ ᮛᮤ ᮔ᮪ ᮓᮤ ᮒ᮪ <sp> ᮑᮥ ᮞᮥ ᮜ᮪ <sp> ᮙ ᮕ ᮚ᮪ <sp> ᮙ ᮕ ᮚ᮪ <sp> ᮒ ᮕ ᮊ᮪ <sp> ᮙᮥ ᮔ᮪ ᮓᮤᮀ <sp> ᮒᮦ ᮃ,107,"""Keun sia ati-ati éta sétan téh, nepi ka wani-wani maling munding aing!"" Harita kénéh gancang Juragan Lurah jeung tua kam- pung katut pulisi arindit nyusul, mapay-mapay tapak munding téa.",gedepangrango
budak_teuneung_fonts/bt_0416_gedepangrango.png,budak_teuneung_samsoedi_1930.pdf,ᮒ ᮕᮤ <sp> ᮘ ᮛᮀ <sp> ᮔᮨ ᮕᮤ <sp> ᮊ <sp> ᮞ ᮝᮂ <sp> ᮒ ᮕ ᮊ᮪ <sp> ᮙᮥ ᮔ᮪ ᮓᮤᮀ <sp> ᮒᮦᮂ <sp> ᮜᮩ ᮍᮤ ᮒ᮪ <sp> ᮌᮩ ᮞ᮪ <sp> ᮊ ᮊᮩ ᮉ ᮙ᮪ <sp> ᮊᮥ <sp> ᮎ ᮄ <sp> ᮏᮩᮀ <sp> ᮜᮤ ᮕᮥ ᮒ᮪ <sp> ᮊᮥ <sp> ᮜᮩ ᮒ ᮊ᮪,52,"Tapi barang nepi ka sawah, tapak munding téh leungit, geus kakeueum ku cai jeung liput ku leutak.",gedepangrango
budak_teuneung_fonts/bt_0417_gedepangrango.png,budak_teuneung_samsoedi_1930.pdf,ᮞ ᮔ ᮏ ᮔ᮪ <sp> ᮊᮤ ᮒᮥ <sp> ᮒᮨ ᮛᮥ ᮞ᮪ <sp> ᮘ ᮆ <sp> ᮓᮤ ᮞ ᮊ᮪ ᮞᮢ ᮊ᮪ <sp> ᮓᮤ ᮒᮦ ᮃ ᮍ ᮔ᮪ <sp> ᮊ <sp> ᮅᮀ ᮌ ᮜ᮪ <sp> ᮒᮨ ᮙ᮪ ᮕ ᮒ᮪ <sp> ᮊ <sp> ᮅᮀ ᮌ ᮜ᮪ <sp> ᮊ ᮙ᮪ ᮕᮥᮀ <sp> ᮔᮥ <sp> ᮏ ᮛ ᮅᮂ <sp> ᮒ ᮕᮤ <sp> ᮝᮨ ᮜᮦᮂ <sp> ᮘ ᮆ <sp> ᮒᮩ <sp> ᮊ ᮕᮀ ᮌᮤᮂ <sp> ᮛ ᮛ ᮒ ᮔ ᮔ <sp> ᮒᮤ <sp> ᮄ ᮞᮥ ᮊ᮪ <sp> ᮔᮨ ᮕᮤ <sp> ᮊ <sp> ᮞᮧ ᮛᮦ <sp> ᮒᮦᮂ <sp> ᮒᮩ <sp> ᮕᮥ ᮌᮥᮂ <sp> ᮘᮥ ᮘᮥ ᮊ ᮔ ᮔ <sp> ᮔᮥ <sp> ᮔᮦ ᮃ ᮍ ᮔ᮪ <sp> ᮙᮥ ᮔ᮪ ᮓᮤᮀ <sp> ᮒᮦᮂ <sp> ᮘ ᮛ ᮜᮤ ᮊ᮪ <sp> ᮜᮦ ᮍᮧᮂ <sp> ᮘ ᮆ,125,"Sanajan kitu, terus baé disaksrak ditéangan ka unggal tempat, ka unggal kampung nu jarauh, tapi weléh baé teu kapanggih raratanana, ti isuk nepi ka soré téh teu puguh bubukanana nu néangan munding téh baralik léngoh baé.",gedepangrango
budak_teuneung_fonts/bt_0418_gedepangrango.png,budak_teuneung_samsoedi_1930.pdf,ᮃ ᮏᮤ <sp> ᮊᮥ ᮙ ᮠ <sp> ᮞᮥ ᮛ ᮒ᮪ <sp> ᮜ ᮕᮧ ᮛ ᮔ᮪ <sp> ᮔᮥ <sp> ᮊ ᮕ ᮜᮤ ᮍ ᮔ᮪ <sp> ᮒᮦᮂ <sp> ᮈᮀ ᮌᮩ ᮞ᮪ <sp> ᮓᮤ ᮏᮤ ᮉ ᮔ᮪ <sp> ᮞ ᮅᮁ <sp> ᮏᮥ ᮛ ᮌ ᮔ᮪ <sp> ᮜᮥ ᮛᮂ <sp> ᮘ ᮛᮀ <sp> ᮃ ᮔ᮪ ᮏᮩ ᮔ᮪ ᮔ <sp> ᮞᮥ ᮙ᮪ ᮕᮤᮀ <sp> ᮊ <sp> ᮘᮥ ᮙᮤ ᮔ,64,"""Aji, kumaha surat laporan nu kapalingan téh enggeus dijieun?"" saur Juragan Lurah, barang anjeunna sumping ka bumina.",gedepangrango
budak_teuneung_fonts/bt_0419_gedepangrango.png,budak_teuneung_samsoedi_1930.pdf,ᮃ ᮛ ᮔ᮪ ᮒᮧ ᮞ᮪ <sp> ᮙᮥᮀ <sp> ᮊ ᮔ᮪ ᮒᮥ ᮔ᮪ <sp> ᮔ ᮝᮤ ᮞ᮪ <sp> ᮘ ᮆ <sp> ᮝ ᮜᮧ ᮔ᮪ <sp> ᮞᮤ <sp> ᮝᮁ ᮏᮤ,28,"arantos, mung kantun nawis baé,"" walon Si Warji.",gedepangrango
budak_teuneung_fonts/bt_0420_gedepangrango.png,budak_teuneung_samsoedi_1930.pdf,ᮏᮥ ᮛ ᮌ ᮔ᮪ <sp> ᮜᮥ ᮛᮂ <sp> ᮞᮥ ᮛ ᮒ᮪ ᮔ <sp> ᮊᮧ ᮒᮢᮦ ᮒ᮪ <sp> ᮓᮤ ᮒ ᮔ᮪ ᮓ <sp> ᮞᮁ ᮒ <sp> ᮞ ᮅᮁ ᮔ <sp> ᮅ <sp> ᮄᮂ <sp> ᮠ ᮓᮦ <sp> ᮃ ᮚᮩ ᮔ <sp> ᮘ ᮆ <sp> ᮊᮥ <sp> ᮙ ᮔᮦᮂ <sp> ᮞᮀ ᮌ ᮊᮩ ᮔ᮪ <sp> ᮊ <sp> ᮊ ᮎ <sp> ᮃ <sp> ᮃ ᮔ᮪ <sp> ᮑ,64,"Juragan Lurah suratna kotrét ditanda, sarta saurna, u ih hadé ayeuna baé ku manéh sanggakeun ka kaca a an, nya!",gedepangrango
budak_teuneung_fonts/bt_0421_gedepangrango.png,budak_teuneung_samsoedi_1930.pdf,ᮝ ᮚᮂ ᮔ <sp> ᮘᮥ ᮛᮤ ᮒ᮪ <sp> ᮘᮥ ᮛᮤ ᮒ᮪ <sp> ᮇ ᮌᮦ <sp> ᮓ <sp> ᮕᮥ ᮌᮥᮂ <sp> ᮒ ᮚ <sp> ᮓᮩ ᮄ <sp> ᮒᮤ ᮒ᮪ <sp> ᮅ ᮔ᮪ <sp> ᮙ ᮔ᮪ <sp> ᮎᮦ ᮊ᮪ <sp> ᮞᮤ <sp> ᮝᮁ ᮏᮤ <sp> ᮘ ᮛᮤ <sp> ᮛ ᮕ᮪ <sp> ᮓᮀ ᮓ ᮔ᮪ <sp> ᮏᮥᮀ <sp> ᮄ ᮔ᮪ ᮓᮤ ᮒ᮪ <sp> ᮌᮥ ᮛ <sp> ᮌᮤ ᮛᮥ,65,"Wayahna burit-burit ogé, da puguh taya deui tit un!"" ""Man cék Si Warji bari rap dangdan, jung indit gura-giru.",gedepangrango
budak_teuneung_fonts/bt_0422_gedepangrango.png,budak_teuneung_samsoedi_1930.pdf,ᮓᮨ ᮙᮤ <sp> ᮒᮤ <sp> ᮘ ᮘ <sp> ᮔ᮪ <sp> ᮞᮤ ᮙ᮪ ᮕᮀ <sp> ᮊ <sp> ᮊ ᮎ ᮙ ᮒ ᮔ᮪ <sp> ᮒᮦᮂ <sp> ᮒᮩ <sp> ᮝᮥ ᮓᮥ <sp> ᮛ ᮓ <sp> ᮏ ᮅᮂ <sp> ᮊᮤ ᮛ <sp> ᮊᮤ ᮛ <sp> ᮃ ᮚ <sp> ᮜᮤ ᮙ <sp> ᮌᮨ ᮔᮨ ᮕ᮪ <sp> ᮕ ᮜ᮪ ᮔ <sp> ᮊ ᮒᮥ ᮛᮥ ᮌ᮪ <sp> ᮒᮥ ᮛᮥ ᮌ᮪ <sp> ᮏ ᮜ ᮔ᮪ ᮔ <sp> ᮍ ᮜᮤ ᮝ ᮒ ᮔ᮪ <sp> ᮒᮨ ᮙ᮪ ᮕ ᮒ᮪ <sp> ᮃ ᮔᮥ <sp> ᮞ ᮛᮥ ᮔᮤ <sp> ᮏᮩᮀ <sp> ᮙ ᮊᮦ <sp> ᮙᮩ ᮔ᮪ <sp> ᮒ ᮞ᮪ <sp> ᮝ ᮜᮥ ᮍ ᮔ᮪ <sp> ᮞ ᮌ ᮜ,106,"Demi ti Baba n Simpang ka kacamatan téh, teu wudu rada jauh, kira-kira aya lima-genep palna, katurug-turug jalanna ngaliwatan tempat anu saruni jeung maké meun- tas walungan sagala.",gedepangrango
budak_teuneung_fonts/bt_0423_gedepangrango.png,budak_teuneung_samsoedi_1930.pdf,ᮍ ᮔ᮪ <sp> ᮘᮥ ᮘᮥ ᮠ ᮔ᮪ <sp> ᮞᮤ <sp> ᮝᮁ ᮏᮤ <sp> ᮘᮥ ᮓ ᮊ᮪ <sp> ᮝ ᮔ᮪ ᮒᮨᮁ <sp> ᮒᮥᮁ <sp> ᮘᮧ ᮌ <sp> ᮞᮤ ᮕ ᮒ᮪ <sp> ᮞ ᮒᮢᮤ ᮃ <sp> ᮞ ᮊᮤ ᮒᮥ <sp> ᮑᮧ ᮛᮀ <sp> ᮏ ᮜ ᮔ᮪ <sp> ᮞᮥ ᮔᮤ <sp> ᮏᮩᮀ <sp> ᮌᮩ ᮞ᮪ <sp> ᮘᮥ ᮛᮤ ᮒ᮪ <sp> ᮇ ᮌᮦ <sp> ᮆ ᮞ᮪ ᮒᮥ ᮔᮤᮀ <sp> ᮒ ᮚ <sp> ᮕᮤ ᮞ ᮔ᮪ <sp> ᮊ ᮞᮤ ᮉ ᮔ᮪ ᮔ,77,"Ngan bubuhan Si Warji budak wanter tur boga sipat satria, sakitu nyorang jalan suni jeung geus burit ogé, éstuning taya pisan kasieunna.",gedepangrango
budak_teuneung_fonts/bt_0424_gedepangrango.png,budak_teuneung_samsoedi_1930.pdf,ᮝ ᮊ᮪ ᮒᮥ <sp> ᮄ ᮔ᮪ ᮓᮤ ᮒ᮪ <sp> ᮒᮤ <sp> ᮓᮦ ᮞ <sp> ᮔᮨ ᮕᮤ <sp> ᮊ <sp> ᮓ ᮒᮀ ᮔ <sp> ᮊ <sp> ᮊ ᮎ ᮙ ᮒ ᮔ᮪ <sp> ᮘᮨ ᮛᮨ ᮊᮂ <sp> ᮞ ᮜ ᮙᮨ ᮒ᮪ <sp> ᮒᮩ <sp> ᮑᮧ ᮛᮀ <sp> ᮠ ᮜ ᮍ ᮔ᮪ <sp> ᮊᮤ ᮒᮥ <sp> ᮊᮤ ᮉ,55,"Waktu indit ti désa nepi ka datangna ka kacamatan, berekah salamet teu nyorang halangan kitu-kieu.",gedepangrango
budak_teuneung_fonts/bt_0425_gedepangrango.png,budak_teuneung_samsoedi_1930.pdf,ᮒ ᮕᮤ <sp> ᮘ ᮛᮀ <sp> ᮘ ᮜᮤ ᮊ᮪ ᮔ <sp> ᮉ ᮊᮩᮁ <sp> ᮙᮂ <sp> ᮕᮧ ᮆ ᮊ᮪ <sp> ᮙᮧᮀ ᮊᮣᮦᮀ <sp> ᮘᮥ ᮒ <sp> ᮛ ᮓᮤ ᮔ᮪ <sp> ᮊ ᮒᮥ ᮛᮥ ᮌ᮪ <sp> ᮒᮥ ᮛᮥ ᮌ᮪ <sp> ᮓᮤ <sp> ᮏ ᮜ ᮔ᮪ ᮔ <sp> ᮊ ᮒᮤᮀ ᮌᮀ <sp> ᮠᮥ ᮏ ᮔ᮪ <sp> ᮔᮥ <sp> ᮕᮧ ᮠ ᮛ <sp> ᮍ ᮌᮨ ᮘᮢᮦ ᮒ᮪ ᮔ <sp> ᮃ ᮒᮥᮂ <sp> ᮒᮩ <sp> ᮝᮥ ᮓᮥ <sp> ᮘ ᮆ <sp> ᮛᮤ ᮕᮥ ᮠᮩ ᮔ ᮔ <sp> ᮜᮩ ᮙ᮪ <sp> ᮕᮀ ᮔ <sp> ᮙᮤ ᮔ᮪ ᮓᮨᮀ <sp> ᮒᮤ ᮒ ᮒ ᮛ ᮏᮧᮀ <sp> ᮏᮩᮀ <sp> ᮙᮤ ᮔ᮪ ᮓᮨᮀ <sp> ᮍ ᮕᮢᮥ ᮊ᮪ <sp> ᮘ ᮏᮥ ᮔ <sp> ᮏᮤ ᮘᮢᮥ ᮌ᮪ <sp> ᮏᮩᮀ <sp> ᮃ ᮝ ᮊ᮪ ᮔ <sp> ᮍ ᮠᮧ ᮓ᮪ ᮠᮧ ᮓ᮪ <sp> ᮊ ᮘᮥ ᮜᮥ ᮞ ᮔ᮪,135,"Tapi barang balikna, eukeur mah poék-mongkléng buta radin, katurug-turug di jalanna katinggang hujan, nu pohara ngagebrétna, atuh teu wudu baé ripuheunana, leum- pangna mindeng titatarajong jeung mindeng ngapruk, bajuna jibrug jeung awakna ngahodhod kabulusan.",gedepangrango
budak_teuneung_fonts/bt_0426_gedepangrango.png,budak_teuneung_samsoedi_1930.pdf,ᮘ ᮛᮀ <sp> ᮔᮨ ᮕᮤ <sp> ᮊ <sp> ᮞᮤ ᮞᮤ <sp> ᮝ ᮜᮥ ᮍ ᮔ᮪ <sp> ᮃ ᮞ᮪ ᮒ ᮌᮂ <sp> ᮎᮤ ᮜ ᮊ <sp> ᮝ <sp> ᮜᮥ ᮍ ᮔ᮪ <sp> ᮒᮦᮂ <sp> ᮌᮩ ᮞ᮪ <sp> ᮜᮤ ᮙ᮪ ᮕ ᮞ᮪ <sp> ᮊ <sp> ᮏ ᮜ ᮔ᮪ <sp> ᮎ ᮄ ᮔ <sp> ᮒ ᮛᮤ ᮊ᮪ <sp> ᮕᮤ ᮞ ᮔ᮪ <sp> ᮌᮩ ᮞ᮪ <sp> ᮜ ᮄ ᮔ᮪ <sp> ᮕᮩ ᮔ᮪ ᮒ ᮞ᮪ <sp> ᮕᮩ ᮔ᮪ ᮒ ᮞ ᮔᮩ ᮔ᮪,77,"Barang nepi ka Sisi walungan, astagah, cilaka, wa- lungan téh geus limpas ka jalan, caina tarik pisan, geus lain peuntas-peuntasaneun.",gedepangrango
budak_teuneung_fonts/bt_0427_gedepangrango.png,budak_teuneung_samsoedi_1930.pdf,ᮘᮩ <sp> ᮊᮥ ᮙ ᮠ <sp> ᮄ ᮉ <sp> ᮃ ᮄᮀ <sp> ᮑ <sp> ᮕᮤ ᮕᮨ ᮒ ᮉ ᮔ᮪ <sp> ᮎᮦ ᮊ᮪ <sp> ᮞᮤ <sp> ᮝᮁ ᮏᮤ <sp> ᮓᮤ ᮔ <sp> ᮕᮤ ᮊᮤᮁ ᮔ,34,"""Beu, kumaha ieu aing nya pipetaeun?"" cék Si Warji dina pikirna.",gedepangrango
budak_teuneung_fonts/bt_0428_gedepangrango.png,budak_teuneung_samsoedi_1930.pdf,ᮃ ᮛᮤ <sp> ᮘ ᮜᮤ ᮊ᮪ <sp> ᮓᮩ ᮄ <sp> ᮊ <sp> ᮊ ᮎ ᮙ ᮒ ᮔ᮪ <sp> ᮍ ᮓᮧ ᮔ᮪ <sp> ᮙᮧ ᮔ᮪ <sp> ᮓᮧ ᮊ᮪ <sp> ᮙᮩ ᮛᮩ ᮔ᮪ <sp> ᮄ ᮔ᮪ ᮓᮥᮀ <sp> ᮃ ᮄᮀ <sp> ᮒ ᮓ <sp> ᮒᮩ ᮄᮀ <sp> ᮙᮨ ᮜ ᮍᮩ ᮔ ᮔ <sp> ᮃ ᮛᮤ <sp> ᮒᮨ ᮛᮥ ᮞ᮪ <sp> ᮜᮂ ᮜ ᮠ ᮔ᮪ <sp> ᮙᮩ ᮔ᮪ ᮒ ᮞ᮪ <sp> ᮌᮩ ᮞ᮪ <sp> ᮒᮀ ᮒᮥ <sp> ᮕ ᮜᮤ ᮓ᮪ <sp> ᮓ <sp> ᮕᮥ ᮌᮥᮂ <sp> ᮎ ᮄ <sp> ᮞ ᮊᮤ ᮒᮥ <sp> ᮒ ᮛᮤ ᮊ᮪ ᮔ,94,"""Ari balik deui ka kacamatan ngadon mon- dok, meureun indung aing tada teuing melangeunana, ari terus lahlahan meuntas, geus tangtu palid, da puguh cai sakitu tarikna.",gedepangrango
budak_teuneung_fonts/bt_0429_gedepangrango.png,budak_teuneung_samsoedi_1930.pdf,ᮃᮂ <sp> ᮑ <sp> ᮜᮩ ᮝᮤᮂ <sp> ᮠ ᮓᮦ <sp> ᮎᮤ ᮎᮤᮀ <sp> ᮘ ᮆ <sp> ᮓᮤ <sp> ᮓᮤ ᮉ <sp> ᮍ ᮓ ᮌᮧ ᮃ ᮔ᮪ <sp> ᮇ ᮛᮧ ᮒ᮪ ᮔ <sp> ᮞᮀ ᮌᮩ ᮞᮤᮀ <sp> ᮙᮤ ᮊᮤᮁ <sp> ᮊᮤ ᮒᮥ <sp> ᮒᮥ ᮜᮥ ᮚ᮪ <sp> ᮙ ᮔᮦᮂ ᮔ <sp> ᮄ ᮔ᮪ ᮓᮤ ᮒ᮪ <sp> ᮔᮦ ᮃ ᮍ ᮔ᮪ <sp> ᮒᮨ ᮙ᮪ ᮕ ᮒ᮪ <sp> ᮔᮥ <sp> ᮛ ᮓ <sp> ᮒᮥ ᮅ ᮞ᮪,73,"Ah, nya leuwih hadé cicing baé di dieu, ngadagoan orotna."" Sanggeusing mikir kitu, tuluy manéhna indit, néangan tempat nu rada tuus.",gedepangrango
budak_teuneung_fonts/bt_0430_gedepangrango.png,budak_teuneung_samsoedi_1930.pdf,ᮊ ᮘᮨ ᮔᮨ ᮛ ᮔ᮪ <sp> ᮒᮩ <sp> ᮞ ᮊᮥ ᮙ ᮠ <sp> ᮏ ᮅᮂ ᮔ <sp> ᮒᮤ <sp> ᮏ ᮜ ᮔ᮪ <sp> ᮙ ᮔᮦᮂ ᮔ <sp> ᮙᮀ ᮌᮤᮂ <sp> ᮒᮀ ᮊ ᮜ᮪ <sp> ᮊ ᮄ <sp> ᮌᮨ ᮓᮦ <sp> ᮒᮥᮁ <sp> ᮃ ᮚ ᮔ <sp> ᮓᮤ <sp> ᮒᮨ ᮙ᮪ ᮕ ᮒ᮪ <sp> ᮔᮥ <sp> ᮛ ᮓ <sp> ᮜᮥ ᮠᮥᮁ,60,"Kabeneran teu sakumaha jauhna ti jalan, manéhna manggih tangkal kai gedé, tur ayana di tempat nu rada luhur.",gedepangrango
budak_teuneung_fonts/bt_0431_gedepangrango.png,budak_teuneung_samsoedi_1930.pdf,ᮒᮥ ᮜᮥ ᮚ᮪ <sp> ᮙ ᮔᮦᮂ ᮔ <sp> ᮓᮤ ᮅ ᮊ᮪ <sp> ᮓᮤ <sp> ᮓᮤ ᮑ <sp> ᮓᮤ ᮞ ᮞ ᮛ ᮕ᮪ <sp> ᮊᮥ <sp> ᮊ ᮜ ᮊ ᮚ᮪ <sp> ᮏᮩᮀ <sp> ᮓᮀ ᮓ ᮅ ᮔ ᮔ᮪,37,"Tuluy manéhna diuk di dinya, disasarap ku kalakay jeung dangdaunan.",gedepangrango
budak_teuneung_fonts/bt_0432_gedepangrango.png,budak_teuneung_samsoedi_1930.pdf,ᮝ ᮊ᮪ ᮒᮥ <sp> ᮞᮤ <sp> ᮝᮁ ᮏᮤ <sp> ᮊᮩᮁ <sp> ᮓᮤ ᮅ ᮊ᮪ <sp> ᮘ ᮛᮤ <sp> ᮙᮤ ᮊᮤᮁ <sp> ᮙᮤ ᮊᮤᮁ <sp> ᮕᮤ ᮜ ᮙ᮪ ᮕᮂ <sp> ᮉ ᮔ᮪ <sp> ᮙ ᮔᮦᮂ ᮔ <sp> ᮔᮦ ᮔ᮪ ᮏᮧ <sp> ᮈ ᮑ ᮚ᮪ <sp> ᮈ ᮑ ᮚ᮪ <sp> ᮞᮩ ᮔᮩ <sp> ᮠᮥ ᮛᮥᮀ <sp> ᮓᮤ ᮔ <sp> ᮓᮥ ᮛᮥ ᮊ ᮔ᮪ <sp> ᮓᮤ <sp> ᮞ ᮕᮩ ᮔ᮪ ᮒ ᮞᮩ ᮔ᮪ <sp> ᮏ ᮜ ᮔ᮪ <sp> ᮔᮥ <sp> ᮃᮀ ᮌᮀ ᮔ <sp> ᮊᮤ ᮛ <sp> ᮊᮤ ᮛ <sp> ᮲ ᮰ ᮰ <sp> ᮜᮦᮀ ᮊᮂ <sp> ᮒᮤ <sp> ᮙ ᮔᮦᮂ ᮔ,99,"Waktu Si Warji keur diuk bari mikir-mikir pilampah- eun, manéhna nénjo enyay-enyay seuneu hurung dina durukan di sapeuntaseun jalan, nu anggangna kira-kira 200 léngkah ti manéhna.",gedepangrango
budak_teuneung_fonts/bt_0433_gedepangrango.png,budak_teuneung_samsoedi_1930.pdf,ᮌ ᮔ᮪ ᮎᮀ <sp> ᮊᮥ <sp> ᮙ ᮔᮦᮂ ᮔ <sp> ᮓᮤ ᮞᮤ ᮓᮤ ᮊ᮪ <sp> ᮞᮤ ᮓᮤ ᮊ᮪ <sp> ᮘ ᮛᮤ <sp> ᮓᮤ ᮞ ᮙ᮪ ᮕᮩᮁ ᮊᮩ ᮔ᮪ <sp> ᮙ ᮔ ᮠᮧ ᮛᮦᮀ <sp> ᮃ ᮚ <sp> ᮓᮥ ᮃ <sp> ᮏ ᮜ᮪ ᮙ <sp> ᮜ ᮜ ᮊᮤ <sp> ᮊᮩᮁ <sp> ᮞ ᮜᮤ ᮓᮥ ᮛᮥ,54,"Gancang ku manéhna disidik- sidik bari disampeurkeun, manahoréng aya dua jalma lalaki keur saliduru.",gedepangrango
budak_teuneung_fonts/bt_0434_gedepangrango.png,budak_teuneung_samsoedi_1930.pdf,ᮃ ᮜ᮪ ᮠ ᮙ᮪ ᮓᮥ ᮜᮤ ᮜᮣᮂ <sp> ᮒᮂ <sp> ᮌᮩ ᮔᮤᮀ <sp> ᮃ ᮄᮀ <sp> ᮃ ᮚ <sp> ᮘ ᮒᮥᮁ <sp> ᮊᮩ <sp> ᮉᮀ <sp> ᮎᮦ ᮊ᮪ <sp> ᮞᮤ <sp> ᮝᮁ ᮏᮤ <sp> ᮓᮤ ᮔ <sp> ᮕᮤ ᮊᮤᮁ ᮔ <sp> ᮘ ᮛᮤ <sp> ᮞᮨ ᮙᮥ <sp> ᮘᮥ ᮍᮂ,49,"""Alhamdulillah, tah geuning aing aya batur keu- eung,"" cék Si Warji dina pikirna bari semu bungah.",gedepangrango
budak_teuneung_fonts/bt_0435_gedepangrango.png,budak_teuneung_samsoedi_1930.pdf,ᮘ ᮛᮀ <sp> ᮜᮩ ᮙ᮪ ᮕᮀ ᮔ <sp> ᮊᮤ ᮛ <sp> ᮊᮤ ᮛ <sp> ᮒᮤ ᮜᮥ <sp> ᮕᮥ ᮜᮥᮂ <sp> ᮜᮦᮀ ᮊᮂ <sp> ᮓᮩ ᮄ <sp> ᮊ ᮔ <sp> ᮔᮨ ᮕᮤ <sp> ᮊ <sp> ᮆ ᮒ <sp> ᮓᮥ ᮛᮥ ᮊ ᮔ᮪ <sp> ᮙ ᮔᮦᮂ ᮔ <sp> ᮛᮨ ᮌ᮪ <sp> ᮉ ᮛᮩ ᮔ᮪ <sp> ᮘ ᮛᮤ <sp> ᮒᮥ ᮜᮥ ᮚ᮪ <sp> ᮙ ᮞᮀ ᮊᮩ ᮔ᮪ <sp> ᮎᮩ ᮜᮤ <sp> ᮞ ᮘ ᮘ᮪ <sp> ᮍ ᮓᮦ ᮍᮦ <sp> ᮔᮥ <sp> ᮍᮧ ᮙᮧᮀ <sp> ᮊᮤ ᮉ <sp> ᮘᮨ ᮌᮥ <sp> ᮞ ᮈ ᮑ ᮔ <sp> ᮅ ᮛᮀ <sp> ᮒᮦᮂ <sp> ᮕᮧ ᮠ ᮛ <sp> ᮜ ᮜ ᮝᮧ ᮛ ᮔ <sp> ᮕᮧ ᮠ ᮛ <sp> ᮌ ᮌ ᮘᮂ ᮔ <sp> ᮘᮨ ᮒ᮪ <sp> ᮝ ᮔᮤ <sp> ᮝ ᮔᮤ <sp> ᮉ ᮛᮩ ᮔ᮪ <sp> ᮓᮤ <sp> ᮓᮤ ᮈ <sp> ᮔ ᮠ <sp> ᮜ ᮜ ᮝᮧ ᮛ <sp> ᮊᮥ ᮙ ᮠ <sp> ᮎᮦ ᮊ᮪ <sp> ᮞᮤ <sp> ᮘᮨ ᮌᮥ,153,"Barang leumpangna kira-kira tilu puluh léngkah deui kana nepi ka éta durukan, manéhna reg eureun bari tuluy masangkeun ceuli, sabab ngadéngé nu ngomong kieu, ""Begu, saenyana urang téh pohara lalaworana, pohara gagabahna, bet wani-wani eureun di dieå?"" ""Naha, lalawora kumaha?"" cék Si Begu.",gedepangrango
budak_teuneung_fonts/bt_0436_gedepangrango.png,budak_teuneung_samsoedi_1930.pdf,ᮛ ᮞ <sp> ᮓᮦ ᮝᮦ ᮊ᮪ <sp> ᮓᮩ ᮊᮩ ᮒ᮪ <sp> ᮒᮩ ᮄᮀ <sp> ᮊ <sp> ᮏ ᮜ ᮔ᮪ <sp> ᮘᮤ ᮞᮤ <sp> ᮃ ᮚ <sp> ᮔᮥ <sp> ᮍ ᮑ ᮠᮧ ᮃ ᮔ᮪ ᮊᮩ ᮔ᮪ <sp> ᮃᮂ <sp> ᮈ ᮔ᮪ ᮒᮧᮀ <sp> ᮞᮤ ᮉ ᮔ᮪ <sp> ᮞᮤ ᮉ ᮔ᮪ <sp> ᮓ <sp> ᮙᮧ ᮃ ᮜ᮪ <sp> ᮃ ᮚ <sp> ᮔᮥ <sp> ᮝ ᮔᮤ ᮉ ᮔ᮪ <sp> ᮜᮥ ᮔ᮪ <sp> ᮒ <sp> ᮜ ᮔ᮪ ᮒᮧ <sp> ᮊ <sp> ᮜᮨ ᮘᮂ <sp> ᮓᮤ ᮉ <sp> ᮏᮩᮀ <sp> ᮃ ᮕ ᮔ᮪ <sp> ᮞ ᮊᮤ ᮉ <sp> ᮕᮧ ᮆ ᮊ᮪ ᮔ <sp> ᮒᮥᮁ <sp> ᮠᮥ <sp> ᮏ ᮔ᮪ <sp> ᮊ ᮒ ᮙ᮪ ᮘᮂ <sp> ᮒ ᮙ᮪ ᮘᮂ <sp> ᮎ ᮃᮂ <sp> ᮞ ᮊᮤ ᮒᮥ <sp> ᮍ ᮌᮥ ᮜᮤ ᮓ ᮌ᮪ ᮔ <sp> ᮏ ᮓᮤ <sp> ᮒ ᮚ <sp> ᮕᮨ ᮒ ᮔ <sp> ᮃ ᮚ <sp> ᮏ ᮜ᮪ ᮙ <sp> ᮒᮤ <sp> ᮓᮦ ᮞ <sp> ᮘ ᮘ ᮊ ᮔ᮪ <sp> ᮞᮤ ᮙ᮪ ᮕᮀ <sp> ᮔᮥ <sp> ᮝ ᮔᮤ ᮉ ᮔ᮪ <sp> ᮙᮩ ᮔ᮪ ᮒ ᮞ᮪ <sp> ᮊ <sp> ᮓᮤ ᮉ <sp> ᮃ ᮆᮂ <sp> ᮠᮩ ᮉᮂ <sp> ᮑ <sp> ᮆ ᮞ᮪ ᮒᮥ <sp> ᮊ ᮘᮨ ᮔᮨ ᮛ ᮔ᮪ <sp> ᮅ ᮛᮀ <sp> ᮙᮩ ᮔᮀ <sp> ᮕ ᮍᮩ ᮛᮩ ᮔ ᮔ᮪ <sp> ᮒᮦᮂ <sp> ᮉ ᮚ᮪ <sp> ᮅ ᮒᮥ ᮔ᮪ <sp> ᮎᮦ ᮊ᮪ <sp> ᮞᮤ <sp> ᮘᮨ ᮌᮥ,222,"""Rasa déwék, deukeut teuing ka jalan bisi aya nu nganyahoankeun."" ""Ah, entong sieun-sieun, da moal aya nu wanieun lun- ta-lanto ka lebah dieu, jeung apan sakieu poékna tur hu- jan, katambah-tambah caah sakitu ngagulidagna, jadi taya petana aya jalma ti Désa Babakan Simpang nu wanieun meuntas ka dieu."" ""Aéh heueuh, nya, éstu kabeneran urang meunang pangeureunan téh."" ""Euy, Utun!"" cék Si Begu.",gedepangrango
budak_teuneung_fonts/bt_0437_gedepangrango.png,budak_teuneung_samsoedi_1930.pdf,ᮎᮤᮀ <sp> ᮠ ᮚᮀ <sp> ᮑ ᮠᮧ <sp> ᮉ ᮚ᮪ <sp> ᮌᮩ ᮞ᮪ <sp> ᮞ ᮘ ᮛ ᮠ <sp> ᮓᮥ ᮄ ᮒ᮪ <sp> ᮘᮩ ᮘᮩ ᮔ ᮍ ᮔ᮪ <sp> ᮅ ᮛᮀ <sp> ᮘ ᮜᮀ ᮞᮤ ᮃᮁ <sp> ᮒᮦᮂ,38,"""Cing hayang nyaho euy, geus sabaraha duit beubeunangan urang balangsiar téh?",gedepangrango
budak_teuneung_fonts/bt_0438_gedepangrango.png,budak_teuneung_samsoedi_1930.pdf,ᮎᮤᮀ <sp> ᮅ ᮛᮀ <sp> ᮘᮤ ᮜᮀ <sp> ᮃ ᮚᮩ ᮔ <sp> ᮙᮩᮀ ᮕᮩᮀ <sp> ᮞ ᮜ᮪ ᮞᮦ <sp> ᮠ ᮓᮦ <sp> ᮏ ᮝ ᮘ᮪ <sp> ᮞᮤ <sp> ᮅ ᮒᮥ ᮔ᮪,31,"Cing urang bilang ayeuna meungpeung salsé!"" ""Hadé,"" jawab Si Utun.",gedepangrango
budak_teuneung_fonts/bt_0439_gedepangrango.png,budak_teuneung_samsoedi_1930.pdf,ᮕᮦ ᮊ᮪ <sp> ᮃ ᮒᮥᮂ <sp> ᮠᮥ ᮛᮥᮀ ᮊᮩ ᮔ᮪ <sp> ᮞᮩ <sp> ᮔᮩ ᮔ <sp> ᮃ ᮙ᮪ ᮘᮦᮂ <sp> ᮛ ᮓ <sp> ᮎ ᮃᮀ <sp> ᮙᮩ ᮉ ᮞ ᮔ᮪ <sp> ᮒᮥ ᮜᮥ ᮚ᮪ <sp> ᮓᮥ ᮛᮥ ᮊ ᮔ᮪ <sp> ᮒᮦᮂ <sp> ᮊᮥ <sp> ᮞᮤ <sp> ᮘᮨ ᮌᮥ <sp> ᮓᮤ ᮒᮤ ᮅ ᮕ ᮔ᮪ <sp> ᮌᮥᮁ <sp> ᮠᮥ ᮛᮥᮀ,59,"""Pék atuh hurungkeun seu- neuna, ambéh rada caang meueusan."" Tuluy durukan téh ku Si Begu ditiupan, gur hurung.",gedepangrango
budak_teuneung_fonts/bt_0440_gedepangrango.png,budak_teuneung_samsoedi_1930.pdf,ᮌᮩ ᮞ᮪ <sp> ᮊᮤ ᮒᮥ <sp> ᮞᮤ <sp> ᮅ ᮒᮥ ᮔ᮪ <sp> ᮒᮨ ᮛᮥ ᮞ᮪ <sp> ᮙᮥ ᮊ <sp> ᮠᮤ ᮏᮤ <sp> ᮌᮦ ᮙ᮪ ᮘᮧ ᮜ ᮔ᮪ <sp> ᮔᮥ <sp> ᮌᮨ ᮓᮦ ᮔ <sp> ᮞ ᮌᮨ ᮓᮦ <sp> ᮊ ᮜ ᮕ,41,"Geus kitu Si Utun terus muka hiji gémbolan, nu gedéna sagedé kalapa.",gedepangrango
budak_teuneung_fonts/bt_0441_gedepangrango.png,budak_teuneung_samsoedi_1930.pdf,ᮃ ᮔ <sp> ᮘᮢ ᮊ᮪ <sp> ᮓᮤ ᮘᮥ ᮊ <sp> ᮙ ᮔ ᮠᮧ ᮛᮦᮀ <sp> ᮉ ᮞᮤ ᮔ <sp> ᮒᮦᮂ <sp> ᮓᮥ ᮄ ᮒ᮪ <sp> ᮕᮦ ᮛ ᮊ᮪ <sp> ᮏᮩᮀ <sp> ᮛᮤᮀ ᮌᮤ ᮒ᮪ <sp> ᮝᮥᮀ ᮊᮥ ᮜ᮪ <sp> ᮙ ᮔᮤ <sp> ᮙ ᮛ ᮊ᮪ ᮘ ᮊ᮪ <sp> ᮘᮧ ᮓ ᮞ᮪ <sp> ᮒᮤᮀ ᮌᮥ ᮛᮤ <sp> ᮜ ᮕ᮪ <sp> ᮊ ᮎ ᮃ ᮍ ᮔ᮪ <sp> ᮊᮥ <sp> ᮓᮥ ᮛᮥ ᮊ ᮔ᮪,71,"Ana brak dibuka, manahoréng eusina téh duit pérak jeung ringgit wungkul, mani marakbak bodas, tingguri- lap kacaangan ku durukan.",gedepangrango
budak_teuneung_fonts/bt_0442_gedepangrango.png,budak_teuneung_samsoedi_1930.pdf,ᮒᮨ ᮛᮥ ᮞ᮪ <sp> ᮆ ᮒ <sp> ᮓᮥ ᮄ ᮒ᮪ <sp> ᮓᮤ ᮘᮤ ᮜᮀ <sp> ᮊᮥ <sp> ᮓᮥ ᮃ ᮃ ᮔ᮪,21,Terus éta duit dibilang ku duaan.,gedepangrango
budak_teuneung_fonts/bt_0443_gedepangrango.png,budak_teuneung_samsoedi_1930.pdf,ᮜᮩᮂ <sp> ᮌᮩ ᮞ᮪ <sp> ᮃ ᮚ <sp> ᮒᮤ ᮜᮥ <sp> ᮛ ᮒᮥ ᮞ᮪ <sp> ᮕᮦ ᮛ ᮊ᮪ <sp> ᮕᮥ ᮔ᮪ ᮏᮥ ᮜ᮪ <sp> ᮞ ᮛᮤᮀ ᮌᮤ ᮒ᮪ <sp> ᮉ ᮚ᮪ <sp> ᮎᮦ ᮊ᮪ <sp> ᮞᮤ <sp> ᮅ ᮒᮥ ᮔ᮪ <sp> ᮘ ᮛᮤ <sp> ᮞᮩ ᮛᮤ,46,"""Leuh, geus aya tilu ratus pérak punjul saringgit, euy!"" cék Si Utun bari seuri.",gedepangrango
budak_teuneung_fonts/bt_0444_gedepangrango.png,budak_teuneung_samsoedi_1930.pdf,ᮔ ᮇ ᮔ᮪ <sp> ᮎᮦ ᮊ᮪ <sp> ᮞᮤ <sp> ᮘᮨ ᮌᮥ,11,"""Naon?"" cék Si Begu.",gedepangrango
budak_teuneung_fonts/bt_0445_gedepangrango.png,budak_teuneung_samsoedi_1930.pdf,ᮘ ᮛᮥ ᮊ᮪ <sp> ᮍ ᮔ᮪ <sp> ᮒᮤ ᮜᮥ <sp> ᮛ ᮒᮥ ᮞ᮪ <sp> ᮕᮥ ᮔ᮪ ᮏᮥ ᮜ᮪ <sp> ᮞ ᮛᮤᮀ ᮌᮤ ᮒ᮪,23,"""Baruk ngan tilu ratus punjul saringgit?",gedepangrango
budak_teuneung_fonts/bt_0446_gedepangrango.png,budak_teuneung_samsoedi_1930.pdf,ᮔ ᮠ <sp> ᮙ ᮔ <sp> ᮃ ᮛᮤ <sp> ᮅ ᮃᮀ <sp> ᮊᮨᮁ ᮒ ᮞ᮪ ᮔ <sp> ᮄᮂ <sp> ᮃ ᮕ ᮔ᮪ <sp> ᮅ ᮃᮀ <sp> ᮊᮨᮁ ᮒ ᮞ᮪ ᮔ <sp> ᮙᮂ <sp> ᮌᮩ ᮞ᮪ <sp> ᮓᮤ ᮒᮥ ᮊᮩᮁ ᮊᮩ ᮔ᮪ <sp> ᮊ ᮔ <sp> ᮕᮦ ᮛ ᮊ᮪ <sp> ᮓ <sp> ᮘᮤ ᮞᮤ <sp> ᮜᮥ ᮔ᮪ ᮒᮥᮁ <sp> ᮃ ᮛᮤ <sp> ᮊ ᮠᮥ ᮏ ᮔ ᮔ᮪ <sp> ᮃᮂ <sp> ᮘᮧ ᮠᮧᮀ <sp> ᮞᮤ ᮜ ᮄᮀ <sp> ᮙᮂ <sp> ᮎᮦ ᮊ᮪ <sp> ᮞᮤ <sp> ᮘᮨ ᮌᮥ,85,"Naha mana ari uang kertasna?"" ""Ih, apan uang kertasna mah geus ditukeurkeun kana pérak, da bisi luntur ari kahujanan."" ""Ah, bohong silaing mah!"" cék Si Begu.",gedepangrango
budak_teuneung_fonts/bt_0447_gedepangrango.png,budak_teuneung_samsoedi_1930.pdf,ᮃ ᮕ ᮔ᮪ <sp> ᮓᮥ ᮄ ᮒ᮪ <sp> ᮔᮥ <sp> ᮘᮩ ᮔᮀ <sp> ᮑᮧ ᮊᮧ ᮒ᮪ <sp> ᮒᮤ <sp> ᮠ ᮏᮤ <sp> ᮝ ᮞᮤ ᮓ᮪ <sp> ᮇ ᮌᮦ <sp> ᮃ ᮚ <sp> ᮓᮥ ᮃ <sp> ᮛ ᮒᮥ ᮞ᮪ ᮔ <sp> ᮒᮤ <sp> ᮘ ᮘᮂ <sp> ᮜᮤ <sp> ᮃᮀ <sp> ᮜᮩ ᮝᮤᮂ <sp> ᮒᮤ <sp> ᮞ ᮛ ᮒᮥ ᮞ᮪ <sp> ᮊ ᮒ ᮙ᮪ ᮘ ᮠ ᮔ᮪ <sp> ᮊᮥ <sp> ᮜ ᮓᮀ <sp> ᮓ ᮌᮤᮀ <sp> ᮙᮥ ᮔ᮪ ᮓᮤᮀ <sp> ᮒ ᮓᮤ <sp> ᮞ ᮛ ᮒᮥ ᮞ᮪ <sp> ᮜᮤ ᮙ <sp> ᮕᮥ ᮜᮥᮂ <sp> ᮏ ᮓᮤ <sp> ᮈᮀ ᮌᮩ ᮞ᮪ <sp> ᮇ ᮕ ᮒ᮪ <sp> ᮛ ᮒᮥ ᮞ᮪ <sp> ᮜᮤ ᮙ <sp> ᮕᮥ ᮜᮥᮂ <sp> ᮜᮩ ᮝᮤᮂ <sp> ᮍᮧ ᮙᮧᮀ ᮠ <sp> ᮊᮤ ᮒᮥ <sp> ᮒᮦᮂ <sp> ᮞᮤ <sp> ᮘᮨ ᮌᮥ <sp> ᮘ ᮛᮤ <sp> ᮙᮥ ᮔ᮪ ᮎᮨ ᮛᮨᮀ,137,"""Apan duit nu beunang nyokot ti Haji Wasid ogé aya dua ratusna; ti babah Li Ang leuwih ti saratus, katambahan ku ladang daging munding tadi saratus lima puluh, jadi enggeus opat ratus lima puluh leuwih!"" ngomongha kitu téh Si Begu bari muncereng.",gedepangrango
budak_teuneung_fonts/bt_0448_gedepangrango.png,budak_teuneung_samsoedi_1930.pdf,ᮒᮩ <sp> ᮑ ᮠᮧ <sp> ᮓ <sp> ᮔᮥ <sp> ᮓᮤ ᮃ ᮙ᮪ ᮕᮤ ᮠ ᮔ᮪ <sp> ᮊᮥ <sp> ᮓᮦ ᮝᮦ ᮊ᮪ <sp> ᮙᮂ <sp> ᮍ ᮔ᮪ <sp> ᮞ ᮊᮤ ᮉ <sp> ᮊᮤ ᮉ ᮔ <sp> ᮙ ᮔ <sp> ᮊᮤ ᮒᮥ <sp> ᮇ ᮌᮦ <sp> ᮙᮩ ᮛᮩ ᮔ᮪ <sp> ᮓᮤ ᮃ ᮙ᮪ ᮕᮤ ᮠ ᮔ᮪ <sp> ᮊᮥ <sp> ᮞᮤ ᮜ ᮄᮀ <sp> ᮞ ᮝ ᮛᮦᮂ <sp> ᮓᮩ ᮄ <sp> ᮃᮂ <sp> ᮘᮤ ᮞ <sp> ᮘ ᮆ <sp> ᮞᮤ ᮜ ᮄᮀ <sp> ᮙᮂ <sp> ᮙ ᮜᮤ ᮊ᮪ ᮊᮩ ᮔ᮪ <sp> ᮇ ᮙᮧ ᮍ ᮔ᮪ <sp> ᮒᮦᮂ <sp> ᮎᮦ ᮊ᮪ <sp> ᮞᮤ <sp> ᮘᮨ ᮌᮥ,102,"""Teu nyaho, da nu diampihan ku déwék mah, ngan sakieu-kieuna, mana kitu ogé meureun diampihan ku silaing sawaréh deui!"" ""Ah, bisa baé silaing mah malikkeun omongan téh,"" cék Si Begu.",gedepangrango
budak_teuneung_fonts/bt_0449_gedepangrango.png,budak_teuneung_samsoedi_1930.pdf,ᮙᮥ ᮔ᮪ <sp> ᮓᮤ ᮛ ᮝ ᮒ ᮔ᮪ <sp> ᮊᮥ <sp> ᮓᮦ ᮝᮦ ᮊ᮪ <sp> ᮙᮂ <sp> ᮃ ᮒᮥᮂ <sp> ᮕᮤ ᮛ ᮊᮥ <sp> ᮓᮦ ᮝᮦ ᮊ᮪ <sp> ᮔ ᮑ ᮊᮩ ᮔ᮪ <sp> ᮊ <sp> ᮞᮤ ᮜ ᮄᮀ <sp> ᮃ ᮒᮥᮂ <sp> ᮓ <sp> ᮈ ᮑ <sp> ᮓᮦ ᮝᮦ ᮊ᮪ <sp> ᮙᮂ <sp> ᮒᮩ <sp> ᮑ ᮠᮧ <sp> ᮎᮦ ᮊ᮪ <sp> ᮞᮤ <sp> ᮅ ᮒᮥ ᮔ᮪,66,"""Mun dirawatan ku déwék mah atuh piraku déwék nanyakeun ka silaing?"" ""Atuh da enya déwék mah teu nyaho!"" cék Si Utun.",gedepangrango
budak_teuneung_fonts/bt_0450_gedepangrango.png,budak_teuneung_samsoedi_1930.pdf,ᮎᮤᮀ <sp> ᮓᮦ ᮝᮦ ᮊ᮪ <sp> ᮍ ᮛ ᮙ᮪ ᮕ <sp> ᮞ ᮊᮥ <sp> ᮞᮤ ᮜ ᮄᮀ <sp> ᮎᮦ ᮊ᮪ <sp> ᮞᮤ <sp> ᮘᮨ ᮌᮥ,25,"""Cing, déwék ngarampa saku silaing!"" cék Si Begu.",gedepangrango
budak_teuneung_fonts/bt_0451_gedepangrango.png,budak_teuneung_samsoedi_1930.pdf,ᮠ ᮓᮦ <sp> ᮞᮤ ᮜ ᮄᮀ <sp> ᮍ ᮛ ᮙ᮪ ᮕ ᮃ ᮔ᮪ <sp> ᮃ ᮝ ᮊ᮪ <sp> ᮏᮩᮀ <sp> ᮞ ᮊᮥ <sp> ᮓᮦ ᮝᮦ ᮊ᮪ <sp> ᮒ ᮕᮤ <sp> ᮕᮩ ᮛᮩ ᮕ᮪ <sp> ᮓᮦ ᮝᮦ ᮊ᮪ <sp> ᮃ ᮞ ᮃ ᮔ᮪ <sp> ᮠᮩ ᮜ <sp> ᮎᮦ ᮊ᮪ <sp> ᮞᮤ <sp> ᮅ ᮒᮥ ᮔ᮪ <sp> ᮘ ᮛᮤ <sp> ᮏᮨ ᮊᮥ ᮊ᮪ <sp> ᮔᮧ ᮔ᮪ ᮏᮧ ᮊ᮪ <sp> ᮊ ᮔ <sp> ᮕᮥ ᮠᮥ <sp> ᮎᮩ ᮜᮤ <sp> ᮞᮤ <sp> ᮘᮨ ᮌᮥ <sp> ᮔᮨ ᮕᮤ <sp> ᮊ <sp> ᮍ ᮘᮀ ᮊᮤ ᮉᮀ,90,"""Hadé silaing ngarampaan awak jeung saku déwék, tapi peureup déwék asaan heula!"" cék Si Utun, bari jekuk nonjok kana puhu ceuli Si Begu nepi ka ngabangkieung.",gedepangrango
budak_teuneung_fonts/bt_0452_gedepangrango.png,budak_teuneung_samsoedi_1930.pdf,ᮞᮤ <sp> ᮘᮨ ᮌᮥ <sp> ᮃ ᮙ᮪ ᮘᮨ ᮊᮩ ᮔ᮪ <sp> ᮌ ᮔ᮪ ᮎᮀ <sp> ᮙ ᮜᮨ ᮞ᮪ <sp> ᮔᮧ ᮔ᮪ ᮏᮧ ᮊ᮪ <sp> ᮊ ᮔ <sp> ᮠᮥ ᮜᮥ <sp> ᮃ ᮍᮨ ᮔ᮪ <sp> ᮞᮤ <sp> ᮅ ᮒᮥ ᮔ᮪,39,"Si Begu ambekeun, gancang males nonjok kana hulu angen Si Utun.",gedepangrango
budak_teuneung_fonts/bt_0453_gedepangrango.png,budak_teuneung_samsoedi_1930.pdf,ᮌᮨᮁ <sp> ᮘ ᮆ <sp> ᮌᮨ ᮜᮥ ᮒ᮪ <sp> ᮕ ᮕᮥ ᮊᮨ ᮒ᮪ <sp> ᮞᮤ ᮜᮤᮂ <sp> ᮘᮩ ᮘᮩ ᮒ᮪ ᮊᮩ ᮔ᮪ <sp> ᮞᮤ ᮜᮤᮂ <sp> ᮎᮨ ᮊᮦ ᮊ᮪ <sp> ᮞᮤ ᮜᮤᮂ <sp> ᮛᮦᮀ ᮊ ᮞ᮪ <sp> ᮏᮩᮀ <sp> ᮞᮤ ᮜᮤᮂ <sp> ᮒ ᮙ᮪ ᮕᮤ ᮜᮤᮀ,46,"Ger baé gelut papuket; silih beubeutkeun, silih cekék, silih réngkas jeung silih tampiling.",gedepangrango
budak_teuneung_fonts/bt_0454_gedepangrango.png,budak_teuneung_samsoedi_1930.pdf,ᮞ ᮔ ᮏ ᮔ᮪ <sp> ᮞᮤ <sp> ᮘᮨ ᮌᮥ <sp> ᮜᮩ ᮝᮤᮂ <sp> ᮏᮀ ᮊᮥᮀ <sp> ᮘ ᮒ ᮔ᮪ <sp> ᮞᮤ <sp> ᮅ ᮒᮥ ᮔ᮪ <sp> ᮒ ᮕᮤ <sp> ᮒ ᮔ ᮌ ᮔ <sp> ᮙᮂ <sp> ᮠᮦᮀ ᮊᮦᮁ <sp> ᮘᮥ ᮊ᮪ ᮒᮤ ᮔ <sp> ᮙᮤ ᮔ᮪ ᮓᮨᮀ <sp> ᮊ ᮘᮩ ᮘᮩ ᮒ᮪ ᮊᮩ ᮔ᮪ <sp> ᮃ ᮔ <sp> ᮒ ᮕᮤ <sp> ᮒᮩ <sp> ᮓᮤ ᮛ ᮞ <sp> ᮒᮨ ᮛᮥ ᮞ᮪ <sp> ᮍ ᮜ ᮝ ᮔ᮪ <sp> ᮊᮦ ᮔᮦᮂ <sp> ᮘ ᮆ,81,"Sanajan Si Begu leuwih jangkung batan Si Utun, tapi tanagana mah héngkér, buktina mindeng kabeubeutkeun- ana, tapi teu dirasa, terus ngalawan kénéh baé.",gedepangrango
budak_teuneung_fonts/bt_0455_gedepangrango.png,budak_teuneung_samsoedi_1930.pdf,ᮞᮀ ᮌᮩ ᮞ᮪ <sp> ᮞ ᮝ ᮒ ᮛ <sp> ᮏᮧᮀ ᮏᮧ ᮍ ᮔ᮪ <sp> ᮌᮨ ᮜᮥ ᮒ᮪ ᮔ <sp> ᮞᮤ <sp> ᮘᮨ ᮌᮥ <sp> ᮘᮦ ᮃ ᮊ᮪ <sp> ᮒ ᮔ ᮌ ᮔ <sp> ᮌᮨ ᮘᮥ ᮒ᮪ <sp> ᮓᮤ ᮘᮩ ᮘᮩ ᮒ᮪ ᮊᮩ ᮔ᮪ <sp> ᮊᮥ <sp> ᮞᮤ <sp> ᮅ ᮒᮥ ᮔ᮪ <sp> ᮔᮨ ᮕᮤ <sp> ᮊ <sp> ᮔᮀ <sp> ᮊᮥ ᮘ ᮔ᮪ <sp> ᮒᮩ <sp> ᮘᮤ ᮞ ᮉ ᮔ᮪ <sp> ᮠᮥ ᮓᮀ <sp> ᮓᮩ ᮄ <sp> ᮒ ᮊ᮪ ᮞᮤ ᮛ ᮔ᮪ <sp> ᮙᮂ <sp> ᮊ ᮕ ᮆᮂ <sp> ᮃ ᮔ᮪,90,"Sanggeus sawatara jongjongan gelutna, Si Begu béak tanagana, gebut dibeubeutkeun ku Si Utun nepi ka nang- kuban teu bisaeun hudang deui, taksiran mah kapaéh- an.",gedepangrango
budak_teuneung_fonts/bt_0456_gedepangrango.png,budak_teuneung_samsoedi_1930.pdf,ᮠ ᮚᮧᮂ <sp> ᮞᮤ ᮃ <sp> ᮌᮩ ᮛ <sp> ᮍ ᮜ ᮝ ᮔ᮪ <sp> ᮊ ᮛ ᮞ <sp> ᮎᮦ ᮊ᮪ <sp> ᮞᮤ <sp> ᮅ ᮒᮥ ᮔ᮪ <sp> ᮍᮧ ᮙᮧᮀ ᮔ <sp> ᮍ ᮠᮦ ᮌ ᮊ᮪ <sp> ᮏᮩᮀ <sp> ᮞᮥ ᮍᮥ ᮒ᮪ ᮔ <sp> ᮑᮨ ᮍᮤᮁ <sp> ᮘ ᮝ ᮔᮤᮀ <sp> ᮊᮥ <sp> ᮞᮥ ᮊ,54,"""Hayoh, sia geura ngalawan, karasa?"" cék Si Utun, ngomongna ngahégak jeung sungutna nyengir bawaning ku suka.",gedepangrango
budak_teuneung_fonts/bt_0457_gedepangrango.png,budak_teuneung_samsoedi_1930.pdf,ᮑ <sp> ᮃ ᮚᮩ ᮔ <sp> ᮞᮤ ᮃ <sp> ᮙᮧ ᮓᮁ <sp> ᮒᮦᮂ <sp> ᮞᮀ ᮌᮩ ᮞ᮪ <sp> ᮍᮧ ᮙᮧᮀ <sp> ᮊᮤ ᮒᮥ <sp> ᮞᮤ <sp> ᮘᮨ ᮌᮥ <sp> ᮓᮤ ᮌᮥ ᮞᮥᮁ <sp> ᮊ <sp> ᮞᮤ ᮞᮤ <sp> ᮎ ᮄ,40,"""Nya ayeuna sia modar téh!"" Sanggeus ngomong kitu, Si Begu digusur ka Sisi cai.",gedepangrango
budak_teuneung_fonts/bt_0458_gedepangrango.png,budak_teuneung_samsoedi_1930.pdf,ᮘ ᮛᮀ <sp> ᮞᮤ <sp> ᮝᮁ ᮏᮤ <sp> ᮔᮦ ᮔ᮪ ᮏᮧ <sp> ᮕᮨ ᮒ <sp> ᮞᮤ <sp> ᮅ ᮒᮥ ᮔ᮪ <sp> ᮊᮤ ᮒᮥ <sp> ᮓᮤ ᮔ <sp> ᮕᮤ ᮊᮤᮁ ᮔ <sp> ᮌᮩ ᮞ᮪ <sp> ᮒᮩ <sp> ᮞ ᮊ᮪ <sp> ᮓᮩ ᮄ <sp> ᮚᮦ ᮔ᮪ <sp> ᮞᮤ <sp> ᮘᮨ ᮌᮥ <sp> ᮛᮦ ᮊ᮪ <sp> ᮓᮤ ᮕ ᮜᮤ ᮓ᮪ ᮊᮩ ᮔ᮪ <sp> ᮊ <sp> ᮝ <sp> ᮜᮥ ᮍ ᮔ᮪,67,"Barang Si Warji nénjo peta Si Utun kitu, dina pikirna geus teu sak deui yén Si Begu rék dipalidkeun ka wa- lungan.",gedepangrango
budak_teuneung_fonts/bt_0459_gedepangrango.png,budak_teuneung_samsoedi_1930.pdf,ᮃ ᮒᮥᮂ <sp> ᮌ ᮔ᮪ ᮎᮀ <sp> ᮘ ᮆ <sp> ᮊᮥ <sp> ᮞᮤ <sp> ᮝᮁ ᮏᮤ <sp> ᮓᮤ ᮘᮧ ᮛᮧ <sp> ᮍ ᮔ᮪ <sp> ᮞ ᮊᮧ <sp> ᮜᮦ ᮕ ᮒ᮪ <sp> ᮕᮤ ᮞ ᮔ᮪ <sp> ᮞᮤ <sp> ᮅ ᮒᮥ ᮔ᮪ <sp> ᮌᮩ ᮞ᮪ <sp> ᮊ ᮒᮦ ᮝ ᮊ᮪ <sp> ᮜᮩ ᮍᮩ ᮔ᮪ ᮔ <sp> ᮒᮨ ᮛᮥ ᮞ᮪ <sp> ᮓᮤ ᮒ <sp> ᮜᮤ ᮊᮥᮀ <sp> ᮓᮤ ᮊ ᮒᮥ ᮊᮀ ᮊᮩ ᮔ᮪,70,"Atuh gancang baé ku Si Warji diboro, ngan sako- lépat pisan Si Utun geus katéwak leungeunna terus dita- likung dikatukangkeun.",gedepangrango
budak_teuneung_fonts/bt_0460_gedepangrango.png,budak_teuneung_samsoedi_1930.pdf,ᮠ ᮚᮧᮂ <sp> ᮞᮤ ᮃ <sp> ᮌᮩ ᮛ <sp> ᮙᮨ ᮒ <sp> ᮎᮦ ᮊ᮪ <sp> ᮞᮤ <sp> ᮝᮁ ᮏᮤ,19,"""Hayoh sia geura meta!"" cék Si Warji.",gedepangrango
budak_teuneung_fonts/bt_0461_gedepangrango.png,budak_teuneung_samsoedi_1930.pdf,ᮛᮦ ᮊ᮪ <sp> ᮓᮤ ᮊ ᮙ ᮔ <sp> ᮊᮩ ᮔ᮪ <sp> ᮊᮥ <sp> ᮞᮤ ᮃ <sp> ᮆ ᮒ <sp> ᮘ ᮒᮥᮁ <sp> ᮞᮤ ᮃ <sp> ᮒᮦᮂ <sp> ᮞ ᮠ <sp> ᮞᮤ ᮜ ᮄᮀ <sp> ᮒᮦᮂ,35,"""Rék dikamana- keun ku sia éta batur sia téh?"" ""Saha silaing téh?",gedepangrango
budak_teuneung_fonts/bt_0462_gedepangrango.png,budak_teuneung_samsoedi_1930.pdf,ᮔ ᮠ <sp> ᮊᮥ ᮙ ᮝ ᮔᮤ <sp> ᮍ ᮠ ᮜ ᮍ ᮔ᮪ <sp> ᮙ ᮊ᮪ <sp> ᮞᮥ ᮓ᮪ <sp> ᮓᮦ ᮝᮦ ᮊ᮪,23,Naha kumawani ngahalangan mak- sud déwék?,gedepangrango
budak_teuneung_fonts/bt_0463_gedepangrango.png,budak_teuneung_samsoedi_1930.pdf,ᮞᮤ ᮜ ᮄᮀ <sp> ᮒᮦᮂ <sp> ᮞᮧ ᮘ ᮒ᮪ <sp> ᮞᮤ <sp> ᮘᮨ ᮌᮥ <sp> ᮎᮦ ᮊ᮪ <sp> ᮞᮤ <sp> ᮅ ᮒᮥ ᮔ᮪ <sp> ᮘ ᮛᮤ <sp> ᮌᮥ ᮌᮥ ᮛᮤ ᮔ᮪ ᮏ ᮜ ᮔ᮪ <sp> ᮠ ᮚᮀ <sp> ᮜᮦ ᮞᮧ ᮒ᮪ <sp> ᮒᮤ ᮔ <sp> ᮕ ᮑᮨ ᮊᮨ ᮜ᮪ <sp> ᮞᮤ <sp> ᮝᮁ ᮏᮤ,54,"Silaing téh sobat Si Begu?"" cék Si Utun bari gugurinjalan hayang lésot tina panyekel Si Warji.",gedepangrango
budak_teuneung_fonts/bt_0464_gedepangrango.png,budak_teuneung_samsoedi_1930.pdf,ᮓᮦ ᮝᮦ ᮊ᮪ <sp> ᮜ ᮄ ᮔ᮪ <sp> ᮞᮧ ᮘ ᮒ᮪ <sp> ᮞᮤ <sp> ᮘᮨ ᮌᮥ <sp> ᮓᮦ ᮝᮦ ᮊ᮪ <sp> ᮒᮩ <sp> ᮝ ᮝᮥᮂ <sp> ᮏᮩᮀ <sp> ᮏᮥ ᮛᮥ ᮏ ᮔ <sp> ᮎᮦ ᮊ᮪ <sp> ᮞᮤ <sp> ᮝᮁ ᮏᮤ,40,"""Déwék lain sobat Si Begu, déwék teu wawuh jeung jurujana,"" cék Si Warji.",gedepangrango
budak_teuneung_fonts/bt_0465_gedepangrango.png,budak_teuneung_samsoedi_1930.pdf,ᮞᮤ ᮜ ᮄᮀ <sp> ᮒᮦᮂ <sp> ᮠ ᮚᮀ <sp> ᮑ ᮠᮧ <sp> ᮍ ᮛ ᮔ᮪ <sp> ᮓᮦ ᮝᮦ ᮊ᮪,19,"""Silaing téh hayang nyaho ngaran déwék?",gedepangrango
budak_teuneung_fonts/bt_0466_gedepangrango.png,budak_teuneung_samsoedi_1930.pdf,ᮓᮦ ᮝᮦ ᮊ᮪ <sp> ᮞᮤ <sp> ᮝᮁ ᮏᮤ <sp> ᮒᮦ ᮃ <sp> ᮙᮥ ᮞᮥᮂ <sp> ᮌᮨ ᮛᮧ ᮒ᮪ <sp> ᮞᮤ ᮜ ᮄᮀ <sp> ᮘ ᮛᮀ <sp> ᮍ ᮓᮦ ᮍᮦ <sp> ᮇ ᮙᮧᮀ <sp> ᮞᮤ <sp> ᮝᮁ ᮏᮤ <sp> ᮊᮤ ᮒᮥ <sp> ᮜᮨ ᮊᮨ ᮒᮨ ᮚ᮪ <sp> ᮘ ᮆ <sp> ᮃ ᮝ ᮊ᮪ <sp> ᮞᮤ <sp> ᮅ ᮒᮥ ᮔ᮪ <sp> ᮜᮩ ᮜᮩ ᮞ᮪ <sp> ᮏᮩᮀ <sp> ᮍ ᮓ ᮛᮦ ᮌ᮪ ᮓᮦ ᮌ᮪ <sp> ᮓ <sp> ᮙᮦ ᮙᮀ <sp> ᮒᮤ <sp> ᮘ ᮠᮩ ᮜ <sp> ᮇ ᮌᮦ <sp> ᮙ ᮔᮦᮂ ᮔ <sp> ᮒᮦᮂ <sp> ᮒ ᮜᮥ ᮊ᮪ <sp> ᮃ ᮛᮤ <sp> ᮊ <sp> ᮞᮤ <sp> ᮝᮁ ᮏᮤ <sp> ᮙᮂ <sp> ᮞ ᮘ ᮘ᮪ <sp> ᮌᮩ ᮞ᮪ <sp> ᮑ ᮠᮧ <sp> ᮊ ᮔ <sp> ᮝ ᮝ ᮔᮦ ᮔ᮪ ᮔ <sp> ᮏᮩᮀ <sp> ᮒ ᮔ ᮌ ᮔ,133,"Déwék Si Warji téa, musuh gerot silaing!"" Barang ngadéngé omong Si Warji kitu, leketey baé awak Si Utun leuleus jeung ngadarégdég, da mémang ti baheula ogé, manéhna téh taluk ari ka Si Warji mah, sabab geus nyaho kana wawanénna jeung tanagana.",gedepangrango
budak_teuneung_fonts/bt_0467_gedepangrango.png,budak_teuneung_samsoedi_1930.pdf,ᮈᮂ <sp> ᮝᮁ ᮏᮤ <sp> ᮎᮦ ᮊ᮪ <sp> ᮞᮤ <sp> ᮅ ᮒᮥ ᮔ᮪ <sp> ᮘ ᮛᮤ <sp> ᮍ ᮜᮨ ᮍᮤ ᮞ᮪,21,"""Eh, Warji!"" cék Si Utun bari ngalengis.",gedepangrango
budak_teuneung_fonts/bt_0468_gedepangrango.png,budak_teuneung_samsoedi_1930.pdf,ᮃ ᮙ᮪ ᮕᮥ ᮔ᮪ <sp> ᮓᮦ <sp> ᮝᮦ ᮊ᮪ <sp> ᮒᮦᮂ <sp> ᮉ ᮚ᮪,14,"""Ampun dé- wék téh euy!",gedepangrango
budak_teuneung_fonts/bt_0469_gedepangrango.png,budak_teuneung_samsoedi_1930.pdf,ᮕᮧ ᮙ <sp> ᮊᮥ <sp> ᮞᮤ ᮜ ᮄᮀ <sp> ᮅ ᮜᮂ <sp> ᮓᮤ ᮜ ᮕᮧᮁ ᮊᮩ ᮔ᮪ <sp> ᮞᮤ ᮜ ᮄᮀ <sp> ᮅ ᮜᮂ <sp> ᮎᮥ ᮛᮥ ᮒ <sp> ᮎ ᮛᮤ ᮒ <sp> ᮚᮦ ᮔ᮪ <sp> ᮓᮦ ᮝᮦ ᮊ᮪ <sp> ᮃ ᮚ <sp> ᮓᮤ <sp> ᮓᮤ ᮉ,47,Poma ku silaing ulah dilaporkeun; silaing ulah curuta-carita yén déwék aya di dieu.,gedepangrango
budak_teuneung_fonts/bt_0470_gedepangrango.png,budak_teuneung_samsoedi_1930.pdf,ᮞᮤᮀ <sp> ᮊ ᮛᮥ ᮑ <sp> ᮘ ᮆ <sp> ᮊ <sp> ᮓᮦ ᮝᮦ ᮊ᮪ <sp> ᮉ ᮚ᮪ <sp> ᮓᮦ ᮝᮦ ᮊ᮪ <sp> ᮒᮦᮂ <sp> ᮌᮩ ᮞ᮪ <sp> ᮕ ᮠ ᮒᮥ <sp> ᮜ ᮜᮤ ᮞ᮪ <sp> ᮒᮩ <sp> ᮓᮥ ᮜᮥᮁ <sp> ᮒᮩ <sp> ᮘ ᮛ ᮚ <sp> ᮆ ᮞ᮪ ᮒᮥ <sp> ᮔᮥᮀ ᮌᮨ ᮜᮤ ᮞ᮪ <sp> ᮒ ᮚ <sp> ᮌᮩ ᮞ ᮔ᮪ <sp> ᮞ ᮜᮤ ᮔ᮪ ᮓᮥ ᮍ ᮔᮩ ᮔ᮪ <sp> ᮙᮩ ᮌᮩ ᮞ᮪ <sp> ᮒᮧᮀ <sp> ᮜᮧ ᮘ <sp> ᮅ ᮎ ᮕ᮪ <sp> ᮎᮦ ᮊ᮪ <sp> ᮞᮤ <sp> ᮝᮁ ᮏᮤ,90,"Sing karunya baé ka déwék, euy déwék téh geus pahatu lalis, teu dulur teu baraya, éstu nunggelis taya geusan salindunganeun!"" ""Meugeus, tong loba ucap!"" cék Si Warji.",gedepangrango
budak_teuneung_fonts/bt_0471_gedepangrango.png,budak_teuneung_samsoedi_1930.pdf,ᮔ <sp> ᮓᮤ ᮊᮤ ᮛ <sp> ᮊᮥ <sp> ᮞᮤ ᮜ ᮄᮀ <sp> ᮓᮦ ᮝᮦ ᮊ᮪ <sp> ᮒᮦᮂ <sp> ᮘᮩ ᮔᮀ <sp> ᮓᮤ ᮞ ᮛᮥ ᮃ ᮊᮩ ᮔ᮪ <sp> ᮏᮩᮀ <sp> ᮞᮤ <sp> ᮘᮨ ᮌᮥ <sp> ᮘᮩ ᮔᮀ <sp> ᮓᮤ ᮘ ᮝ <sp> ᮞ ᮄ ᮜᮧ ᮔ᮪ <sp> ᮈᮂ <sp> ᮏᮤ,50,"""Na dikira ku silaing déwék téh beunang disaruakeun jeung Si Begu, beunang dibawa sailon?"" ""Eh, Ji!",gedepangrango
budak_teuneung_fonts/bt_0472_gedepangrango.png,budak_teuneung_samsoedi_1930.pdf,ᮎᮤᮀ <sp> ᮞᮤᮀ <sp> ᮊ ᮛᮥ ᮑ <sp> ᮘ ᮆ <sp> ᮊ <sp> ᮓᮦ ᮝᮦ ᮊ᮪ <sp> ᮉ ᮚ᮪,19,"Cing sing karunya baé ka déwék, euy!",gedepangrango
budak_teuneung_fonts/bt_0473_gedepangrango.png,budak_teuneung_samsoedi_1930.pdf,ᮙᮥ ᮔ᮪ <sp> ᮞᮤ ᮜ ᮄᮀ <sp> ᮓ ᮆ ᮊ᮪ <sp> ᮔᮥ ᮒᮥ ᮕ᮪ <sp> ᮛ ᮞᮤ ᮃᮂ <sp> ᮓᮦ ᮝᮦ ᮊ᮪ <sp> ᮊᮧ ᮕ᮪ <sp> ᮒᮂ <sp> ᮎᮧ ᮊᮧ ᮒ᮪ <sp> ᮓᮥ ᮄ ᮒ᮪ <sp> ᮒᮤ ᮜᮥ <sp> ᮛ ᮒᮥ ᮞ᮪ <sp> ᮕᮦ ᮛ ᮊ᮪ <sp> ᮏᮀ <sp> ᮞᮤ ᮜ ᮄᮀ <sp> ᮘᮧ ᮛᮧ <sp> ᮘᮧ ᮛᮧ <sp> ᮞᮨ ᮙᮨ ᮒ᮪ <sp> ᮓᮥ ᮄ ᮒ᮪ <sp> ᮒᮤ ᮜᮥ <sp> ᮛ ᮒᮥ ᮞ᮪ <sp> ᮕᮦ ᮛ ᮊ᮪ <sp> ᮓ ᮜᮂ <sp> ᮞ ᮛᮦ ᮘᮥ <sp> ᮊ ᮜᮤ ᮉ ᮔ ᮔ <sp> ᮇ ᮌᮦ <sp> ᮓᮦ ᮝᮦ ᮊ᮪ <sp> ᮒᮩ <sp> ᮞᮥ ᮓᮤ <sp> ᮍ ᮛ ᮝ ᮒ ᮔ᮪ <sp> ᮘ ᮛᮀ <sp> ᮌᮨ <sp> ᮜ ᮕ᮪ <sp> ᮘ ᮛᮀ <sp> ᮠ ᮛ ᮙ᮪ <sp> ᮍᮧ ᮙᮧᮀ ᮔ <sp> ᮊᮤ ᮒᮥ <sp> ᮒᮦᮂ <sp> ᮞᮤ <sp> ᮝᮁ ᮏᮤ <sp> ᮘ ᮛᮤ <sp> ᮌ ᮔ᮪ ᮎᮀ <sp> ᮍ ᮘ ᮛᮧ ᮌᮧ ᮓ᮪ <sp> ᮜᮩ ᮍᮩ ᮔ᮪ <sp> ᮞᮤ <sp> ᮅ ᮒᮥ ᮔ᮪ <sp> ᮊᮥ <sp> ᮘᮩ ᮘᮩᮁ ᮔ <sp> ᮔᮨ ᮕᮤ <sp> ᮊ <sp> ᮕ ᮌᮩᮂ <sp> ᮕᮤ ᮞ ᮔ᮪,178,"Mun silaing daék nutup rasiah déwék, kop tah cokot duit tilu ratus pérak, jang silaing!"" ""Boro-boro semet duit tilu ratus pérak, dalah sarébu kalieunana ogé, déwék teu sudi ngarawatan barang ge- lap, barang haram!"" ngomongna kitu téh Si Warji bari gancang ngabarogod leungeun Si Utun ku beubeurna, nepi ka pageuh pisan.",gedepangrango
budak_teuneung_fonts/bt_0474_gedepangrango.png,budak_teuneung_samsoedi_1930.pdf,ᮃ ᮛᮤ <sp> ᮞᮤ <sp> ᮘᮨ ᮌᮥ <sp> ᮘ ᮛᮀ <sp> ᮊᮥ <sp> ᮞᮤ <sp> ᮝᮁ ᮏᮤ <sp> ᮓᮤ ᮞ ᮙ᮪ ᮕᮩᮁ ᮊᮩ ᮔ᮪ <sp> ᮘᮨ ᮒ᮪ <sp> ᮒᮩ <sp> ᮈ ᮙ᮪ ᮕᮦ ᮞ᮪ <sp> ᮈ ᮙ᮪ ᮕᮦ ᮞ᮪ <sp> ᮍ ᮏᮨᮂ ᮏᮨᮁ <sp> ᮊᮦ ᮔᮦᮂ <sp> ᮘ ᮆ,49,"Ari Si Begu, barang ku Si Warji disampeurkeun, bet teu empés-empés, ngajehjer kénéh baé.",gedepangrango
budak_teuneung_fonts/bt_0475_gedepangrango.png,budak_teuneung_samsoedi_1930.pdf,ᮒᮥ ᮜᮥ ᮚ᮪ <sp> ᮊᮥ <sp> ᮙ ᮔᮦᮂ <sp> ᮔ <sp> ᮓᮤ ᮕᮀ ᮊᮥ <sp> ᮓᮤ ᮕᮀ ᮌᮥ ᮜ᮪ ᮊᮩ ᮔ᮪ <sp> ᮊ ᮔ <sp> ᮒ ᮊ᮪ ᮒ ᮊ᮪ <sp> ᮞᮤ <sp> ᮅ ᮒᮥ ᮔ᮪ <sp> ᮌᮩ ᮞ᮪ <sp> ᮊᮤ ᮒᮥ <sp> ᮒᮨ ᮛᮥ ᮞ᮪ <sp> ᮓᮤ ᮌᮤ ᮛᮤᮀ ᮊᮩ ᮔ᮪ <sp> ᮊ <sp> ᮊ ᮎ ᮙ ᮒ ᮔ᮪,59,"Tuluy ku manéh- na dipangku, dipanggulkeun kana taktak Si Utun, geus kitu terus digiringkeun ka kacamatan.",gedepangrango
budak_teuneung_fonts/bt_0476_gedepangrango.png,budak_teuneung_samsoedi_1930.pdf,ᮃ ᮛᮤ <sp> ᮓᮥ ᮄ ᮒ᮪ <sp> ᮘᮩ ᮔᮀ <sp> ᮙ ᮜᮤᮀ <sp> ᮒᮦ ᮃ <sp> ᮓᮤ ᮌᮦ ᮙ᮪ ᮘᮧ ᮜ᮪ <sp> ᮊᮥ <sp> ᮞᮤ <sp> ᮝᮁ ᮏᮤ <sp> ᮘ ᮛᮤ ᮞ᮪ <sp> ᮓᮤ ᮏᮤ ᮉ ᮔ᮪ <sp> ᮘᮥ ᮊ᮪ ᮒᮤ,41,"Ari duit beunang maling téa, digémbol ku Si Warji, baris dijieun bukti.",gedepangrango
budak_teuneung_fonts/bt_0477_gedepangrango.png,budak_teuneung_samsoedi_1930.pdf,ᮊᮤ ᮛ <sp> ᮊᮤ ᮛ <sp> ᮕᮥ ᮊᮥ ᮜ᮪ <sp> ᮒᮥ ᮏᮥᮂ <sp> ᮄ ᮞᮥ ᮊ᮪ <sp> ᮄ ᮞᮥ ᮊ᮪ <sp> ᮃ ᮙ᮪ ᮘᮣᮤ <sp> ᮝᮁ ᮏᮤ <sp> ᮓ ᮒᮀ <sp> ᮊ <sp> ᮘᮥ ᮙᮤ <sp> ᮏᮥ ᮛ ᮌ ᮔ᮪ <sp> ᮜᮥ ᮛᮂ <sp> ᮔ ᮑ ᮊᮩ ᮔ᮪ <sp> ᮞᮤ <sp> ᮝᮁ ᮏᮤ <sp> ᮓ ᮒᮀ <sp> ᮠᮨ ᮔ᮪ <sp> ᮒᮩ ᮔ <sp> ᮛᮦᮂ <sp> ᮞ ᮕᮩ ᮒᮤᮀ <sp> ᮒ ᮓᮤ <sp> ᮒ ᮚ <sp> ᮓᮤ <sp> ᮄ ᮙᮂ,79,"Kira-kira pukul tujuh isuk-isuk Ambli Warji datang ka bumi Juragan Lurah, nanyakeun Si Warji datang-hen- teuna, réh sapeuting tadi taya di imah.",gedepangrango
budak_teuneung_fonts/bt_0478_gedepangrango.png,budak_teuneung_samsoedi_1930.pdf,ᮏᮥ ᮛ ᮌ ᮔ᮪ <sp> ᮊᮥ ᮙ ᮠ <sp> ᮕᮥ ᮔ᮪ <sp> ᮃ ᮔ ᮊ᮪ <sp> ᮒᮦᮂ <sp> ᮌᮩ ᮞ᮪ <sp> ᮓᮧᮀ ᮊ ᮕ᮪,24,"""Juragan, kumaha pun anak téh geus dongkap?",gedepangrango
budak_teuneung_fonts/bt_0479_gedepangrango.png,budak_teuneung_samsoedi_1930.pdf,ᮜᮂ <sp> ᮃ ᮘ᮪ ᮓᮤ <sp> ᮊᮥ <sp> ᮙᮨ ᮜᮀ <sp> ᮎᮦ ᮊ᮪ <sp> ᮃ ᮙ᮪ ᮘᮥ <sp> ᮝᮁ ᮏᮤ,20,"Lah, abdi ku melang!"" cék Ambu Warji.",gedepangrango
budak_teuneung_fonts/bt_0480_gedepangrango.png,budak_teuneung_samsoedi_1930.pdf,ᮈ ᮙ᮪ ᮘᮧ ᮊ᮪ <sp> ᮞ ᮅᮁ <sp> ᮏᮥ ᮛ ᮌ ᮔ᮪ <sp> ᮜᮥ ᮛᮂ,15,"""Embok!"" saur Juragan Lurah.",gedepangrango
budak_teuneung_fonts/bt_0481_gedepangrango.png,budak_teuneung_samsoedi_1930.pdf,ᮠ ᮜ᮪ <sp> ᮊ ᮙᮨ ᮜᮀ <sp> ᮈ ᮙ᮪ ᮘᮧ ᮊ᮪ <sp> ᮊ <sp> ᮞᮤ <sp> ᮃ ᮏᮤ <sp> ᮑ <sp> ᮙᮧ ᮃ ᮜ᮪ <sp> ᮘᮦ ᮓ <sp> ᮒᮤ <sp> ᮊᮥ ᮜ <sp> ᮒ ᮕᮤ <sp> ᮊᮥ ᮜ <sp> ᮔᮀ ᮌᮥᮀ <sp> ᮙᮧ ᮃ ᮜ᮪ <sp> ᮃ ᮚ <sp> ᮊᮤ ᮒᮥ <sp> ᮊᮤ ᮉ,54,"""Hal kamelang Embok ka Si Aji, nya moal béda ti kula, tapi kula nanggung, moal aya kitu-kieu.",gedepangrango
budak_teuneung_fonts/bt_0482_gedepangrango.png,budak_teuneung_samsoedi_1930.pdf,ᮒ ᮊ᮪ ᮞᮤ ᮛ ᮔ᮪ <sp> ᮊᮥ ᮜ <sp> ᮙᮂ <sp> ᮒᮨ ᮛᮥ ᮞ᮪ <sp> ᮙᮧ ᮔ᮪ ᮓᮧ ᮊ᮪ <sp> ᮓᮤ <sp> ᮊ ᮎ <sp> ᮙ ᮒ ᮔ᮪ <sp> ᮛᮦᮂ <sp> ᮕᮩ ᮒᮤᮀ <sp> ᮒ ᮓᮤ <sp> ᮠᮥ ᮏ ᮔ᮪ <sp> ᮞ ᮊᮤ ᮒᮥ <sp> ᮌᮨ ᮓᮦ ᮔ <sp> ᮒ ᮚ <sp> ᮕᮨ ᮒ ᮔ <sp> ᮘᮤ ᮞ <sp> ᮘ ᮜᮤ ᮊ᮪ <sp> ᮊ ᮊ ᮛ <sp> ᮇ ᮌᮦ <sp> ᮏᮥ ᮛ ᮌ ᮔ᮪ <sp> ᮜᮥ ᮛᮂ <sp> ᮉ ᮛᮩ ᮔ᮪ <sp> ᮞ ᮞ ᮅ ᮛ ᮔ ᮔ <sp> ᮏᮨ ᮘᮥ ᮜ᮪ <sp> ᮞᮤ <sp> ᮝᮁ ᮏᮤ <sp> ᮓ ᮒᮀ,100,"Taksiran kula mah terus mondok di kaca- matan, réh peuting tadi hujan sakitu gedéna, taya petana bisa balik."" Kakara ogé Juragan Lurah eureun sasauranana, jebul Si Warji datang.",gedepangrango
budak_teuneung_fonts/bt_0483_gedepangrango.png,budak_teuneung_samsoedi_1930.pdf,ᮒᮂ <sp> ᮌᮩ ᮔᮤᮀ <sp> ᮓ ᮒᮀ,7,"""Tah geuning datang!",gedepangrango
budak_teuneung_fonts/bt_0484_gedepangrango.png,budak_teuneung_samsoedi_1930.pdf,ᮔ ᮠ <sp> ᮙ ᮊᮦ <sp> ᮒᮨ ᮛᮥ ᮞ᮪ <sp> ᮙᮩ ᮒᮤᮀ <sp> ᮉ ᮚ᮪,15,"Naha maké terus meuting, euy?",gedepangrango
budak_teuneung_fonts/bt_0485_gedepangrango.png,budak_teuneung_samsoedi_1930.pdf,ᮞᮤ ᮜ ᮄᮀ <sp> ᮙᮂ <sp> ᮘᮨ ᮒ᮪ <sp> ᮑᮤ ᮃᮁ <sp> ᮑᮤ ᮃᮁ <sp> ᮕᮤ ᮊ ᮙᮨ ᮜ ᮍ ᮔ᮪ <sp> ᮞᮥ ᮙᮥ ᮠᮥ ᮔ᮪ <sp> ᮞᮨ ᮏ <sp> ᮑᮀ ᮌ ᮊᮩ ᮔ᮪ <sp> ᮘᮨ ᮘᮨ ᮔ᮪ ᮓᮥ <sp> ᮘ ᮆ <sp> ᮎᮦ ᮊ᮪ <sp> ᮞᮤ <sp> ᮝᮁ ᮏᮤ,50,"Silaing mah bet nyiar-nyiar pikamelangan!"" ""Sumuhun, seja nyanggakeun bebendu baé,"" cék Si Warji.",gedepangrango
budak_teuneung_fonts/bt_0486_gedepangrango.png,budak_teuneung_samsoedi_1930.pdf,ᮔᮥ <sp> ᮙ ᮝᮤ <sp> ᮒᮩ <sp> ᮒᮤ ᮃ ᮞ <sp> ᮒᮨ ᮛ ᮞ᮪ <sp> ᮝᮀ ᮞᮥ ᮜ᮪ <sp> ᮝᮨ ᮍᮤ <sp> ᮝᮨ ᮍᮤ <sp> ᮒᮦᮂ <sp> ᮙᮁ ᮌᮤ <sp> ᮊ ᮕᮨ ᮌ ᮒ᮪ <sp> ᮎ ᮃᮂ <sp> ᮝ ᮔ᮪ ᮒᮥ ᮔᮤᮀ <sp> ᮠᮥ ᮏ ᮔ᮪ <sp> ᮞ ᮊᮤ ᮒᮥ <sp> ᮍ <sp> ᮌᮨ ᮘᮢᮦ ᮒ᮪ ᮔ,57,"""Nu mawi teu tiasa teras wangsul wengi-wengi téh, margi kapegat caah, wantuning hujan sakitu nga- gebrétna.",gedepangrango
budak_teuneung_fonts/bt_0487_gedepangrango.png,budak_teuneung_samsoedi_1930.pdf,ᮔ ᮍᮤᮀ <sp> ᮃ ᮚ <sp> ᮅ ᮔ᮪ ᮒᮥᮀ ᮔ <sp> ᮃ ᮘ᮪ ᮓᮤ <sp> ᮊ ᮕᮨ ᮌ ᮒ᮪ <sp> ᮎ ᮃᮂ <sp> ᮒᮦᮂ <sp> ᮓᮨ ᮛᮨ ᮊ᮪ ᮓᮨ ᮊ᮪ <sp> ᮊᮥ <sp> ᮞᮤ <sp> ᮝᮁ ᮏᮤ <sp> ᮓᮤ ᮎ ᮛᮤ ᮒ ᮊᮩ ᮔ᮪ <sp> ᮒᮤ <sp> ᮙᮤ ᮙᮤ ᮒᮤ <sp> ᮊ ᮕᮨ ᮌ ᮒ᮪ <sp> ᮎ ᮃᮂ <sp> ᮔᮨ ᮕᮤ <sp> ᮊ <sp> ᮔᮀ ᮊᮨ ᮕ᮪ <sp> ᮞᮤ <sp> ᮅ ᮒᮥ ᮔ᮪ <sp> ᮞᮁ ᮒ <sp> ᮒᮨ ᮛᮥ ᮞ᮪ <sp> ᮓᮤ ᮕ ᮞᮢᮂ ᮊᮩ ᮔ᮪ <sp> ᮊ <sp> ᮊ ᮎ ᮙ ᮒ ᮔ᮪,94,"Nanging aya untungna abdi kapegat caah téh."" Derekdek ku Si Warji dicaritakeun, ti mimiti kapegat caah, nepi ka nangkep Si Utun, sarta terus dipasrahkeun ka kacamatan.",gedepangrango
budak_teuneung_fonts/bt_0488_gedepangrango.png,budak_teuneung_samsoedi_1930.pdf,ᮃ ᮝ ᮠᮤᮀ <sp> ᮊᮥ <sp> ᮘᮥ ᮍᮂ <sp> ᮏᮥ ᮛ ᮌ ᮔ᮪ <sp> ᮜᮥ ᮛᮂ <sp> ᮔᮨ ᮕᮤ <sp> ᮊ <sp> ᮒᮩ <sp> ᮒᮤ ᮃ ᮞ <sp> ᮉ ᮔ᮪ <sp> ᮞ ᮞ ᮅ ᮛ ᮔ᮪ <sp> ᮕ ᮔ᮪ ᮏᮀ <sp> ᮕ ᮔ᮪ ᮏᮀ <sp> ᮍ ᮔ᮪ <sp> ᮅ ᮊᮥᮁ <sp> ᮑᮨ ᮘᮥ ᮒ᮪ <sp> ᮞᮥ ᮊᮥᮁ <sp> ᮏᮩᮀ <sp> ᮃ ᮜ᮪ ᮠ ᮙ᮪ ᮓᮥ ᮜᮤ ᮜᮣᮂ <sp> ᮘ ᮛᮤ <sp> ᮔᮨ ᮕ ᮊ ᮔ᮪ <sp> ᮕᮤᮀ ᮕᮤᮀ,78,"Awahing ku bungah, Juragan Lurah, nepi ka teu tiasa- eun sasauran panjang-panjang, ngan ukur nyebut ,""Sukur jeung alhamdulillah,"" bari nepakan pingping.",gedepangrango
budak_teuneung_fonts/bt_0489_gedepangrango.png,budak_teuneung_samsoedi_1930.pdf,ᮃ ᮚᮩ ᮔ <sp> ᮊᮥ <sp> ᮞ ᮘ ᮘ᮪ <sp> ᮕᮧ ᮠ ᮛ <sp> ᮘᮥ ᮍᮂ ᮔ <sp> ᮓᮦ ᮝᮦ ᮊ᮪ <sp> ᮛᮦ ᮊ᮪ <sp> ᮙᮨ ᮛᮨ <sp> ᮞᮦ ᮔ᮪ ᮊᮩ ᮔ᮪ <sp> ᮓᮥ ᮄ ᮒ᮪ <sp> ᮊ <sp> ᮞᮤ ᮜ ᮄᮀ <sp> ᮞ ᮜ ᮝᮦ <sp> ᮕᮦ ᮛ ᮊ᮪ <sp> ᮏᮩᮀ <sp> ᮓᮥ ᮄ ᮒ᮪ <sp> ᮜ ᮓᮀ <sp> ᮙᮥ ᮔ᮪ ᮓᮤᮀ <sp> ᮔᮥ <sp> ᮘᮩ ᮔᮀ <sp> ᮍ ᮛ ᮙ᮪ ᮕ ᮞ᮪ <sp> ᮒᮤ <sp> ᮘᮀ ᮞ ᮒ᮪ <sp> ᮒᮦ ᮃ <sp> ᮊᮧ ᮕ᮪ <sp> ᮘ ᮆ <sp> ᮏᮀ <sp> ᮞᮤ ᮜ ᮄᮀ <sp> ᮓᮦ ᮝᮦ ᮊ᮪ <sp> ᮙᮦ ᮛᮦ <sp> ᮙᮥ ᮒᮣ ᮊ᮪ <sp> ᮒ ᮓᮤ ᮔ <sp> ᮙᮂ <sp> ᮞᮤ <sp> ᮝᮁ ᮏᮤ <sp> ᮒᮩ <sp> ᮛᮦ ᮊ᮪ <sp> ᮔ ᮛᮤ ᮙ <sp> ᮊ ᮔ <sp> ᮓᮥ ᮄ ᮒ᮪ <sp> ᮕᮨ ᮛᮨ ᮞᮦ ᮔ᮪ <sp> ᮒᮦᮂ <sp> ᮒ ᮕᮤ <sp> ᮊᮥ <sp> ᮞ ᮘ ᮘ᮪ <sp> ᮓᮤ ᮊᮩ ᮊᮩ ᮠ ᮔ᮪ <sp> ᮑ <sp> ᮒᮩ <sp> ᮘᮥ ᮛᮥᮀ <sp> ᮓᮤ ᮒ ᮛᮤ ᮙ,167,"""Ayeuna ku sabab pohara bungahna, déwék rék mere- sénkeun duit ka silaing, Salawé pérak, jeung duit ladang munding nu beunang ngarampas ti bangsat téa, kop baé jang silaing; déwék méré mutlak."" Tadina mah Si Warji teu rék narima kana duit peresén téh, tapi ku sabab dikeukeuhan, nya teu burung ditarima.",gedepangrango
budak_teuneung_fonts/bt_0490_gedepangrango.png,budak_teuneung_samsoedi_1930.pdf,ᮍ ᮔ᮪ <sp> ᮠ ᮛᮤ ᮒ <sp> ᮊᮦ ᮔᮦᮂ <sp> ᮇ ᮌᮦ <sp> ᮓᮥ ᮄ ᮒ᮪ ᮔ <sp> ᮒᮨ ᮛᮥ ᮞ᮪ <sp> ᮓᮤ ᮘᮤ ᮊᮩ ᮔ᮪ <sp> ᮊ <sp> ᮄ ᮔ᮪ ᮓᮥᮀ,32,Ngan harita kénéh ogé duitna terus dibikeun ka indung-,gedepangrango
